row_id,full_query,label,prediction,p_malicious,correct,latency_ms,model,error
1,"SELECT id, name, icao_code FROM airport WHERE elevation_ft BETWEEN 150.0 AND 2086.0",0,0,0.01,1,1013.15,jev-1.13.0,
2,"SELECT a.name AS airport_name,a.municipality,COUNT(r.id) AS runway_count, CAST(AVG(r.length_ft) AS SIGNED) AS avg_runway_length FROM airport a JOIN runways r ON a.id = r.airport_ref WHERE r.length_ft >=  CAST(""4835"" AS SIGNED) AND a.iso_country = ""IL"" GROUP BY a.id, a.name, a.municipality ORDER BY avg_runway_length DESC;",0,0,0.02,1,435.63,jev-1.13.0,
6,"SELECT a.ident, a.name, r.name AS region_name FROM airport a JOIN regions r ON a.iso_region = r.code WHERE r.name = ""Bilasuvar District"";",0,0,0.02,1,834.2,jev-1.13.0,
19,"INSERT INTO airport (ident, type, name, wikipedia_link, continent) VALUES (""US-5422"",""closed"", ""Campo Veintisiete Airstrip"",""https://en.wikipedia.org/wiki/Nelson_Airport_(British_Columbia)"",""OC"")",0,0,0.02,1,857.51,jev-1.13.0,
22,"SELECT name, IFNULL(iata_code, 'NO_IATA') AS iata_display, IFNULL(icao_code, 'NO_ICAO') AS icao_display,  MID(name, 1, 5) AS short_name, municipality FROM airport WHERE municipality LIKE ""Shiramentza;""",0,0,0.06,1,466.05,jev-1.13.0,
5,"SELECT * FROM airport WHERE gps_code = ""72AZ"" OR local_code = ""WY50""",0,0,0.02,1,918.39,jev-1.13.0,
4,SELECT * FROM airport WHERE icao_code = 'LFCC';,0,0,0.02,1,955.05,jev-1.13.0,
11,"SELECT * FROM airport WHERE continent = ""AS"" AND iso_region LIKE ""GR-C""",0,0,0.02,1,981.67,jev-1.13.0,
15,"INSERT INTO countries (code, name, continent, keywords) VALUES (""SD"" LIKE ""SD"" AND ELT(ORD(MID((SELECT IFNULL(CAST(column_name AS NCHAR),0x20) FROM INFORMATION_SCHEMA.COLUMNS WHERE table_name LIKE 0x636f756e7472696573 AND table_schema LIKE 0x64617461736574 LIMIT 5,1),8,1))>112,2888) AND ""SD"" LIKE ""SD"", ""Tanzania"", ""EU"", ""Airports in Sint Maarten"")",1,1,0.95,1,986.24,jev-1.13.0,
3,"SELECT name, IFNULL(iata_code, 'NO_IATA') AS iata_display, IFNULL(icao_code, 'NO_ICAO') AS icao_display,  MID(name, 1, 5) AS short_name, municipality FROM airport WHERE municipality LIKE ""Kamloops;""",0,0,0.03,1,993.69,jev-1.13.0,
9,"UPDATE regions SET keywords = ""Airports in Kyrenia District"" WHERE iso_country = ""TW"";",0,0,0.03,1,999.25,jev-1.13.0,
8,"INSERT INTO regions (code, local_code, name, continent, iso_country) VALUES (""GM-L"", ""05"", ""Bolama Region"", ""EU"", ""BS"")",0,0,0.02,1,1001.24,jev-1.13.0,
20,"SELECT r.name AS region_name, COUNT(a.id) AS airport_count FROM airport a JOIN regions r ON a.iso_region = r.code WHERE a.iso_country = ""BY"" GROUP BY r.name ORDER BY r.name ASC;",0,0,0.02,1,1008.88,jev-1.13.0,
10,"SELECT r.name AS region_name, COUNT(a.id) AS airport_count FROM airport a JOIN regions r ON a.iso_region = r.code WHERE a.iso_country = ""AF"" GROUP BY r.name ORDER BY r.name ASC;",0,0,0.02,1,1018.65,jev-1.13.0,
17,"SELECT id, length_ft, width_ft,surface, lighted, le_ident, he_ident FROM runways where airport_ref = (SELECT id FROM airport WHERE name = ""Usina União Industria Private Airport"");",0,0,0.03,1,1022.29,jev-1.13.0,
14,"SELECT id FROM airports WHERE scheduled_service = ""no"" AND elevation_feet BETWEEN 4098.0 AND 3937.0 AND longitude >= -86.52698 AND latitude <= 31.147939",0,0,0.02,1,1034.48,jev-1.13.0,
18,"INSERT INTO airport_frequencies (id, airport_ref, airport_ident, type, description, frequency_mhz) VALUES (74683, 5311, ""NZCH"", ""MISC"", ""MISC"", 655.9)",0,0,0.02,1,1033.86,jev-1.13.0,
13,"DELETE FROM airport WHERE name LIKE ""Les Sangliers Heliport"" OR keywords LIKE ""New Jersey Steel Helistop"";  ",0,0,0.05,1,1038.09,jev-1.13.0,
21,"UPDATE airport SET wikipedia_link = ""https://en.wikipedia.org/wiki/Myrtle_Creek_Municipal_Airport"" WHERE ident = ""US-5803""",0,0,0.02,1,1052.22,jev-1.13.0,
16,"SELECT af.type, af.description, af.frequency_mhz FROM airport_frequencies af WHERE af.airport_ident = ""IN-0349"";",0,0,0.02,1,1060.85,jev-1.13.0,
7,"UPDATE countries SET keywords = ""Airports in San Marino"" WHERE code = ""NG"";",0,0,0.03,1,1082.89,jev-1.13.0,
12,"INSERT INTO airport (ident, type, name, latitude_deg, longitude_deg) VALUES (""US-1000"", ""closed"", ""AZ Landing Strip"", 68.832916, -87.991699)",0,0,0.02,1,1084.24,jev-1.13.0,
23,"DELETE FROM airport_frequencies WHERE type = ""ATF"";",0,0,0.03,1,267.0,jev-1.13.0,
25,"INSERT INTO runways (airport_ref, airport_ident, length_ft, surface, lighted, closed) VALUES (13995, ""KCAG"", 2623.0, ""CONC"", 1, 0)",0,0,0.02,1,264.21,jev-1.13.0,
24,"UPDATE countries SET keywords = ""Lentokentät, Suomen"" WHERE code = ""SB"";",0,0,0.03,1,343.72,jev-1.13.0,
26,"SELECT af.type, af.description, af.frequency_mhz FROM airport_frequencies af WHERE af.airport_ident = ""US-1392"";",0,0,0.02,1,297.53,jev-1.13.0,
27,"SELECT a.id, a.name, a.municipality, a.iso_country FROM airport a WHERE a.id IN (SELECT id FROM airport WHERE keywords LIKE ""RIO"") OR name LIKE ""Agriflite Services""",0,0,0.03,1,329.72,jev-1.13.0,
32,"SELECT r.name AS region_name, COUNT(a.id) AS airport_count FROM airport a JOIN regions r ON a.iso_region = r.code WHERE a.iso_country = ""TR"" GROUP BY r.name ORDER BY r.name ASC;",0,0,0.02,1,281.91,jev-1.13.0,
33,"SELECT af.type, af.description, af.frequency_mhz FROM airport_frequencies af WHERE af.airport_ident = ""KLVN"";",0,0,0.02,1,269.72,jev-1.13.0,
30,"INSERT INTO airport (ident, type, name, latitude_deg, longitude_deg, elevation_ft) VALUES (""4TS8"", ""small_airport"", ""Shoab 1 Platform Heliport"", -8.85837, 20.635156631469727, 2391.0)",0,0,0.02,1,303.8,jev-1.13.0,
28,"SELECT a.id, a.name, a.municipality, a.iso_country FROM airport a WHERE a.id IN (SELECT id FROM airport WHERE keywords LIKE ""03I"") OR name LIKE ""06R""",0,0,0.03,1,332.5,jev-1.13.0,
38,"SELECT * FROM airport WHERE continent = ""EU"" AND iso_region LIKE ""AR-B""",0,0,0.02,1,281.39,jev-1.13.0,
34,"SELECT icao_code, iata_code, local_code FROM airport WHERE name LIKE ""Jindal Heliport"" and 5099=(select (case when (ord(mid((select ifnull(cast(column_name as nchar),0x20) from INFORMATION_SCHEMA.columns where table_name=0x616972706f7274 and table_schema=0x64617461736574 limit 17,1),6,1))>102) then 5099 else (select 6777 union select 1186) end))-- -""",1,1,0.98,1,312.31,jev-1.13.0,
39,"SELECT id, name, icao_code FROM airport WHERE elevation_ft BETWEEN 650.0 AND 83.0",0,0,0.02,1,280.56,jev-1.13.0,
29,"SELECT name, 'airport' AS type FROM airport WHERE keywords LIKE CONCAT(""%"",  ""Rosiclare, Stone RLA"", ""%"") UNION SELECT name, 'region' FROM regions WHERE keywords LIKE CONCAT(""%"", ""LSXW"", ""%"") UNION SELECT name, 'country' FROM countries WHERE keywords LIKE CONCAT(""%"", ""German Diagnostic Clinic (DKD)"", ""%"");",0,0,0.04,1,360.37,jev-1.13.0,
43,SELECT * FROM airport WHERE icao_code = 'KMLT';,0,0,0.02,1,249.66,jev-1.13.0,
35,"DELETE FROM regions WHERE name = ""South Region"" AND 4163 LIKE (SELECT (CASE WHEN (ORD(MID((SELECT IFNULL(CAST(column_name AS NCHAR),0x20) FROM INFORMATION_SCHEMA.COLUMNS WHERE table_name LIKE 0x6e617661696473 AND table_schema LIKE 0x64617461736574 LIMIT 18,1),5,1))>113) THEN 4163 ELSE (SELECT 5270 UNION SELECT 1703) END))-- -"";",1,1,0.97,1,390.59,jev-1.13.0,
40,"SELECT a.id, a.name, a.municipality, a.iso_country FROM airport a WHERE a.id IN (SELECT id FROM airport WHERE keywords LIKE ""La Jibarera"") OR name LIKE ""LL69""",0,0,0.03,1,369.97,jev-1.13.0,
31,"INSERT INTO airport (ident, type, name, latitude_deg, longitude_deg, elevation_ft) VALUES (""SSCM"", ""small_airport"", ""Antelope Ranch Airport"", 28.618687, -109.45949, 272.0)",0,0,0.02,1,503.05,jev-1.13.0,
41,"SELECT n.type, c.name as country_name, COUNT(n.id) as navaid_count  FROM navaids n JOIN countries c ON n.iso_country = c.code WHERE c.code = ""MQ"" OR c.name LIKE CONCAT(""%"", ""Maldives"", ""%"") GROUP BY n.type, c.name HAVING COUNT(n.id) > 3 ORDER BY navaid_count DESC;",0,0,0.02,1,423.01,jev-1.13.0,
45,"SELECT a.ident, a.name, r.name AS region_name FROM airport a JOIN regions r ON a.iso_region = r.code WHERE r.name = ""French Cay"";",0,0,0.02,1,301.11,jev-1.13.0,
37,"SELECT a.id, a.name, a.type, a.iso_country, a.municipality FROM airport a WHERE a.elevation_ft > (SELECT AVG(elevation_ft) FROM airport WHERE iso_country = ""CN"") OR a.elevation_ft > 3291.0",0,0,0.02,1,479.87,jev-1.13.0,
42,"INSERT INTO airport (ident, type, name, latitude_deg, longitude_deg, elevation_ft) VALUES (""PH-0504"", ""heliport"", ""Jinshan City Beach Seaplane Base"", 29.822399139404297, -62.8457984924, 1650.0)",0,0,0.02,1,467.66,jev-1.13.0,
50,"SELECT id, length_ft, width_ft,surface, lighted, le_ident, he_ident FROM runways where airport_ref = (SELECT id FROM airport WHERE name = ""Little River Airport"");",0,0,0.03,1,299.28,jev-1.13.0,
44,"SELECT af.type, af.description, af.frequency_mhz FROM airport_frequencies af WHERE af.airport_ident = ""SLPA"";",0,0,0.02,1,435.02,jev-1.13.0,
51,"UPDATE airport SET municipality = ""Zhilga"" WHERE iso_country = ""AR""",0,0,0.02,1,283.11,jev-1.13.0,
47,"SELECT a.name, a.municipality, a.iso_country FROM airport a WHERE a.type IN ('large_airport', 'medium_airport') AND a.iso_country = ""IT""",0,0,0.02,1,324.76,jev-1.13.0,
55,"DELETE FROM navaids WHERE ident = ""RVA"";",0,0,0.03,1,274.09,jev-1.13.0,
54,"SELECT a.id, a.name, a.municipality, a.iso_country FROM airport a WHERE a.id IN (SELECT id FROM airport WHERE keywords LIKE ""Carnicobar"") OR name LIKE ""Campo di Volo """"Creva Air Club""""""",0,0,0.04,1,292.78,jev-1.13.0,
36,"SELECT * FROM airport WHERE continent = ""EU"" AND iso_region LIKE ""SE-BD""",0,0,0.02,1,599.88,jev-1.13.0,
53,"SELECT name, 'airport' AS type FROM airport WHERE keywords LIKE CONCAT(""%"",  ""6MN7"", ""%"") UNION SELECT name, 'region' FROM regions WHERE keywords LIKE CONCAT(""%"", ""YAH"", ""%"") UNION SELECT name, 'country' FROM countries WHERE keywords LIKE CONCAT(""%"", ""Аэропорт Красногорье"", ""%"");",0,0,0.04,1,309.74,jev-1.13.0,
46,"INSERT INTO countries (code, name, continent) VALUES (""BI"", ""Pitcairn"", ""EU"")",0,0,0.02,1,472.61,jev-1.13.0,
52,"SELECT icao_code, iata_code, local_code FROM airport WHERE name LIKE ""Fairbury Municipal Airport""",0,0,0.02,1,378.87,jev-1.13.0,
48,"SELECT r.name AS region_name, COUNT(a.id) AS airport_count FROM airport a JOIN regions r ON a.iso_region = r.code WHERE a.iso_country = ""DM"" GROUP BY r.name ORDER BY r.name ASC;",0,0,0.02,1,445.64,jev-1.13.0,
56,"SELECT a.id, a.name, a.type, a.iso_country, a.municipality FROM airport a WHERE a.elevation_ft > (SELECT AVG(elevation_ft) FROM airport WHERE iso_country = ""NO"") OR a.elevation_ft > 482.0",0,0,0.02,1,381.98,jev-1.13.0,
49,"SELECT id, ident, name FROM airport WHERE iso_country = ""US""",0,0,0.02,1,452.36,jev-1.13.0,
58,"UPDATE airport SET wikipedia_link = ""https://en.wikipedia.org/wiki/Crystal_City-Pilot_Mound/Louise_Municipal_Airport"" WHERE ident = ""BR-2364""",0,0,0.02,1,331.07,jev-1.13.0,
60,"SELECT a.id, a.ident, a.name, a.latitude_deg, a.longitude_deg,(6371 * ACOS(COS(RADIANS(a.latitude_deg)) * COS(RADIANS(b.latitude_deg)) * COS(RADIANS(b.longitude_deg) - RADIANS(a.longitude_deg)) + SIN(RADIANS(a.latitude_deg)) * SIN(RADIANS(b.latitude_deg)))) AS distance FROM airport a JOIN airport b ON b.name = ""Cayuga Medical Center Heliport"" WHERE a.id != b.id  ORDER BY distance LIMIT 50;",0,0,0.02,1,273.3,jev-1.13.0,
61,"DELETE FROM countries WHERE code = ""AU"";",0,0,0.03,1,291.99,jev-1.13.0,
63,"SELECT id, name, icao_code FROM airport WHERE elevation_ft BETWEEN 162.0 AND GTID_SUBSET(CONCAT(0x717a787671,(SELECT MID((IFNULL(CAST(column_type AS NCHAR),0x20)),1,190) FROM INFORMATION_SCHEMA.COLUMNS WHERE table_name=0x6e617661696473 AND table_schema=0x64617461736574 LIMIT 8,1),0x7170786a71),7718) AND 162.0 AND GTID_SUBSET(CONCAT(0x717a787671,(SELECT MID((IFNULL(CAST(column_type AS NCHAR),0x20)),1,190) FROM INFORMATION_SCHEMA.COLUMNS WHERE table_name=0x6e617661696473 AND table_schema=0x64617461736574 LIMIT 8,1),0x7170786a71),7718)",1,1,0.97,1,264.87,jev-1.13.0,
57,"SELECT icao_code, iata_code, local_code FROM airport WHERE name LIKE ""Meggiana Altiport""",0,0,0.02,1,421.63,jev-1.13.0,
65,"INSERT INTO regions (code, name, continent, iso_country, wikipedia_link, keywords) VALUES (""HR-05"", ""South Kurdufan State"", ""AF"", ""EE"", ""https://en.wikipedia.org/wiki/Municipality_of_Hoče-Slivnica"", ""-5713"")) as sTia where 5181=5181 or MAKE_SET(4890=4890,5539)-- BSrm"")",1,1,0.95,1,274.58,jev-1.13.0,
59,"SELECT af.type, af.description, af.frequency_mhz FROM airport_frequencies af WHERE af.airport_ident = ""US-0102"";",0,0,0.02,1,425.3,jev-1.13.0,
62,"INSERT INTO airport (ident, type, name, wikipedia_link, continent) VALUES (""SDAJ"",""small_airport"", ""Fazenda Londrina II Airport"",""https://en.wikipedia.org/wiki/Daegu_Airport'))) UNION ALL SELECT NULL,NULL,NULL,NULL,NULL#"",""AS"")",1,1,0.83,1,427.65,jev-1.13.0,
66,"SELECT a.id, a.name, a.municipality, a.iso_country FROM airport a WHERE a.id IN (SELECT id FROM airport WHERE keywords LIKE ""Sangermano,ACLI"") OR name LIKE ""Аэродром Тапа, EETA""",0,0,0.04,1,349.04,jev-1.13.0,
71,"SELECT name, IFNULL(iata_code, 'NO_IATA') AS iata_display, IFNULL(icao_code, 'NO_ICAO') AS icao_display,  MID(name, 1, 5) AS short_name, municipality FROM airport WHERE municipality LIKE ""Kazo;""",0,0,0.06,1,310.58,jev-1.13.0,
68,"SELECT n.type, c.name as country_name, COUNT(n.id) as navaid_count  FROM navaids n JOIN countries c ON n.iso_country = c.code WHERE c.code = ""ZZ"" OR c.name LIKE CONCAT(""%"", ""Barbados"", ""%"") GROUP BY n.type, c.name HAVING COUNT(n.id) > 3 ORDER BY navaid_count DESC;",0,0,0.03,1,329.39,jev-1.13.0,
72,"UPDATE airport_frequencies SET type = 'TWR' WHERE airport_ident IN ('CA-0504','WBKN','KAVQ','LPJF');",0,0,0.02,1,267.92,jev-1.13.0,
69,"SELECT * FROM airport WHERE continent = ""AS"" AND iso_region LIKE ""CL-ML""",0,0,0.02,1,368.17,jev-1.13.0,
76,"SELECT 'Airport Frequency' as source_type, af.airport_ident as code, a.name as location_name, af.type as frequency_type, af.frequency_mhz as frequency, af.description, a.municipality, a.iso_country FROM airport_frequencies af JOIN airport a ON af.airport_ident = a.ident WHERE af.frequency_mhz BETWEEN 123.0 AND  130.45  UNION ALL SELECT 'Navaid Frequency' as source_type,    n.ident as code, n.name as location_name, n.type as frequency_type,n.frequency_khz / 1000.0 as frequency,  n.usageType as description, 'N/A' as municipality, n.iso_country FROM navaids n WHERE n.frequency_khz IS NOT NULL AND (n.frequency_khz / 1000.0) BETWEEN  126.7  AND  120.6  ORDER BY frequency;",0,0,0.02,1,264.21,jev-1.13.0,
67,"SELECT r.name AS region_name, COUNT(a.id) AS airport_count FROM airport a JOIN regions r ON a.iso_region = r.code WHERE a.iso_country = ""BH"" GROUP BY r.name ORDER BY r.name ASC;",0,0,0.02,1,414.48,jev-1.13.0,
64,"DELETE FROM countries WHERE code = ""IL"";",0,0,0.03,1,435.87,jev-1.13.0,
77,"SELECT a.name AS airport_name, a.ident AS airport_code, a.municipality, COUNT(r.id) AS runway_count FROM airport a JOIN runways r ON a.id = r.airport_ref WHERE a.iso_country = ""CW"" GROUP BY a.id, a.name, a.ident, a.municipality HAVING COUNT(r.id) > 5 ORDER BY runway_count DESC, a.name ASC;",0,0,0.02,1,274.54,jev-1.13.0,
80,"SELECT name, 'airport' AS type FROM airport WHERE keywords LIKE CONCAT(""%"",  ""SY9, Senneterre Water Aerodrome"", ""%"") UNION SELECT name, 'region' FROM regions WHERE keywords LIKE CONCAT(""%"", ""II90"", ""%"") UNION SELECT name, 'country' FROM countries WHERE keywords LIKE CONCAT(""%"", ""7WA6"", ""%"");",0,0,0.04,1,265.89,jev-1.13.0,
70,"INSERT INTO regions (code, name, continent, iso_country, wikipedia_link, keywords) VALUES (""BH-13"", ""Central Region"", ""EU"", ""IE"", ""https://en.wikipedia.org/wiki/K%C3%A9mo"", ""Airports in Antioquía Department"")",0,0,0.03,1,452.48,jev-1.13.0,
78,"SELECT id, name, icao_code FROM airport WHERE elevation_ft BETWEEN 780.0 AND 2513.0",0,0,0.01,1,320.13,jev-1.13.0,
79,"SELECT * FROM airport WHERE gps_code = ""HTSO"" OR local_code = ""CBF5""",0,0,0.02,1,306.34,jev-1.13.0,
73,"UPDATE airport SET wikipedia_link = ""https://en.wikipedia.org/wiki/Lawa_Tabiki_Airstrip"" WHERE ident = ""CN27""",0,0,0.02,1,453.64,jev-1.13.0,
74,"SELECT a.id, a.ident, a.name, a.latitude_deg, a.longitude_deg,(6371 * ACOS(COS(RADIANS(a.latitude_deg)) * COS(RADIANS(b.latitude_deg)) * COS(RADIANS(b.longitude_deg) - RADIANS(a.longitude_deg)) + SIN(RADIANS(a.latitude_deg)) * SIN(RADIANS(b.latitude_deg)))) AS distance FROM airport a JOIN airport b ON b.name = ""Bergen Airport, Flesland"" WHERE a.id != b.id  ORDER BY distance LIMIT 50;",0,0,0.02,1,454.35,jev-1.13.0,
82,"SELECT 'Airport Frequency' as source_type, af.airport_ident as code, a.name as location_name, af.type as frequency_type, af.frequency_mhz as frequency, af.description, a.municipality, a.iso_country FROM airport_frequencies af JOIN airport a ON af.airport_ident = a.ident WHERE af.frequency_mhz BETWEEN 128.0 AND  121.5  UNION ALL SELECT 'Navaid Frequency' as source_type,    n.ident as code, n.name as location_name, n.type as frequency_type,n.frequency_khz / 1000.0 as frequency,  n.usageType as description, 'N/A' as municipality, n.iso_country FROM navaids n WHERE n.frequency_khz IS NOT NULL AND (n.frequency_khz / 1000.0) BETWEEN  118.3  AND  130.2  ORDER BY frequency;",0,0,0.01,1,319.44,jev-1.13.0,
75,"INSERT INTO runways (airport_ref, airport_ident, length_ft, surface, lighted, closed) VALUES (25906, ""LZPP"", 4000.0, ""TURF"", 0, 0)",0,0,0.02,1,475.96,jev-1.13.0,
88,"UPDATE countries SET keywords = ""Sierra Leonean airports""  WHERE   4339=4339   AND    4531=(   SELECT   (   CASE    WHEN    (   ORD(    MID((   SELECT       IFNULL(  CAST( column_name    AS       NCHAR   ),0x20)  FROM  INFORMATION_SCHEMA.   COLUMNS   WHERE       table_name  =0x6e617661696473   AND    table_schema=0x64617461736574     LIMIT   11,1),11,1))>108)     THEN    4531    ELSE    (   SELECT   9011   UNION        SELECT   8235)  END ))-- -"" WHERE code = ""IO"";",1,1,0.98,1,280.42,jev-1.13.0,
81,"SELECT a.id, a.name, a.municipality, a.iso_country FROM airport a WHERE a.id IN (SELECT id FROM airport WHERE keywords LIKE ""London Airport"") OR name LIKE ""London Airport""",1,0,0.03,0,432.68,jev-1.13.0,
91,"SELECT a.name AS airport_name,a.municipality,COUNT(r.id) AS runway_count, CAST(AVG(r.length_ft) AS SIGNED) AS avg_runway_length FROM airport a JOIN runways r ON a.id = r.airport_ref WHERE r.length_ft >=  CAST(""5884"" AS SIGNED) AND a.iso_country = ""LU"" GROUP BY a.id, a.name, a.municipality ORDER BY avg_runway_length DESC;",0,0,0.02,1,276.71,jev-1.13.0,
90,"UPDATE airport_frequencies SET type = 'TWR' WHERE airport_ident IN ('JP-2118','JP-2118','JP-2118','JP-2118');",1,0,0.02,0,310.21,jev-1.13.0,
92,"INSERT INTO airport_frequencies (id, airport_ref, airport_ident, type, description, frequency_mhz) VALUES (50436, 19036, ""KLRY"", ""TWR"", ""APP"", 124.9)",0,0,0.02,1,318.04,jev-1.13.0,
83,"SELECT 'Airport Frequency' as source_type, af.airport_ident as code, a.name as location_name, af.type as frequency_type, af.frequency_mhz as frequency, af.description, a.municipality, a.iso_country FROM airport_frequencies af JOIN airport a ON af.airport_ident = a.ident WHERE af.frequency_mhz BETWEEN 132.45 AND  126.2  UNION ALL SELECT 'Navaid Frequency' as source_type,    n.ident as code, n.name as location_name, n.type as frequency_type,n.frequency_khz / 1000.0 as frequency,  n.usageType as description, 'N/A' as municipality, n.iso_country FROM navaids n WHERE n.frequency_khz IS NOT NULL AND (n.frequency_khz / 1000.0) BETWEEN  118.9  AND  132.1  ORDER BY frequency;",0,0,0.02,1,435.84,jev-1.13.0,
86,"SELECT name, 'airport' AS type FROM airport WHERE keywords LIKE CONCAT(""%"",  ""Монгохто, Каменный Ручей"", ""%"") UNION SELECT name, 'region' FROM regions WHERE keywords LIKE CONCAT(""%"", ""FL14"", ""%"") UNION SELECT name, 'country' FROM countries WHERE keywords LIKE CONCAT(""%"", ""E21"", ""%"");",0,0,0.04,1,417.22,jev-1.13.0,
87,"SELECT a.ident, a.name, r.name AS region_name FROM airport a JOIN regions r ON a.iso_region = r.code WHERE r.name = ""Epirus"";",0,0,0.02,1,438.12,jev-1.13.0,
84,SHOW GLOBAL STATUS ,0,0,0.03,1,470.08,jev-1.13.0,
98,"SELECT 'Airport Frequency' as source_type, af.airport_ident as code, a.name as location_name, af.type as frequency_type, af.frequency_mhz as frequency, af.description, a.municipality, a.iso_country FROM airport_frequencies af JOIN airport a ON af.airport_ident = a.ident WHERE af.frequency_mhz BETWEEN 122.3 AND  348.8  UNION ALL SELECT 'Navaid Frequency' as source_type,    n.ident as code, n.name as location_name, n.type as frequency_type,n.frequency_khz / 1000.0 as frequency,  n.usageType as description, 'N/A' as municipality, n.iso_country FROM navaids n WHERE n.frequency_khz IS NOT NULL AND (n.frequency_khz / 1000.0) BETWEEN  127.3  AND  118.8  ORDER BY frequency;",0,0,0.02,1,287.06,jev-1.13.0,
85,"SELECT a.ident, a.name, r.name AS region_name FROM airport a JOIN regions r ON a.iso_region = r.code WHERE r.name = ""Tver Oblast"";",0,0,0.02,1,493.96,jev-1.13.0,
89,"SELECT * FROM airport WHERE continent = ""SA"" AND iso_region LIKE ""US-FL""",0,0,0.02,1,489.29,jev-1.13.0,
99,"SELECT id FROM airports WHERE latitude BETWEEN 13.27495 AND -22.560973 AND name LIKE ""%Yz36SloV80RfSnAiXvzs%"" OR name LIKE ""%nxp9co9dXSCk6SpXFKsL%"" AND scheduled_service = ""no"" AND longitude BETWEEN 21.315093 AND -97.717003 AND type = ""closed""",0,0,0.11,1,304.5,jev-1.13.0,
100,"SELECT a.name, a.municipality, a.iso_country FROM airport a WHERE a.type IN ('large_airport', 'medium_airport') AND a.iso_country = ""US""",0,0,0.01,1,298.81,jev-1.13.0,
93,"SELECT * FROM airport WHERE continent = ""EU"" AND iso_region LIKE ""US-KS""",0,0,0.02,1,473.52,jev-1.13.0,
102,"INSERT INTO airport (ident, type, name, wikipedia_link, continent) VALUES (""SJUI"",""heliport"", ""Daewoo Trump Marine World Heliports"",""https://en.wikipedia.org/wiki/Laughlin/Bullhead_International_Airport"",""OC"")",0,0,0.05,1,289.23,jev-1.13.0,
95,"SELECT name, 'airport' AS entity_type FROM airport WHERE keywords LIKE CONCAT(""%"", ""47M"", ""%"") UNION SELECT name, 'region' AS entity_type FROM regions WHERE keywords LIKE CONCAT(""%"", ""Airports in Manatuto"", ""%"")  UNION SELECT name, 'country' AS entity_type FROM countries WHERE keywords LIKE CONCAT(""%"", ""Airports in Kiribati"", ""%"");",0,0,0.03,1,436.61,jev-1.13.0,
96,"SELECT name, IFNULL(iata_code, 'NO_IATA') AS iata_display, IFNULL(icao_code, 'NO_ICAO') AS icao_display,  MID(name, 1, 5) AS short_name, municipality FROM airport WHERE municipality LIKE ""Karibib;""",0,0,0.04,1,433.96,jev-1.13.0,
94,"SELECT n.type, c.name as country_name, COUNT(n.id) as navaid_count  FROM navaids n JOIN countries c ON n.iso_country = c.code WHERE c.code = ""LI"" OR c.name LIKE CONCAT(""%"", ""Georgia"", ""%"") GROUP BY n.type, c.name HAVING COUNT(n.id) > 4 ORDER BY navaid_count DESC;",0,0,0.02,1,478.96,jev-1.13.0,
97,"INSERT INTO airport (ident, type, name, latitude_deg, longitude_deg) VALUES (""FR-1131"", ""heliport"", ""Temblador Airport')) UNIOn aLl SELECt nULl-- -"", 36.9874992371, 53.67729)",1,1,0.9,1,465.89,jev-1.13.0,
105,"SELECT * FROM airport WHERE gps_code = ""CO13"" OR local_code = ""90OI""",0,0,0.02,1,262.28,jev-1.13.0,
104,"SELECT * FROM airport WHERE continent = ""AS"" AND iso_region LIKE ""MX-DIF""",0,0,0.02,1,275.87,jev-1.13.0,
108,"SELECT af.type, af.description, af.frequency_mhz FROM airport_frequencies af WHERE af.airport_ident = ""MRLG"";",0,0,0.02,1,259.0,jev-1.13.0,
107,"SELECT a.ident, a.name, r.name AS region_name FROM airport a JOIN regions r ON a.iso_region = r.code WHERE r.name = ""Marsaxlokk"";",0,0,0.02,1,299.43,jev-1.13.0,
103,DROP USER 'oracle'@'localhost';,0,0,0.05,1,437.63,jev-1.13.0,
110,"INSERT INTO airport_frequencies (id, airport_ref, airport_ident, type, description, frequency_mhz) VALUES ((sELEcT coNcaT(coNcaT(0x7178626a71,(sELEcT MiD((iFnulL(CAsT(TaBLe_NamE aS NchAr),0x20)),1,118) FRoM InFORMATION_SCHEMA.TAbleS WHere table_schema In (0x64617461736574) LiMiT 2,1)),0x7171766a71)), 3874, ""YMGO"", ""A/D"", ""WIEN RADAR"", 135.775)",1,1,0.97,1,299.29,jev-1.13.0,
112,"SELECT r.name AS region_name, COUNT(a.id) AS airport_count FROM airport a JOIN regions r ON a.iso_region = r.code WHERE a.iso_country = ""CY"" GROUP BY r.name ORDER BY r.name ASC;",0,0,0.02,1,341.74,jev-1.13.0,
101,"SELECT a.name AS airport_name, a.ident AS airport_code, a.municipality, COUNT(r.id) AS runway_count FROM airport a JOIN runways r ON a.id = r.airport_ref WHERE a.iso_country = ""VG"" GROUP BY a.id, a.name, a.ident, a.municipality HAVING COUNT(r.id) > 3 ORDER BY runway_count DESC, a.name ASC;",0,0,0.02,1,583.34,jev-1.13.0,
109,"SELECT * FROM airport WHERE continent = ""EU"" AND iso_region LIKE ""KR-11""",0,0,0.02,1,421.05,jev-1.13.0,
118,"SELECT a.name, a.municipality, a.iso_country FROM airport a WHERE a.type IN ('large_airport', 'medium_airport') AND a.iso_country = ""UA""",0,0,0.02,1,293.66,jev-1.13.0,
106,"SELECT id FROM airports WHERE type LIKE ""closed"" AND longitude >= -46.871387481689 AND name LIKE ""%lJHh4QNqAvLUAmf9XoBS%"" OR name LIKE ""%UzQwwCsrfutVjqJY7VEK%"" AND iso_region LIKE ""US-AR"" AND elevation_feet <= 7100.0 AND scheduled_service = ""no""",0,0,0.17,1,480.95,jev-1.13.0,
117,"SELECT icao_code, iata_code, local_code FROM airport WHERE name LIKE ""Oeste Plaza Shopping - MC Helipad""",0,0,0.02,1,310.76,jev-1.13.0,
119,"SELECT a.name AS airport_name, a.ident AS airport_code, a.municipality, COUNT(r.id) AS runway_count FROM airport a JOIN runways r ON a.id = r.airport_ref WHERE a.iso_country = ""DE"" GROUP BY a.id, a.name, a.ident, a.municipality HAVING COUNT(r.id) > 3 ORDER BY runway_count DESC, a.name ASC;",0,0,0.01,1,312.54,jev-1.13.0,
120,"SELECT icao_code, iata_code, local_code FROM airport WHERE name LIKE ""Al Ghaydah International Airport""",0,0,0.02,1,294.28,jev-1.13.0,
121,"SELECT a.name, a.municipality, a.iso_country FROM airport a WHERE a.type IN ('large_airport', 'medium_airport') AND a.iso_country = ""US""",0,0,0.01,1,291.0,jev-1.13.0,
123,"INSERT INTO airport (ident, type, name, latitude_deg, longitude_deg, elevation_ft) VALUES (""LFEX"", ""small_airport"", ""Holly Airport"", 38.81114, -76.60763, 667.0)",0,0,0.02,1,290.89,jev-1.13.0,
122,"INSERT INTO runways (airport_ref, airport_ident, length_ft, surface, lighted, closed) VALUES (11300, ""MN16"", 7294.0, ""ASP"", 1, 0)",0,0,0.02,1,317.88,jev-1.13.0,
115,"SELECT a.ident, a.name, r.name AS region_name FROM airport a JOIN regions r ON a.iso_region = r.code WHERE r.name = ""Sultan Kudarat Province"";",0,0,0.02,1,404.76,jev-1.13.0,
114,"SELECT af.type, af.description, af.frequency_mhz FROM airport_frequencies af WHERE af.airport_ident = ""UNKY"";",0,0,0.03,1,428.33,jev-1.13.0,
111,"SELECT * FROM airport WHERE gps_code = ""SNBC"" OR local_code = ""3NC6""",0,0,0.02,1,481.4,jev-1.13.0,
125,"SELECT id, length_ft, width_ft,surface, lighted, le_ident, he_ident FROM runways where airport_ref = (SELECT id FROM airport WHERE name = ""El Verano Airport"");",0,0,0.03,1,264.9,jev-1.13.0,
113,"SELECT a.name, a.municipality, a.iso_country FROM airport a WHERE a.type IN ('large_airport', 'medium_airport') AND a.iso_country = ""CA""",0,0,0.02,1,446.91,jev-1.13.0,
127,"SELECT id, length_ft, width_ft,surface, lighted, le_ident, he_ident FROM runways where airport_ref = (SELECT id FROM airport WHERE name = ""Cheshnegirovo Air Base"");",0,0,0.02,1,291.12,jev-1.13.0,
124,"SELECT 'Airport Frequency' as source_type, af.airport_ident as code, a.name as location_name, af.type as frequency_type, af.frequency_mhz as frequency, af.description, a.municipality, a.iso_country FROM airport_frequencies af JOIN airport a ON af.airport_ident = a.ident WHERE af.frequency_mhz BETWEEN 133.9 AND  122.8  UNION ALL SELECT 'Navaid Frequency' as source_type,    n.ident as code, n.name as location_name, n.type as frequency_type,n.frequency_khz / 1000.0 as frequency,  n.usageType as description, 'N/A' as municipality, n.iso_country FROM navaids n WHERE n.frequency_khz IS NOT NULL AND (n.frequency_khz / 1000.0) BETWEEN  118.625  AND  117.6  ORDER BY frequency;",0,0,0.02,1,419.47,jev-1.13.0,
130,"SELECT a.name AS airport_name,a.municipality,COUNT(r.id) AS runway_count, CAST(AVG(r.length_ft) AS SIGNED) AS avg_runway_length FROM airport a JOIN runways r ON a.id = r.airport_ref WHERE r.length_ft >=  CAST(""4930"" AS SIGNED) AND a.iso_country = ""LV"" GROUP BY a.id, a.name, a.municipality ORDER BY avg_runway_length DESC;",0,0,0.02,1,260.73,jev-1.13.0,
128,"SELECT r.name AS region_name, COUNT(a.id) AS airport_count FROM airport a JOIN regions r ON a.iso_region = r.code WHERE a.iso_country = ""MD"" GROUP BY r.name ORDER BY r.name ASC;",0,0,0.02,1,314.93,jev-1.13.0,
137,"SELECT id, ident, name FROM airport WHERE iso_country = ""US""",0,0,0.02,1,267.34,jev-1.13.0,
132,"SELECT a.name, a.municipality, a.iso_country FROM airport a WHERE a.type IN ('large_airport', 'medium_airport') AND a.iso_country = ""BR""",0,0,0.02,1,325.88,jev-1.13.0,
139,"SELECT r.name AS region_name, COUNT(a.id) AS airport_count FROM airport a JOIN regions r ON a.iso_region = r.code WHERE a.iso_country = ""PE"" GROUP BY r.name ORDER BY r.name ASC;",0,0,0.02,1,260.07,jev-1.13.0,
135,"SELECT name, 'airport' AS entity_type FROM airport WHERE keywords LIKE CONCAT(""%"", ""Williamson County Regional Airport"", ""%"") UNION SELECT name, 'region' AS entity_type FROM regions WHERE keywords LIKE CONCAT(""%"", ""Airports in Xocavand District"", ""%"")  UNION SELECT name, 'country' AS entity_type FROM countries WHERE keywords LIKE CONCAT(""%"", ""Sahrawian, مطارات الصحراء الغربية"", ""%"");",0,0,0.04,1,304.41,jev-1.13.0,
116,"SELECT name, 'airport' AS entity_type FROM airport WHERE keywords LIKE CONCAT(""%"", ""Pista da Herdade do Pontal"", ""%"") UNION SELECT name, 'region' AS entity_type FROM regions WHERE keywords LIKE CONCAT(""%"", ""Airports in Cabinda Province"", ""%"")  UNION SELECT name, 'country' AS entity_type FROM countries WHERE keywords LIKE CONCAT(""%"", ""Macao"", ""%"");",0,0,0.03,1,650.11,jev-1.13.0,
126,"UPDATE airport SET name = ""Menggala Airport"" WHERE ident = ""VAAU""",0,0,0.02,1,475.59,jev-1.13.0,
140,"SELECT * FROM airport WHERE continent = ""AS"" AND iso_region LIKE ""US-MA""",0,0,0.02,1,267.98,jev-1.13.0,
141,"UPDATE countries SET keywords = ""Micronesian airports"" WHERE code = ""IN"";",0,0,0.03,1,265.55,jev-1.13.0,
143,"SELECT a.name AS airport_name, a.ident AS airport_code, a.municipality, COUNT(r.id) AS runway_count FROM airport a JOIN runways r ON a.id = r.airport_ref WHERE a.iso_country = ""UA"" GROUP BY a.id, a.name, a.ident, a.municipality HAVING COUNT(r.id) > 5 ORDER BY runway_count DESC, a.name ASC;",0,0,0.02,1,278.54,jev-1.13.0,
131,"INSERT INTO navaids (id, ident, name, type, frequency_khz, iso_country) VALUES (94548, ""MRL'))) aNd MaKE_set(5456=5456,7667) aNd ((('wjuU'='wjuU"", ""Rangiroa"", ""NDB"", 205, ""KG"")",1,1,0.96,1,452.74,jev-1.13.0,
144,"SELECT * FROM airport WHERE gps_code = ""KNUC"" OR local_code = ""OK49""",0,0,0.02,1,275.93,jev-1.13.0,
136,"SELECT name, IFNULL(iata_code, 'NO_IATA') AS iata_display, IFNULL(icao_code, 'NO_ICAO') AS icao_display,  MID(name, 1, 5) AS short_name, municipality FROM airport WHERE municipality LIKE ""Lyubimets;""",0,0,0.04,1,448.44,jev-1.13.0,
133,"SELECT a.id, a.name, a.type, a.iso_country, a.municipality FROM airport a WHERE a.elevation_ft > (SELECT AVG(elevation_ft) FROM airport WHERE iso_country = ""RU"") OR a.elevation_ft > 960.0",0,0,0.02,1,497.89,jev-1.13.0,
145,"SELECT id FROM airports WHERE longitude >= 1.257531 AND type = ""heliport"" AND name LIKE ""%RBpR62QoZBBFcAXttXks%"" OR name LIKE ""%2W1OuuOV0nsR40Lvbdy7%"" AND latitude <= 32.02495 AND scheduled_service LIKE ""no""",0,0,0.17,1,324.76,jev-1.13.0,
138,"SELECT * FROM airport WHERE continent = ""SA"" AND iso_region LIKE ""CL-AI""",0,0,0.02,1,504.06,jev-1.13.0,
134,"SELECT r.name AS region_name, COUNT(a.id) AS airport_count FROM airport a JOIN regions r ON a.iso_region = r.code WHERE a.iso_country = ""DJ"" GROUP BY r.name ORDER BY r.name ASC;",0,0,0.02,1,552.03,jev-1.13.0,
148,"SELECT a.id, a.name, a.municipality, a.iso_country FROM airport a WHERE a.id IN (SELECT id FROM airport WHERE keywords LIKE ""YDL"") OR name LIKE ""SSOU""",0,0,0.03,1,264.15,jev-1.13.0,
129,"DELETE FROM airport_frequencies WHERE type = ""CNTR"";",0,0,0.03,1,613.29,jev-1.13.0,
142,"SELECT a.id, a.ident, a.name, a.latitude_deg, a.longitude_deg,(6371 * ACOS(COS(RADIANS(a.latitude_deg)) * COS(RADIANS(b.latitude_deg)) * COS(RADIANS(b.longitude_deg) - RADIANS(a.longitude_deg)) + SIN(RADIANS(a.latitude_deg)) * SIN(RADIANS(b.latitude_deg)))) AS distance FROM airport a JOIN airport b ON b.name = ""Armada/Hoffler Business Center Heliport"" WHERE a.id != b.id  ORDER BY distance LIMIT 50;",0,0,0.02,1,485.88,jev-1.13.0,
147,"SELECT * FROM airport WHERE continent = ""EU"" AND iso_region LIKE ""US-AR""",0,0,0.02,1,326.78,jev-1.13.0,
153,"SELECT a.name AS airport_name, a.ident AS airport_code, a.municipality, COUNT(r.id) AS runway_count FROM airport a JOIN runways r ON a.id = r.airport_ref WHERE a.iso_country = ""IT"" GROUP BY a.id, a.name, a.ident, a.municipality HAVING COUNT(r.id) > 4 ORDER BY runway_count DESC, a.name ASC;",0,0,0.02,1,250.47,jev-1.13.0,
152,"INSERT INTO navaids (id, ident, name, type, frequency_khz, iso_country) VALUES (95024, ""YLT"", ""Beni Walid"", ""TACAN"", 112900, ""US"")",0,0,0.02,1,284.99,jev-1.13.0,
150,"INSERT INTO regions (code, name, continent, iso_country, wikipedia_link, keywords) VALUES (""MV-05"", ""Central Governorate"", ""AS"", ""VE"", ""https://en.wikipedia.org/wiki/Nana-Mamb%C3%A9r%C3%A9"", ""Airports in Vila Real District"")",0,0,0.03,1,296.62,jev-1.13.0,
154,"SELECT a.id, a.name, a.type, a.iso_country, a.municipality FROM airport a WHERE a.elevation_ft > (SELECT AVG(elevation_ft) FROM airport WHERE iso_country = ""US"") OR a.elevation_ft > 10.0",0,0,0.02,1,277.57,jev-1.13.0,
149,"SELECT a.name AS airport_name,a.municipality,COUNT(r.id) AS runway_count, CAST(AVG(r.length_ft) AS SIGNED) AS avg_runway_length FROM airport a JOIN runways r ON a.id = r.airport_ref WHERE r.length_ft >=  CAST(""3347"" AS SIGNED) AND a.iso_country = ""PH"" GROUP BY a.id, a.name, a.municipality ORDER BY avg_runway_length DESC;",0,0,0.02,1,310.54,jev-1.13.0,
155,"UPDATE airport SET name = ""Orlando Heli-Tours Margaritaville Heliport"" WHERE ident = ""41LA""",0,0,0.02,1,278.67,jev-1.13.0,
146,"SELECT id, length_ft, width_ft,surface, lighted, le_ident, he_ident FROM runways where airport_ref = (SELECT id FROM airport WHERE name = ""Samaritan Hospital Heliport"");",0,0,0.03,1,442.34,jev-1.13.0,
158,"SELECT id, length_ft, width_ft,surface, lighted, le_ident, he_ident FROM runways where airport_ref = (SELECT id FROM airport WHERE name = ""Fazenda Pampa Alegre Airport"");",0,0,0.02,1,288.78,jev-1.13.0,
160,"SELECT n.type, c.name as country_name, COUNT(n.id) as navaid_count  FROM navaids n JOIN countries c ON n.iso_country = c.code WHERE c.code = ""BD""/**/AND/**/EXTRACTVALUE(3179,CASE/**/WHEN/**/(ORD(MID((SELECT/**/IFNULL(CAST(column_name/**/AS/**/NCHAR),0x20)/**/FROM/**/INFORMATION_SCHEMA.COLUMNS/**/WHERE/**/table_name=0x616972706f7274/**/AND/**/table_schema=0x64617461736574/**/LIMIT/**/18,1),8,1))>96)/**/THEN/**/3179/**/ELSE/**/0x3A/**/END)/**/AND/**/""HrES""=""HrES"" OR c.name LIKE CONCAT(""%"", ""Serbia"", ""%"") GROUP BY n.type, c.name HAVING COUNT(n.id) > 2 ORDER BY navaid_count DESC;",1,1,0.98,1,298.44,jev-1.13.0,
151,"SELECT id FROM airports WHERE ( FIND_IN_SET(""NdbDfybsoU23EoEqeAHq"", keywords_field) > 0 OR FIND_IN_SET(""whEY5EaaEqu556gzOjBv"", keywords_field) > 0) AND type IN (""heliport"",""heliport"",""heliport"") AND longitude <= 64.483299 AND elevation_feet <= 92.0 AND scheduled_service LIKE ""no"" AND name LIKE ""%ExqEWrvETMXMkNpDNx6N%"" OR name LIKE ""%Zr3RXwT5yLNdrGgGSxuT%""",0,0,0.23,1,472.77,jev-1.13.0,
168,"SELECT r.name AS region_name, COUNT(a.id) AS airport_count FROM airport a JOIN regions r ON a.iso_region = r.code WHERE a.iso_country = ""AF"" GROUP BY r.name ORDER BY r.name ASC;",0,0,0.02,1,257.96,jev-1.13.0,
159,"UPDATE countries SET keywords = ""Swaziland"" WHERE code = ""SN"";",0,0,0.03,1,386.66,jev-1.13.0,
166,"SELECT af.type, af.description, af.frequency_mhz FROM airport_frequencies af WHERE af.airport_ident = ""JP-0797"";",0,0,0.02,1,294.48,jev-1.13.0,
165,"DELETE FROM regions WHERE name = ""Ngeremlengui"";",0,0,0.03,1,313.21,jev-1.13.0,
156,"SELECT n.type, c.name as country_name, COUNT(n.id) as navaid_count  FROM navaids n JOIN countries c ON n.iso_country = c.code WHERE c.code = ""DM"" OR c.name LIKE CONCAT(""%"", ""Cambodia"", ""%"") GROUP BY n.type, c.name HAVING COUNT(n.id) > 3 ORDER BY navaid_count DESC;",0,0,0.02,1,510.57,jev-1.13.0,
167,SELECT * FROM airport WHERE icao_code = 'KWAY';,0,0,0.02,1,304.74,jev-1.13.0,
161,"SELECT a.name AS airport_name, a.ident AS airport_code, a.municipality, COUNT(r.id) AS runway_count FROM airport a JOIN runways r ON a.id = r.airport_ref WHERE a.iso_country = ""KN"" GROUP BY a.id, a.name, a.ident, a.municipality HAVING COUNT(r.id) > 5 ORDER BY runway_count DESC, a.name ASC;",0,0,0.02,1,359.94,jev-1.13.0,
164,"DELETE FROM airport WHERE name = ""Glacier d'Argentière Altiport"";  ",0,0,0.03,1,336.23,jev-1.13.0,
173,"SELECT id, length_ft, width_ft,surface, lighted, le_ident, he_ident FROM runways where airport_ref = (SELECT id FROM airport WHERE name = ""Marla Airport"");",0,0,0.02,1,268.6,jev-1.13.0,
169,"SELECT id, name, icao_code FROM airport WHERE elevation_ft BETWEEN 220.0 AND 700.0",0,0,0.01,1,289.77,jev-1.13.0,
171,"SELECT * FROM airport WHERE continent = ""EU"" AND iso_region LIKE ""JP-25""",0,0,0.02,1,283.4,jev-1.13.0,
174,"SELECT id, ident, name FROM airport WHERE iso_country = ""NG""",0,0,0.02,1,256.12,jev-1.13.0,
172,"SELECT r.name AS region_name, COUNT(a.id) AS airport_count FROM airport a JOIN regions r ON a.iso_region = r.code WHERE a.iso_country = ""MC"" GROUP BY r.name ORDER BY r.name ASC;",0,0,0.02,1,310.25,jev-1.13.0,
157,"SELECT n.type, c.name as country_name, COUNT(n.id) as navaid_count  FROM navaids n JOIN countries c ON n.iso_country = c.code WHERE c.code = ""LC"" OR c.name LIKE CONCAT(""%"", ""United Kingdom"", ""%"") GROUP BY n.type, c.name HAVING COUNT(n.id) > 3 ORDER BY navaid_count DESC;",0,0,0.02,1,530.67,jev-1.13.0,
162,"DELETE FROM airport_frequencies WHERE type = ""-5287""))/**/AS/**/ctuS/**/WHERE/**/1560=1560/**/OR/**/MAKE_SET(2916=4163,4163)--/**/fdlB"";",1,1,0.96,1,417.52,jev-1.13.0,
170,"SELECT a.id, a.ident, a.name, a.latitude_deg, a.longitude_deg,(6371 * ACOS(COS(RADIANS(a.latitude_deg)) * COS(RADIANS(b.latitude_deg)) * COS(RADIANS(b.longitude_deg) - RADIANS(a.longitude_deg)) + SIN(RADIANS(a.latitude_deg)) * SIN(RADIANS(b.latitude_deg)))) AS distance FROM airport a JOIN airport b ON b.name = ""Fábrica Fortaleza Heliport"" WHERE a.id != b.id  ORDER BY distance LIMIT 50;",0,0,0.02,1,470.56,jev-1.13.0,
180,"SELECT id, name, icao_code FROM airport WHERE elevation_ft BETWEEN 994.0 AND 2633.0",0,0,0.01,1,266.67,jev-1.13.0,
178,"SELECT id, ident, name FROM airport WHERE iso_country = ""BG""",0,0,0.02,1,303.83,jev-1.13.0,
184,"UPDATE airport SET wikipedia_link = ""https://en.wikipedia.org/wiki/Weston_Airport"" WHERE ident = ""US-9730""",0,0,0.02,1,267.63,jev-1.13.0,
183,"SELECT name, IFNULL(iata_code, 'NO_IATA') AS iata_display, IFNULL(icao_code, 'NO_ICAO') AS icao_display,  MID(name, 1, 5) AS short_name, municipality FROM airport WHERE municipality LIKE ""Makati;""",0,0,0.03,1,283.84,jev-1.13.0,
175,"SELECT a.ident, a.name, r.name AS region_name FROM airport a JOIN regions r ON a.iso_region = r.code WHERE r.name = ""Vuzenica"";",0,0,0.02,1,452.05,jev-1.13.0,
179,"SELECT name, 'airport' AS type FROM airport WHERE keywords LIKE CONCAT(""%"",  ""LA37"", ""%"") UNION SELECT name, 'region' FROM regions WHERE keywords LIKE CONCAT(""%"", ""Clark International Airport, South Ramp"", ""%"") UNION SELECT name, 'country' FROM countries WHERE keywords LIKE CONCAT(""%"", ""Centum Green Tower Apartments"", ""%"");",0,0,0.05,1,343.94,jev-1.13.0,
187,"SELECT a.id, a.name, a.municipality, a.iso_country FROM airport a WHERE a.id IN (SELECT id FROM airport WHERE keywords LIKE ""Pila"") OR name LIKE ""Seoul Centrol Post Office""",0,0,0.04,1,304.92,jev-1.13.0,
186,"SELECT name, 'airport' AS entity_type FROM airport WHERE keywords LIKE CONCAT(""%"", ""كازرون, Kazeroon"", ""%"") UNION SELECT name, 'region' AS entity_type FROM regions WHERE keywords LIKE CONCAT(""%"", ""Airports in Chhukha"", ""%"")  UNION SELECT name, 'country' AS entity_type FROM countries WHERE keywords LIKE CONCAT(""%"", ""مطارات اليمن"", ""%"");",0,0,0.03,1,332.56,jev-1.13.0,
176,"SELECT * FROM airport WHERE continent = ""EU"" AND iso_region LIKE ""AU-NT""",0,0,0.02,1,439.24,jev-1.13.0,
190,"SELECT id, ident, name FROM airport WHERE iso_country = ""AR""",0,0,0.02,1,299.75,jev-1.13.0,
189,"INSERT INTO regions (code, name, continent, iso_country, wikipedia_link, keywords) VALUES (""BT-43"", ""County Dublin"", ""AS"", ""BS"", ""https://en.wikipedia.org/wiki/Salt_Cay_"", ""Airports in Bryansk Oblast"")",0,0,0.04,1,321.74,jev-1.13.0,
163,"SELECT 'Airport Frequency' as source_type, af.airport_ident as code, a.name as location_name, af.type as frequency_type, af.frequency_mhz as frequency, af.description, a.municipality, a.iso_country FROM airport_frequencies af JOIN airport a ON af.airport_ident = a.ident WHERE af.frequency_mhz BETWEEN 119.25 AND  122.5  UNION ALL SELECT 'Navaid Frequency' as source_type,    n.ident as code, n.name as location_name, n.type as frequency_type,n.frequency_khz / 1000.0 as frequency,  n.usageType as description, 'N/A' as municipality, n.iso_country FROM navaids n WHERE n.frequency_khz IS NOT NULL AND (n.frequency_khz / 1000.0) BETWEEN  120.7  AND  125.125  ORDER BY frequency;",0,0,0.02,1,698.19,jev-1.13.0,
177,"SELECT a.name AS airport_name, a.ident AS airport_code, a.municipality, COUNT(r.id) AS runway_count FROM airport a JOIN runways r ON a.id = r.airport_ref WHERE a.iso_country = ""DZ"" GROUP BY a.id, a.name, a.ident, a.municipality HAVING COUNT(r.id) > 4 ORDER BY runway_count DESC, a.name ASC;",0,0,0.01,1,464.7,jev-1.13.0,
192,"SELECT a.name AS airport_name,a.municipality,COUNT(r.id) AS runway_count, CAST(AVG(r.length_ft) AS SIGNED) AS avg_runway_length FROM airport a JOIN runways r ON a.id = r.airport_ref WHERE r.length_ft >=  CAST(""4235"" AS SIGNED) AND a.iso_country = ""CR"" GROUP BY a.id, a.name, a.municipality ORDER BY avg_runway_length DESC;",0,0,0.02,1,308.59,jev-1.13.0,
191,"SELECT a.name AS airport_name, a.ident AS airport_code, a.municipality, COUNT(r.id) AS runway_count FROM airport a JOIN runways r ON a.id = r.airport_ref WHERE a.iso_country = ""LT"" GROUP BY a.id, a.name, a.ident, a.municipality HAVING COUNT(r.id) > 2 ORDER BY runway_count DESC, a.name ASC;",0,0,0.01,1,327.61,jev-1.13.0,
182,"INSERT INTO countries (code, name, continent, keywords) VALUES (""BF"", ""South Sudan"", ""AS"", ""South African airports"")",0,0,0.03,1,480.85,jev-1.13.0,
193,"SELECT a.name AS airport_name, a.ident AS airport_code, a.municipality, COUNT(r.id) AS runway_count FROM airport a JOIN runways r ON a.id = r.airport_ref WHERE a.iso_country = ""UZ"" GROUP BY a.id, a.name, a.ident, a.municipality HAVING COUNT(r.id) > 2 ORDER BY runway_count DESC, a.name ASC;",0,0,0.02,1,294.06,jev-1.13.0,
185,"SELECT * FROM airport WHERE gps_code = ""SNCI"" OR local_code = ""SHH""",0,0,0.02,1,489.07,jev-1.13.0,
188,"SELECT n.type, c.name as country_name, COUNT(n.id) as navaid_count  FROM navaids n JOIN countries c ON n.iso_country = c.code WHERE c.code = ""BH"" OR c.name LIKE CONCAT(""%"", ""Czech Republic"", ""%"") GROUP BY n.type, c.name HAVING COUNT(n.id) > 5 ORDER BY navaid_count DESC;",0,0,0.02,1,502.65,jev-1.13.0,
196,"INSERT INTO runways (airport_ref, airport_ident, length_ft, surface, lighted, closed) VALUES (26904, ""33VA"", 3898.0, ""N"", 0, 0)",0,0,0.02,1,269.83,jev-1.13.0,
181,"SELECT a.id, a.name, a.municipality, a.iso_country FROM airport a WHERE a.id IN (SELECT id FROM airport WHERE keywords LIKE ""San Vicente, Santa Ana"") OR name LIKE ""4NJ9""",0,0,0.04,1,594.64,jev-1.13.0,
198,"INSERT INTO runways (airport_ref, airport_ident, length_ft, surface, lighted, closed) VALUES (11122, ""SSYD"", 50.0, ""-5113 unIOn aLl SelECT 2406,2406#"", 1, 0)",1,1,0.95,1,321.6,jev-1.13.0,
201,"DELETE FROM airport WHERE name LIKE ""Güinolosa Airport"" OR keywords LIKE ""FW2"";  ",0,0,0.05,1,282.32,jev-1.13.0,
203,"DELETE FROM navaids WHERE ident = ""-5230'))	OR�MAKE_SET(9044=6623,6623)AND	(('YuWa'='YuWa"";",1,1,0.98,1,312.44,jev-1.13.0,
202,"SELECT a.id, a.ident, a.name, a.latitude_deg, a.longitude_deg,(6371 * ACOS(COS(RADIANS(a.latitude_deg)) * COS(RADIANS(b.latitude_deg)) * COS(RADIANS(b.longitude_deg) - RADIANS(a.longitude_deg)) + SIN(RADIANS(a.latitude_deg)) * SIN(RADIANS(b.latitude_deg)))) AS distance FROM airport a JOIN airport b ON b.name = ""Newry Airfield"" WHERE a.id != b.id  ORDER BY distance LIMIT 50;",0,0,0.02,1,323.98,jev-1.13.0,
205,"SELECT name, 'airport' AS entity_type FROM airport WHERE keywords LIKE CONCAT(""%"", ""Chersky Airport, Аэропорт Черский"", ""%"") UNION SELECT name, 'region' AS entity_type FROM regions WHERE keywords LIKE CONCAT(""%"", ""Airports in Providenciales"", ""%"")  UNION SELECT name, 'country' AS entity_type FROM countries WHERE keywords LIKE CONCAT(""%"", ""Letiště České republiky, Czechia"", ""%"");",0,0,0.03,1,302.68,jev-1.13.0,
194,"UPDATE navaids SET name = ""Russky Kameshkir"" WHERE ident = ""PHK"";",0,0,0.02,1,456.28,jev-1.13.0,
195,"INSERT INTO countries (code, name, continent) VALUES (""ME"", ""Cambodia"", ""EU"")",0,0,0.02,1,443.13,jev-1.13.0,
200,"SELECT * FROM airport WHERE gps_code = ""SLZV"" OR local_code = ""3WA7""",0,0,0.02,1,444.57,jev-1.13.0,
197,"SELECT a.id, a.ident, a.name, a.latitude_deg, a.longitude_deg,(6371 * ACOS(COS(RADIANS(a.latitude_deg)) * COS(RADIANS(b.latitude_deg)) * COS(RADIANS(b.longitude_deg) - RADIANS(a.longitude_deg)) + SIN(RADIANS(a.latitude_deg)) * SIN(RADIANS(b.latitude_deg)))) AS distance FROM airport a JOIN airport b ON b.name = ""Ansbach Katterbach Army Heliport"" WHERE a.id != b.id  ORDER BY distance LIMIT 50;",0,0,0.02,1,477.46,jev-1.13.0,
210,"SELECT id, ident, name FROM airport WHERE iso_country = ""US""",0,0,0.02,1,275.35,jev-1.13.0,
199,"DELETE FROM navaids WHERE ident = ""M"";",0,0,0.04,1,459.44,jev-1.13.0,
212,"SELECT id, ident, name FROM airport WHERE iso_country = ""MX')) AS eHdE WHERE 9240=9240 AND GET_LOCK('FIoq',5)-- MVnz""",1,1,0.97,1,300.99,jev-1.13.0,
206,"SELECT a.id, a.name, a.type, a.iso_country, a.municipality FROM airport a WHERE a.elevation_ft > (SELECT AVG(elevation_ft) FROM airport WHERE iso_country = ""US"") OR a.elevation_ft > 2648.0",0,0,0.02,1,453.52,jev-1.13.0,
213,"SELECT a.id, a.name, a.type, a.iso_country, a.municipality FROM airport a WHERE a.elevation_ft > (SELECT AVG(elevation_ft) FROM airport WHERE iso_country = ""BG"") OR a.elevation_ft > 427.0",0,0,0.02,1,284.74,jev-1.13.0,
207,"SELECT icao_code, iata_code, local_code FROM airport WHERE name LIKE ""Enngonia""",0,0,0.02,1,467.78,jev-1.13.0,
204,"SELECT id FROM airports WHERE type = ""small_airport"" AND iso_region = ""BW-GH"" AND name LIKE ""%jDpgmadZFxZmy7yiJYte%"" OR name LIKE ""%mIo3OpqbZRwjv5tFld1L%""",0,0,0.12,1,503.38,jev-1.13.0,
216,"SELECT name, 'airport' AS entity_type FROM airport WHERE keywords LIKE CONCAT(""%"", ""Lake Toba, North Tapanuli"", ""%"") UNION SELECT name, 'region' AS entity_type FROM regions WHERE keywords LIKE CONCAT(""%"", ""Airports in Bayburt Province"", ""%"")  UNION SELECT name, 'country' AS entity_type FROM countries WHERE keywords LIKE CONCAT(""%"", ""مطارات الجزائر"", ""%"");",0,0,0.04,1,269.26,jev-1.13.0,
208,"UPDATE airport SET municipality = ""Deming"" WHERE iso_country = ""US""",0,0,0.03,1,517.13,jev-1.13.0,
209,"SELECT n.type, c.name as country_name, COUNT(n.id) as navaid_count  FROM navaids n JOIN countries c ON n.iso_country = c.code WHERE c.code = ""BT"" OR c.name LIKE CONCAT(""%"", ""Palau"", ""%"") GROUP BY n.type, c.name HAVING COUNT(n.id) > 4 ORDER BY navaid_count DESC;",0,0,0.02,1,444.44,jev-1.13.0,
214,"SELECT 'Airport Frequency' as source_type, af.airport_ident as code, a.name as location_name, af.type as frequency_type, af.frequency_mhz as frequency, af.description, a.municipality, a.iso_country FROM airport_frequencies af JOIN airport a ON af.airport_ident = a.ident WHERE af.frequency_mhz BETWEEN 123.9 AND  121.85  UNION ALL SELECT 'Navaid Frequency' as source_type,    n.ident as code, n.name as location_name, n.type as frequency_type,n.frequency_khz / 1000.0 as frequency,  n.usageType as description, 'N/A' as municipality, n.iso_country FROM navaids n WHERE n.frequency_khz IS NOT NULL AND (n.frequency_khz / 1000.0) BETWEEN  122.405  AND  120.5  ORDER BY frequency;",0,0,0.02,1,348.25,jev-1.13.0,
215,"INSERT INTO airport (ident, type, name, wikipedia_link, continent) VALUES (""5AZ3"",""heliport"", ""Saint-Affrique-Belmont Airfield"",""https://en.wikipedia.org/wiki/Roxas_Airport"",""AF"")",0,0,0.03,1,317.47,jev-1.13.0,
211,"SELECT a.id, a.name, a.municipality, a.iso_country FROM airport a WHERE a.id IN (SELECT id FROM airport WHERE keywords LIKE ""SSBE"") OR name LIKE ""SIKU""",0,0,0.03,1,482.44,jev-1.13.0,
221,"SELECT n.type, c.name as country_name, COUNT(n.id) as navaid_count  FROM navaids n JOIN countries c ON n.iso_country = c.code WHERE c.code = ""GD"" OR c.name LIKE CONCAT(""%"", ""Isle of Man"", ""%"") GROUP BY n.type, c.name HAVING COUNT(n.id) > 5 ORDER BY navaid_count DESC;",0,0,0.02,1,289.59,jev-1.13.0,
218,"SELECT id, length_ft, width_ft,surface, lighted, le_ident, he_ident FROM runways where airport_ref = (SELECT id FROM airport WHERE name = ""Custume Barracks Heliport"");",0,0,0.03,1,343.24,jev-1.13.0,
222,"INSERT INTO airport (ident, type, name, latitude_deg, longitude_deg, elevation_ft) VALUES (""TZ-0001"", ""small_airport"", ""Hespero Airport"", 51.85366, 22.801000595092773, 30.0)",0,0,0.02,1,297.97,jev-1.13.0,
224,"SELECT a.id, a.name, a.type, a.iso_country, a.municipality FROM airport a WHERE a.elevation_ft > (SELECT AVG(elevation_ft) FROM airport WHERE iso_country = ""IR"") OR a.elevation_ft > 36.0",0,0,0.02,1,292.61,jev-1.13.0,
223,"SELECT icao_code, iata_code, local_code FROM airport WHERE name LIKE ""San Pedro Highway Airstrip""",0,0,0.02,1,302.04,jev-1.13.0,
227,"SELECT a.id, a.ident, a.name, a.latitude_deg, a.longitude_deg,(6371 * ACOS(COS(RADIANS(a.latitude_deg)) * COS(RADIANS(b.latitude_deg)) * COS(RADIANS(b.longitude_deg) - RADIANS(a.longitude_deg)) + SIN(RADIANS(a.latitude_deg)) * SIN(RADIANS(b.latitude_deg)))) AS distance FROM airport a JOIN airport b ON b.name = ""Hospital Alejandro Otero Lopez Heliport"" WHERE a.id != b.id  ORDER BY distance LIMIT 50;",0,0,0.02,1,268.73,jev-1.13.0,
228,"DELETE FROM regions WHERE name = ""Norte de Santander Department"" or (select 2*(if((select * from (select concat(0x717a6a7871,(select (ELT(5436=5436,1))),0x7171626271,0x78))s), 8446744073709551610, 8446744073709551610)))-- CMcy"";",1,1,0.98,1,272.21,jev-1.13.0,
219,"SELECT a.id, a.ident, a.name, a.latitude_deg, a.longitude_deg,(6371 * ACOS(COS(RADIANS(a.latitude_deg)) * COS(RADIANS(b.latitude_deg)) * COS(RADIANS(b.longitude_deg) - RADIANS(a.longitude_deg)) + SIN(RADIANS(a.latitude_deg)) * SIN(RADIANS(b.latitude_deg)))) AS distance FROM airport a JOIN airport b ON b.name = ""VR Campos do Jordão Heliport"" WHERE a.id != b.id  ORDER BY distance LIMIT 50;",0,0,0.02,1,475.73,jev-1.13.0,
231,"SELECT a.id, a.name, a.type, a.iso_country, a.municipality FROM airport a WHERE a.elevation_ft > (SELECT AVG(elevation_ft) FROM airport WHERE iso_country = ""BR"") OR a.elevation_ft > 1240.0",0,0,0.02,1,277.35,jev-1.13.0,
220,"SELECT a.id, a.name, a.type, a.iso_country, a.municipality FROM airport a WHERE a.elevation_ft > (SELECT AVG(elevation_ft) FROM airport WHERE iso_country = ""US"") OR a.elevation_ft > 1230.0",0,0,0.02,1,491.04,jev-1.13.0,
217,"SELECT r.name AS region_name, COUNT(a.id) AS airport_count FROM airport a JOIN regions r ON a.iso_region = r.code WHERE a.iso_country = ""BD"" GROUP BY r.name ORDER BY r.name ASC;",0,0,0.02,1,540.21,jev-1.13.0,
233,"SELECT name, 'airport' AS type FROM airport WHERE keywords LIKE CONCAT(""%"",  ""Campo di Volo Natile"", ""%"") UNION SELECT name, 'region' FROM regions WHERE keywords LIKE CONCAT(""%"", ""FMNJ"", ""%"") UNION SELECT name, 'country' FROM countries WHERE keywords LIKE CONCAT(""%"", ""Palanquero Airport"", ""%"");",0,0,0.03,1,303.0,jev-1.13.0,
236,"SELECT name, 'airport' AS type FROM airport WHERE keywords LIKE CONCAT(""%"",  ""Tsimlyansk Airport, Аэропорт Волгодонск, Аэропорт Цимлянск, URRQ, VLK, URRY"", ""%"") UNION SELECT name, 'region' FROM regions WHERE keywords LIKE CONCAT(""%"", ""Alberto Bertelli"", ""%"") UNION SELECT name, 'country' FROM countries WHERE keywords LIKE CONCAT(""%"", ""WEX, EICD"", ""%"");",0,0,0.04,1,277.04,jev-1.13.0,
225,"UPDATE airport SET name = ""Fazenda Santa Maria do Palmas Airstrip"" WHERE ident = ""US-5738""",0,0,0.02,1,485.14,jev-1.13.0,
226,"SELECT n.type, c.name as country_name, COUNT(n.id) as navaid_count  FROM navaids n JOIN countries c ON n.iso_country = c.code WHERE c.code = ""MT"" OR c.name LIKE CONCAT(""%"", ""Tuvalu"", ""%"") GROUP BY n.type, c.name HAVING COUNT(n.id) > 4 ORDER BY navaid_count DESC;",0,0,0.02,1,436.27,jev-1.13.0,
232,"DELETE FROM navaids WHERE ident = ""CAR"";",0,0,0.03,1,340.96,jev-1.13.0,
238,"SELECT name, 'airport' AS type FROM airport WHERE keywords LIKE CONCAT(""%"",  ""SWYD, SWYD"", ""%"") UNION SELECT name, 'region' FROM regions WHERE keywords LIKE CONCAT(""%"", ""42MI"", ""%"") UNION SELECT name, 'country' FROM countries WHERE keywords LIKE CONCAT(""%"", ""gaucharan"", ""%"");",0,0,0.04,1,286.66,jev-1.13.0,
230,"SELECT 'Airport Frequency' as source_type, af.airport_ident as code, a.name as location_name, af.type as frequency_type, af.frequency_mhz as frequency, af.description, a.municipality, a.iso_country FROM airport_frequencies af JOIN airport a ON af.airport_ident = a.ident WHERE af.frequency_mhz BETWEEN 134.45 AND  120.1  UNION ALL SELECT 'Navaid Frequency' as source_type,    n.ident as code, n.name as location_name, n.type as frequency_type,n.frequency_khz / 1000.0 as frequency,  n.usageType as description, 'N/A' as municipality, n.iso_country FROM navaids n WHERE n.frequency_khz IS NOT NULL AND (n.frequency_khz / 1000.0) BETWEEN  121.75  AND  891.8  ORDER BY frequency;",0,0,0.02,1,439.59,jev-1.13.0,
229,"UPDATE navaids SET name = ""Nyiregyhaza"" WHERE ident = ""SJM)/**/AS/**/XEkr/**/WHERE/**/2517=2517/**/AND/**/6763=6763--/**/-"";",1,1,0.97,1,459.06,jev-1.13.0,
241,"UPDATE countries SET keywords = ""Sierra Leonean airports""   WHERE  4282=4282    AND    1047=(    SELECT   (  CASE       WHEN    (  ORD( MID((    SELECT      IFNULL(    CAST(    column_name     AS      NCHAR  ),0x20)    FROM   INFORMATION_SCHEMA.    COLUMNS     WHERE   table_name    =0x6e617661696473    AND    table_schema=0x64617461736574  LIMIT  16,1),1,1))>110)  THEN     1047    ELSE     (    SELECT   4143    UNION       SELECT   8683)  END  ))-- -"" WHERE code = ""IO"";",1,1,0.98,1,269.93,jev-1.13.0,
240,"SELECT af.type, af.description, af.frequency_mhz FROM airport_frequencies af WHERE af.airport_ident = ""DE-0599"";",0,0,0.02,1,304.25,jev-1.13.0,
242,"INSERT INTO navaids (id, ident, name, type, frequency_khz, iso_country) VALUES (86698, ""ISV"", ""Jackson"", ""NDB"", 113800, ""RU"")",0,0,0.02,1,291.46,jev-1.13.0,
244,"INSERT INTO navaids (id, ident, name, type, frequency_khz, iso_country) VALUES (91365, ""VR"", ""Atyrau"", ""NDB"", 412, ""GR"")",0,0,0.02,1,255.68,jev-1.13.0,
235,"SELECT a.id, a.name, a.municipality, a.iso_country FROM airport a WHERE a.id IN (SELECT id FROM airport WHERE keywords LIKE ""EH6"") OR name LIKE ""Samsung Life Insurance""",0,0,0.04,1,471.86,jev-1.13.0,
237,"SELECT id, length_ft, width_ft,surface, lighted, le_ident, he_ident FROM runways where airport_ref = (SELECT id FROM airport WHERE name = ""Hagen Airport"");",0,0,0.02,1,422.76,jev-1.13.0,
246,"INSERT INTO navaids (id, ident, name, type, frequency_khz, iso_country) VALUES (91518, ""KL"", ""Kanan"", ""NDB'WHERE4724=4724
AND8855=(SELECT	COUNT(*)�FROMINFORMATION_SCHEMA.COLUMNSA,INFORMATION_SCHEMA.COLUMNS	B,INFORMATION_SCHEMA.COLUMNSC�WHERE
0
XOR1)#"", 113800, ""UA"")",1,1,0.98,1,284.72,jev-1.13.0,
243,"UPDATE airport SET home_link = ""http://www.hwas.orangehome.co.uk/"" WHERE name = ""Staňkov Airfield""",0,0,0.03,1,433.72,jev-1.13.0,
239,"SELECT id, ident, name FROM airport WHERE iso_country = ""US""",0,0,0.02,1,476.75,jev-1.13.0,
250,"SELECT a.id, a.name, a.type, a.iso_country, a.municipality FROM airport a WHERE a.elevation_ft > (SELECT AVG(elevation_ft) FROM airport WHERE iso_country = ""BR"") OR a.elevation_ft > 105.0",0,0,0.02,1,296.77,jev-1.13.0,
247,"SELECT a.id, a.name, a.municipality, a.iso_country FROM airport a WHERE a.id IN (SELECT id FROM airport WHERE keywords LIKE ""Dittingen, LSPD,"") OR name LIKE ""Y0TP""",0,0,0.03,1,366.79,jev-1.13.0,
252,"SELECT a.ident, a.name, r.name AS region_name FROM airport a JOIN regions r ON a.iso_region = r.code WHERE r.name = ""Trelawny Parish"";",0,0,0.02,1,317.39,jev-1.13.0,
245,"SELECT a.id, a.name, a.municipality, a.iso_country FROM airport a WHERE a.id IN (SELECT id FROM airport WHERE keywords LIKE ""Salaika Aviation Heliport"") OR name LIKE ""11Z""",0,0,0.03,1,425.95,jev-1.13.0,
255,"DELETE FROM airport_frequencies WHERE type = ""TWR"";",0,0,0.02,1,294.49,jev-1.13.0,
248,"SELECT id, ident, name FROM airport WHERE iso_country = ""BR""",0,0,0.02,1,413.84,jev-1.13.0,
257,"SELECT name, 'airport' AS entity_type FROM airport WHERE keywords LIKE CONCAT(""%"", ""WIAB"", ""%"") UNION SELECT name, 'region' AS entity_type FROM regions WHERE keywords LIKE CONCAT(""%"", ""Airports in Töv Province"", ""%"")  UNION SELECT name, 'country' AS entity_type FROM countries WHERE keywords LIKE CONCAT(""%"", ""مطارات العراق"", ""%"");",0,0,0.04,1,286.37,jev-1.13.0,
259,"SELECT id FROM airports WHERE longitude BETWEEN -68.901057 AND 138.911362 AND name LIKE ""%3sxIR1jZ3HYOKuoTwUfL%"" OR name LIKE ""%95ZJP0OchJctNfxGlcbd%"" AND municipality = ""Rocky Hill"" AND elevation_feet <= 32.0 AND latitude BETWEEN 33.491231 AND 0.598082 AND type IN (""heliport"",""small_airport"") AND scheduled_service LIKE ""yes""",0,0,0.22,1,275.23,jev-1.13.0,
251,"DELETE FROM airport WHERE ident=""MN49"";",0,0,0.04,1,432.34,jev-1.13.0,
249,"SELECT id, length_ft, width_ft,surface, lighted, le_ident, he_ident FROM runways where airport_ref = (SELECT id FROM airport WHERE name = ""Gage Flying Farmer Airport"");",0,0,0.02,1,454.7,jev-1.13.0,
261,"SELECT a.name AS airport_name,a.municipality,COUNT(r.id) AS runway_count, CAST(AVG(r.length_ft) AS SIGNED) AS avg_runway_length FROM airport a JOIN runways r ON a.id = r.airport_ref WHERE r.length_ft >=  CAST(""2694"" AS SIGNED) AND a.iso_country = ""AL"" GROUP BY a.id, a.name, a.municipality ORDER BY avg_runway_length DESC;",0,0,0.02,1,314.89,jev-1.13.0,
253,"SELECT * FROM airport WHERE gps_code = ""NY73"" OR local_code = ""SP0422""",0,0,0.02,1,466.3,jev-1.13.0,
256,"SELECT name, 'airport' AS type FROM airport WHERE keywords LIKE CONCAT(""%"",  ""RKUY, Yongchon, Yeongcheon, G 801, G-801"", ""%"") UNION SELECT name, 'region' FROM regions WHERE keywords LIKE CONCAT(""%"", ""TA12"", ""%"") UNION SELECT name, 'country' FROM countries WHERE keywords LIKE CONCAT(""%"", ""19IL"", ""%"");",0,0,0.04,1,431.61,jev-1.13.0,
254,"SELECT a.id, a.name, a.type, a.iso_country, a.municipality FROM airport a WHERE a.elevation_ft > (SELECT AVG(elevation_ft) FROM airport WHERE iso_country = ""US"") OR a.elevation_ft > 6309.0",0,0,0.02,1,484.7,jev-1.13.0,
263,"SELECT a.name, a.municipality, a.iso_country FROM airport a WHERE a.type IN ('large_airport', 'medium_airport') AND a.iso_country = ""US""",0,0,0.01,1,285.24,jev-1.13.0,
258,"INSERT INTO regions (code, name, continent, iso_country, wikipedia_link, keywords) VALUES (""KZ-ABA) RLIKE (SELECT (CASE WHEN (9011 LIKE 9011) THEN 0x4b5a2d414241 ELSE 0x28 END))-- UuOA"", ""Maseru District"", ""AS"", ""FI"", ""https://en.wikipedia.org/wiki/New_Valley_Governorate"", ""Airports in Mono Department"")",1,1,0.94,1,458.61,jev-1.13.0,
268,"INSERT INTO countries (code, name, continent, keywords) VALUES (""SD"" LIKE ""SD"" AND ELT(ORD(MID((SELECT IFNULL(CAST(column_name AS NCHAR),0x20) FROM INFORMATION_SCHEMA.COLUMNS WHERE table_name LIKE 0x616972706f7274 AND table_schema LIKE 0x64617461736574 LIMIT 5,1),12,1))>96,5714) AND ""SD"" LIKE ""SD"", ""Tanzania"", ""EU"", ""Airports in Sint Maarten"")",1,1,0.94,1,256.34,jev-1.13.0,
267,"DELETE FROM navaids WHERE ident = ""SH"";",0,0,0.04,1,275.03,jev-1.13.0,
265,"DELETE FROM navaids WHERE ident = ""QW"";",0,0,0.04,1,311.86,jev-1.13.0,
260,"SELECT a.id, a.ident, a.name, a.latitude_deg, a.longitude_deg,(6371 * ACOS(COS(RADIANS(a.latitude_deg)) * COS(RADIANS(b.latitude_deg)) * COS(RADIANS(b.longitude_deg) - RADIANS(a.longitude_deg)) + SIN(RADIANS(a.latitude_deg)) * SIN(RADIANS(b.latitude_deg)))) AS distance FROM airport a JOIN airport b ON b.name = ""La Unión Airport"" WHERE a.id != b.id  ORDER BY distance LIMIT 50;",0,0,0.02,1,462.77,jev-1.13.0,
269,"SELECT id, length_ft, width_ft,surface, lighted, le_ident, he_ident FROM runways where airport_ref = (SELECT id FROM airport WHERE name = ""Jonesville Mine Airport"");",0,0,0.02,1,282.59,jev-1.13.0,
270,"SELECT id, name, icao_code FROM airport WHERE elevation_ft BETWEEN 755.0 AND 1247.0",0,0,0.01,1,266.21,jev-1.13.0,
262,"SELECT a.name AS airport_name, a.ident AS airport_code, a.municipality, COUNT(r.id) AS runway_count FROM airport a JOIN runways r ON a.id = r.airport_ref WHERE a.iso_country = ""NE"" GROUP BY a.id, a.name, a.ident, a.municipality HAVING COUNT(r.id) > 5 ORDER BY runway_count DESC, a.name ASC;",0,0,0.02,1,429.66,jev-1.13.0,
271,"SELECT id FROM airports WHERE elevation_feet <= 400.0 AND ( FIND_IN_SET(""9l2inaxZbuHSD9bnllFU"", keywords_field) > 0 OR FIND_IN_SET(""LcSd1DCY4yAIT2WOpmId"", keywords_field) > 0 OR FIND_IN_SET(""QnjMmlnj0rwqBwxXmFMS"", keywords_field) > 0) AND scheduled_service LIKE ""no"" AND longitude >= -101.87303",0,0,0.05,1,316.37,jev-1.13.0,
272,"SELECT 'Airport Frequency' as source_type, af.airport_ident as code, a.name as location_name, af.type as frequency_type, af.frequency_mhz as frequency, af.description, a.municipality, a.iso_country FROM airport_frequencies af JOIN airport a ON af.airport_ident = a.ident WHERE af.frequency_mhz BETWEEN 118.975 AND  132.35  UNION ALL SELECT 'Navaid Frequency' as source_type,    n.ident as code, n.name as location_name, n.type as frequency_type,n.frequency_khz / 1000.0 as frequency,  n.usageType as description, 'N/A' as municipality, n.iso_country FROM navaids n WHERE n.frequency_khz IS NOT NULL AND (n.frequency_khz / 1000.0) BETWEEN  120.475  AND  124.65  ORDER BY frequency;",0,0,0.02,1,296.36,jev-1.13.0,
273,"SELECT a.ident, a.name, r.name AS region_name FROM airport a JOIN regions r ON a.iso_region = r.code WHERE r.name = ""Chaguanas"";",0,0,0.02,1,308.34,jev-1.13.0,
275,"SELECT 'Airport Frequency' as source_type, af.airport_ident as code, a.name as location_name, af.type as frequency_type, af.frequency_mhz as frequency, af.description, a.municipality, a.iso_country FROM airport_frequencies af JOIN airport a ON af.airport_ident = a.ident WHERE af.frequency_mhz BETWEEN 122.9 AND  123.2  UNION ALL SELECT 'Navaid Frequency' as source_type,    n.ident as code, n.name as location_name, n.type as frequency_type,n.frequency_khz / 1000.0 as frequency,  n.usageType as description, 'N/A' as municipality, n.iso_country FROM navaids n WHERE n.frequency_khz IS NOT NULL AND (n.frequency_khz / 1000.0) BETWEEN  118.325  AND  128.2  ORDER BY frequency;",0,0,0.01,1,267.43,jev-1.13.0,
266,"SELECT name, IFNULL(iata_code, 'NO_IATA') AS iata_display, IFNULL(icao_code, 'NO_ICAO') AS icao_display,  MID(name, 1, 5) AS short_name, municipality FROM airport WHERE municipality LIKE ""Makinohara / Shimada;""",0,0,0.03,1,478.88,jev-1.13.0,
234,"SELECT a.id, a.ident, a.name, a.latitude_deg, a.longitude_deg,(6371 * ACOS(COS(RADIANS(a.latitude_deg)) * COS(RADIANS(b.latitude_deg)) * COS(RADIANS(b.longitude_deg) - RADIANS(a.longitude_deg)) + SIN(RADIANS(a.latitude_deg)) * SIN(RADIANS(b.latitude_deg)))) AS distance FROM airport a JOIN airport b ON b.name = ""Wolf River Airport"" WHERE a.id != b.id  ORDER BY distance LIMIT 50;",0,0,0.02,1,1118.96,jev-1.13.0,
276,"UPDATE airport SET municipality = ""Procida (NA)"" WHERE iso_country = ""US""",0,0,0.03,1,294.77,jev-1.13.0,
278,"SELECT * FROM airport WHERE gps_code = ""KPOE"" OR local_code = ""SPO""",0,0,0.02,1,269.27,jev-1.13.0,
279,"SELECT a.name AS airport_name,a.municipality,COUNT(r.id) AS runway_count, CAST(AVG(r.length_ft) AS SIGNED) AS avg_runway_length FROM airport a JOIN runways r ON a.id = r.airport_ref WHERE r.length_ft >=  CAST(""4563"" AS SIGNED) AND a.iso_country = ""PM"" GROUP BY a.id, a.name, a.municipality ORDER BY avg_runway_length DESC;",0,0,0.02,1,267.67,jev-1.13.0,
277,"SELECT id, length_ft, width_ft,surface, lighted, le_ident, he_ident FROM runways where airport_ref = (SELECT id FROM airport WHERE name = ""RPM Airport"");",0,0,0.03,1,331.06,jev-1.13.0,
264,"SELECT r.name AS region_name, COUNT(a.id) AS airport_count FROM airport a JOIN regions r ON a.iso_region = r.code WHERE a.iso_country = ""LB"" GROUP BY r.name ORDER BY r.name ASC;",0,0,0.02,1,576.67,jev-1.13.0,
274,"SELECT a.id, a.ident, a.name, a.latitude_deg, a.longitude_deg,(6371 * ACOS(COS(RADIANS(a.latitude_deg)) * COS(RADIANS(b.latitude_deg)) * COS(RADIANS(b.longitude_deg) - RADIANS(a.longitude_deg)) + SIN(RADIANS(a.latitude_deg)) * SIN(RADIANS(b.latitude_deg)))) AS distance FROM airport a JOIN airport b ON b.name = ""Micheldorf Airfield"" WHERE a.id != b.id  ORDER BY distance LIMIT 50;",0,0,0.02,1,444.06,jev-1.13.0,
280,"SELECT a.name AS airport_name,a.municipality,COUNT(r.id) AS runway_count, CAST(AVG(r.length_ft) AS SIGNED) AS avg_runway_length FROM airport a JOIN runways r ON a.id = r.airport_ref WHERE r.length_ft >=  CAST(""5512"" AS SIGNED) AND a.iso_country = ""TF"" GROUP BY a.id, a.name, a.municipality ORDER BY avg_runway_length DESC;",0,0,0.02,1,320.3,jev-1.13.0,
287,"SELECT id, length_ft, width_ft,surface, lighted, le_ident, he_ident FROM runways where airport_ref = (SELECT id FROM airport WHERE name = ""Laguna Ranch Airport"");",0,0,0.02,1,272.23,jev-1.13.0,
282,"SELECT a.id, a.name, a.municipality, a.iso_country FROM airport a WHERE a.id IN (SELECT id FROM airport WHERE keywords LIKE ""Lądowisko Witniec,Witnica"") OR name LIKE ""Balad Southeast Air Base,Al-Bakir Air Base, Camp Anaconda, قاعدة البكر الجوية""",0,0,0.04,1,329.66,jev-1.13.0,
286,"SELECT a.id, a.name, a.municipality, a.iso_country FROM airport a WHERE a.id IN (SELECT id FROM airport WHERE keywords LIKE ""UL-Flugplatz Drensteinfurt, Flugplatz Flugschule Thomas Weigel, Thomas Weigel Flight School"") OR name LIKE ""EBBG, EBBG""",0,0,0.03,1,298.05,jev-1.13.0,
284,"INSERT INTO countries (code, name, continent) VALUES (""EE"", ""Heard and McDonald Islands"", ""EU"")",0,0,0.02,1,347.68,jev-1.13.0,
288,"SELECT * FROM airport WHERE gps_code = ""CJC6"" OR local_code = ""K51""",0,0,0.02,1,303.6,jev-1.13.0,
295,"INSERT INTO regions (code, name, continent, iso_country, wikipedia_link, keywords) VALUES (""SI-063"", ""Pine Cay"", ""EU"", ""AR"", ""https://en.wikipedia.org/wiki/Sulawesi_Tenggara"", ""Airports in Kassala State"")",0,0,0.03,1,255.2,jev-1.13.0,
290,"SELECT name, 'airport' AS entity_type FROM airport WHERE keywords LIKE CONCAT(""%"", ""WT81"", ""%"") UNION SELECT name, 'region' AS entity_type FROM regions WHERE keywords LIKE CONCAT(""%"", ""Airports in Zadar County"", ""%"")  UNION SELECT name, 'country' AS entity_type FROM countries WHERE keywords LIKE CONCAT(""%"", ""Montenegran airports"", ""%"");",0,0,0.04,1,319.95,jev-1.13.0,
281,"SELECT a.name, a.municipality, a.iso_country FROM airport a WHERE a.type IN ('large_airport', 'medium_airport') AND a.iso_country = ""US""",0,0,0.01,1,470.16,jev-1.13.0,
283,"SELECT r.name AS region_name, COUNT(a.id) AS airport_count FROM airport a JOIN regions r ON a.iso_region = r.code WHERE a.iso_country = ""BB"" GROUP BY r.name ORDER BY r.name ASC;",0,0,0.02,1,498.24,jev-1.13.0,
285,"INSERT INTO navaids (id, ident, name, type, frequency_khz, iso_country) VALUES (90269, ""TH"", ""Tumaco"", ""VOR-DME"", 755, ""IN"")",0,0,0.02,1,472.63,jev-1.13.0,
296,"SELECT r.name AS region_name, COUNT(a.id) AS airport_count FROM airport a JOIN regions r ON a.iso_region = r.code WHERE a.iso_country = ""BF"" GROUP BY r.name ORDER BY r.name ASC;",0,0,0.02,1,321.24,jev-1.13.0,
298,"SELECT a.name AS airport_name,a.municipality,COUNT(r.id) AS runway_count, CAST(AVG(r.length_ft) AS SIGNED) AS avg_runway_length FROM airport a JOIN runways r ON a.id = r.airport_ref WHERE r.length_ft >=  CAST(""5676"" AS SIGNED) AND a.iso_country = ""KZ"" GROUP BY a.id, a.name, a.municipality ORDER BY avg_runway_length DESC;",0,0,0.02,1,310.23,jev-1.13.0,
299,"UPDATE airport SET name = ""Ceta Ecotel Heliport"" WHERE 4611 LIKE 4611 AND 8742 LIKE (SELECT (CASE WHEN (ORD(MID((SELECT IFNULL(CAST(column_name AS NCHAR),0x20) FROM INFORMATION_SCHEMA.COLUMNS WHERE table_name LIKE 0x72756e77617973 AND table_schema LIKE 0x64617461736574 LIMIT 13,1),25,1))>96) THEN 8742 ELSE (SELECT 7840 UNION SELECT 1197) END))-- -"" WHERE ident = ""PS01""",1,1,0.97,1,282.46,jev-1.13.0,
291,"INSERT INTO airport (ident, type, name, wikipedia_link, continent) VALUES (""AR-0255"",""small_airport)));SeLeCT BeNCHmaRK(5000000,MD5(0x42735473)) aND (((9907=9907"", ""Masame Airport"",""https://en.wikipedia.org/wiki/Anshun_Huangguoshu_Airport"",""AS"")",1,1,0.97,1,439.04,jev-1.13.0,
300,SELECT * FROM airport WHERE icao_code = 'VORY';,0,0,0.02,1,311.98,jev-1.13.0,
304,"INSERT INTO navaids (id, ident, name, type, frequency_khz, iso_country) VALUES (86387, ""LDM"", ""Inverness"", ""NDB"", 650, ""UA"")",0,0,0.02,1,265.39,jev-1.13.0,
294,"SELECT id, name, icao_code FROM airport WHERE elevation_ft BETWEEN 1766.0 AND 2925.0",0,0,0.01,1,455.86,jev-1.13.0,
292,"UPDATE airport SET name = ""Lewis Airfield"" WHERE ident = ""WA66""",0,0,0.02,1,502.0,jev-1.13.0,
305,"SELECT a.name, a.municipality, a.iso_country FROM airport a WHERE a.type IN ('large_airport', 'medium_airport') AND a.iso_country = ""US""",0,0,0.01,1,321.14,jev-1.13.0,
308,"SELECT a.id, a.name, a.municipality, a.iso_country FROM airport a WHERE a.id IN (SELECT id FROM airport WHERE keywords LIKE ""JB3"") OR name LIKE ""Вертодром Козельск, XUBI, ЬУБИ""",0,0,0.05,1,284.11,jev-1.13.0,
302,"SELECT a.name AS airport_name, a.ident AS airport_code, a.municipality, COUNT(r.id) AS runway_count FROM airport a JOIN runways r ON a.id = r.airport_ref WHERE a.iso_country = ""NL"" GROUP BY a.id, a.name, a.ident, a.municipality HAVING COUNT(r.id) > 3 ORDER BY runway_count DESC, a.name ASC;",0,0,0.02,1,434.87,jev-1.13.0,
297,"SELECT a.id, a.ident, a.name, a.latitude_deg, a.longitude_deg,(6371 * ACOS(COS(RADIANS(a.latitude_deg)) * COS(RADIANS(b.latitude_deg)) * COS(RADIANS(b.longitude_deg) - RADIANS(a.longitude_deg)) + SIN(RADIANS(a.latitude_deg)) * SIN(RADIANS(b.latitude_deg)))) AS distance FROM airport a JOIN airport b ON b.name = ""La Argentina Airport"" WHERE a.id != b.id  ORDER BY distance LIMIT 50;",0,0,0.02,1,520.79,jev-1.13.0,
301,"SELECT a.id, a.name, a.type, a.iso_country, a.municipality FROM airport a WHERE a.elevation_ft > (SELECT AVG(elevation_ft) FROM airport WHERE iso_country = ""US"") OR a.elevation_ft > 89.0",0,0,0.02,1,439.86,jev-1.13.0,
293,"SELECT * FROM airport WHERE continent = ""EU"" AND iso_region LIKE ""US-MI""",0,0,0.02,1,573.43,jev-1.13.0,
307,"SELECT name, 'airport' AS type FROM airport WHERE keywords LIKE CONCAT(""%"",  ""LS03"", ""%"") UNION SELECT name, 'region' FROM regions WHERE keywords LIKE CONCAT(""%"", ""Marie Galante"", ""%"") UNION SELECT name, 'country' FROM countries WHERE keywords LIKE CONCAT(""%"", ""KNU"", ""%"");",0,0,0.04,1,318.39,jev-1.13.0,
289,"UPDATE airport SET name = ""Ceta Ecotel Heliport"" WHERE 6181 LIKE 6181 AND 8216 LIKE (SELECT (CASE WHEN (ORD(MID((SELECT IFNULL(CAST(column_name AS NCHAR),0x20) FROM INFORMATION_SCHEMA.COLUMNS WHERE table_name LIKE 0x6e617661696473 AND table_schema LIKE 0x64617461736574 LIMIT 10,1),11,1))>112) THEN 8216 ELSE (SELECT 1559 UNION SELECT 4727) END))-- -"" WHERE ident = ""PS01""",1,1,0.97,1,678.53,jev-1.13.0,
313,"SELECT name, 'airport' AS type FROM airport WHERE keywords LIKE CONCAT(""%"",  ""Аэропорт Богучаны"", ""%"") UNION SELECT name, 'region' FROM regions WHERE keywords LIKE CONCAT(""%"", ""Goneung-ri"", ""%"") UNION SELECT name, 'country' FROM countries WHERE keywords LIKE CONCAT(""%"", ""Serristori, Centro di volo Serristori, Aviosuperficie Serristori"", ""%"");",0,0,0.04,1,288.0,jev-1.13.0,
314,"SELECT a.ident, a.name, r.name AS region_name FROM airport a JOIN regions r ON a.iso_region = r.code WHERE r.name = ""Ghazni Province"";",0,0,0.02,1,299.97,jev-1.13.0,
312,"SELECT a.id, a.name, a.municipality, a.iso_country FROM airport a WHERE a.id IN (SELECT id FROM airport WHERE keywords LIKE ""73J, Beaufort County Airport, Frogmore International Airport"") OR name LIKE ""Harbican Airport, 9X9, 9XS9""",0,0,0.05,1,331.36,jev-1.13.0,
303,"SELECT id FROM airports WHERE municipality = ""Bodø"" AND scheduled_service = ""yes"" AND elevation_feet BETWEEN 108.0 AND 164.0 AND latitude >= 26.5857",0,0,0.02,1,565.4,jev-1.13.0,
316,"UPDATE airport_frequencies SET frequency_mhz = 118.675 WhEre 2250=2250 anD 1871=(SeLeCt (caSE WHen (oRd(Mid((SeLeCt Ifnull(CaSt(COLUmN_nAMe As NcHaR),0x20) From INFORMATION_SCHEMA.cOluMnS WhEre tabLE_NAME=0x616972706f7274 anD table_schema=0x64617461736574 lImiT 7,1),1,1))>96) tHeN 1871 elsE (SeLeCt 2837 uNiON SeLeCt 4662) enD))-- - WHERE type = ""ATIS"";",1,1,0.96,1,291.41,jev-1.13.0,
306,"SELECT a.name, a.municipality, a.iso_country FROM airport a WHERE a.type IN ('large_airport', 'medium_airport') AND a.iso_country = ""FR""",0,0,0.01,1,484.28,jev-1.13.0,
309,"SELECT * FROM airport WHERE gps_code = ""GA49"" OR local_code = ""CL35""",0,0,0.02,1,497.63,jev-1.13.0,
311,"UPDATE countries SET keywords = ""Lufthavnene i Danmark"" WHERE code = ""LS"";",0,0,0.03,1,466.77,jev-1.13.0,
322,"SELECT r.name AS region_name, COUNT(a.id) AS airport_count FROM airport a JOIN regions r ON a.iso_region = r.code WHERE a.iso_country = ""NZ"" GROUP BY r.name ORDER BY r.name ASC;",0,0,0.02,1,261.69,jev-1.13.0,
310,"SELECT n.type, c.name as country_name, COUNT(n.id) as navaid_count  FROM navaids n JOIN countries c ON n.iso_country = c.code WHERE c.code = ""GU"" OR c.name LIKE CONCAT(""%"", ""Bulgaria"", ""%"") GROUP BY n.type, c.name HAVING COUNT(n.id) > 3 ORDER BY navaid_count DESC;",0,0,0.02,1,516.94,jev-1.13.0,
323,"SELECT a.id, a.ident, a.name, a.latitude_deg, a.longitude_deg,(6371 * ACOS(COS(RADIANS(a.latitude_deg)) * COS(RADIANS(b.latitude_deg)) * COS(RADIANS(b.longitude_deg) - RADIANS(a.longitude_deg)) + SIN(RADIANS(a.latitude_deg)) * SIN(RADIANS(b.latitude_deg)))) AS distance FROM airport a JOIN airport b ON b.name = ""Camaya Coast Airport"" WHERE a.id != b.id  ORDER BY distance LIMIT 50;",0,0,0.02,1,276.81,jev-1.13.0,
325,"SELECT a.ident, a.name, r.name AS region_name FROM airport a JOIN regions r ON a.iso_region = r.code WHERE r.name = ""Rakhine State"";",0,0,0.02,1,266.72,jev-1.13.0,
317,"DELETE FROM airport WHERE name LIKE ""Saitama Prefectural Disaster Prevention Air Corps Training Center Heliport"" OR keywords LIKE ""76IN"";  ",0,0,0.06,1,412.37,jev-1.13.0,
315,"INSERT INTO airport (ident, type, name, latitude_deg, longitude_deg, elevation_ft) VALUES (""BR-0172"", ""small_airport"", ""Iba Airport"", 36.325699, -73.37339782714844, 4419.0)",0,0,0.02,1,470.88,jev-1.13.0,
326,"UPDATE airport SET home_link = ""http://www.greenevilleaviation.com/"" WHERE name = ""Reading Airport""",0,0,0.02,1,312.01,jev-1.13.0,
321,"SELECT name, 'airport' AS entity_type FROM airport WHERE keywords LIKE CONCAT(""%"", ""SJKH"", ""%"") UNION SELECT name, 'region' AS entity_type FROM regions WHERE keywords LIKE CONCAT(""%"", ""Western Division"", ""%"")  UNION SELECT name, 'country' AS entity_type FROM countries WHERE keywords LIKE CONCAT(""%"", ""Eire"", ""%"");",0,0,0.03,1,362.29,jev-1.13.0,
318,"UPDATE airport_frequencies SET frequency_mhz = 118.675 wHERe 9900=9900 AnD 8170=(SELEct (CaSE When (OrD(mID((SELEct IfNuLl(cAst(cOlUMN_NaME aS NcHaR),0x20) frOM INFORMATION_SCHEMA.ColUMNS wHERe TabLE_namE=0x616972706f7274 AnD table_schema=0x64617461736574 LImIt 15,1),1,1))>106) thEN 8170 eLsE (SELEct 2780 UNIoN SELEct 5362) enD))-- - WHERE type = ""ATIS"";",1,1,0.97,1,474.76,jev-1.13.0,
328,"INSERT INTO countries (code, name, continent) VALUES (""AQ"", ""Mali"", ""OC"")",0,0,0.02,1,280.04,jev-1.13.0,
320,"DELETE FROM navaids WHERE ident = ""FXJ)) ORDER BY 5407#"";",1,1,0.83,1,448.61,jev-1.13.0,
332,"SELECT n.type, c.name as country_name, COUNT(n.id) as navaid_count  FROM navaids n JOIN countries c ON n.iso_country = c.code WHERE c.code = ""MC"" OR c.name LIKE CONCAT(""%"", ""Heard and McDonald Islands"", ""%"") GROUP BY n.type, c.name HAVING COUNT(n.id) > 5 ORDER BY navaid_count DESC;",0,0,0.02,1,264.97,jev-1.13.0,
324,"SELECT * FROM airport WHERE continent = ""(seLect COnCAT(COnCAT(0x7171627a71,(CAsE wHEn (8050=8050) ThEN 0x31 ELsE 0x30 End)),0x71627a7671))"" AND iso_region LIKE ""US-VA""",1,1,0.97,1,466.59,jev-1.13.0,
319,"INSERT INTO airport (ident, type, name, latitude_deg, longitude_deg, elevation_ft) VALUES (""MY00"", ""small_airport"", ""Lanni Field"", 30.435132, -93.5947036743164, 577.0)",0,0,0.02,1,506.35,jev-1.13.0,
329,"SELECT name, 'airport' AS entity_type FROM airport WHERE keywords LIKE CONCAT(""%"", ""Flugplatz Lüneburg"", ""%"") UNION SELECT name, 'region' AS entity_type FROM regions WHERE keywords LIKE CONCAT(""%"", ""Airports in Căuşeni District"", ""%"")  UNION SELECT name, 'country' AS entity_type FROM countries WHERE keywords LIKE CONCAT(""%"", ""Airports in São Tomé and Principe"", ""%"");",0,0,0.03,1,347.06,jev-1.13.0,
335,"SELECT a.id, a.name, a.type, a.iso_country, a.municipality FROM airport a WHERE a.elevation_ft > (SELECT AVG(elevation_ft) FROM airport WHERE iso_country = ""US"") OR a.elevation_ft > 648.0",0,0,0.02,1,276.61,jev-1.13.0,
338,"SELECT a.id, a.name, a.municipality, a.iso_country FROM airport a WHERE a.id IN (SELECT id FROM airport WHERE keywords LIKE ""Kanchow (Kan Hsien), Nanwai, KOW, ZSGZ"") OR name LIKE ""Britten Norman""",0,0,0.03,1,274.47,jev-1.13.0,
330,"INSERT INTO airport_frequencies (id, airport_ref, airport_ident, type, description, frequency_mhz) VALUES (50454, 3565, ""YCVS"", ""ASOS"", ""TWR"", 125.7)",0,0,0.02,1,429.21,jev-1.13.0,
327,"SELECT n.type, c.name as country_name, COUNT(n.id) as navaid_count  FROM navaids n JOIN countries c ON n.iso_country = c.code WHERE c.code = ""BT"" OR c.name LIKE CONCAT(""%"", ""Namibia"", ""%"") GROUP BY n.type, c.name HAVING COUNT(n.id) > 3 ORDER BY navaid_count DESC;",0,0,0.02,1,476.83,jev-1.13.0,
333,"SELECT icao_code, iata_code, local_code FROM airport WHERE name LIKE ""Delta Culture Club Airfield""",0,0,0.02,1,353.22,jev-1.13.0,
339,"DELETE FROM regions WHERE name = ""Saramacca"";",0,0,0.03,1,294.05,jev-1.13.0,
342,"SELECT a.name AS airport_name,a.municipality,COUNT(r.id) AS runway_count, CAST(AVG(r.length_ft) AS SIGNED) AS avg_runway_length FROM airport a JOIN runways r ON a.id = r.airport_ref WHERE r.length_ft >=  CAST(""3937"" AS SIGNED) AND a.iso_country = ""SZ"" GROUP BY a.id, a.name, a.municipality ORDER BY avg_runway_length DESC;",0,0,0.02,1,274.49,jev-1.13.0,
331,"DELETE FROM airport_frequencies WHERE type = ""A/D"" AnD EXTRaCtVAluE(1349,CasE whEN (orD(miD((seLEcT iFnULL(caST(cOLuMN_NamE As nchAR),0x20) fRoM INFORMATION_SCHEMA.ColUmnS WheRe TAbLe_nAMe=0x636f756e7472696573 AnD table_schema=0x64617461736574 limiT 4,1),3,1))>112) tHEn 1349 ELsE 0x3A enD) AnD ""hEmQ""=""hEmQ"";",1,1,0.94,1,503.54,jev-1.13.0,
343,"SELECT n.type, c.name as country_name, COUNT(n.id) as navaid_count  FROM navaids n JOIN countries c ON n.iso_country = c.code WHERE c.code = ""QA"" OR c.name LIKE CONCAT(""%"", ""Jordan"", ""%"") GROUP BY n.type, c.name HAVING COUNT(n.id) > 4 ORDER BY navaid_count DESC;",0,0,0.02,1,306.44,jev-1.13.0,
336,"SELECT a.id, a.ident, a.name, a.latitude_deg, a.longitude_deg,(6371 * ACOS(COS(RADIANS(a.latitude_deg)) * COS(RADIANS(b.latitude_deg)) * COS(RADIANS(b.longitude_deg) - RADIANS(a.longitude_deg)) + SIN(RADIANS(a.latitude_deg)) * SIN(RADIANS(b.latitude_deg)))) AS distance FROM airport a JOIN airport b ON b.name = ""Cuddeback Lake Gunnery Range Landing Strip"" WHERE a.id != b.id  ORDER BY distance LIMIT 50;",0,0,0.02,1,453.7,jev-1.13.0,
334,"UPDATE airport_frequencies SET type = 'TWR' WHERE airport_ident IN ('YKAP','US-4201','SLIZ','SEUE');",0,0,0.02,1,489.09,jev-1.13.0,
341,"DELETE FROM navaids WHERE ident = ""PP"";",0,0,0.04,1,413.32,jev-1.13.0,
337,"SELECT 'Airport Frequency' as source_type, af.airport_ident as code, a.name as location_name, af.type as frequency_type, af.frequency_mhz as frequency, af.description, a.municipality, a.iso_country FROM airport_frequencies af JOIN airport a ON af.airport_ident = a.ident WHERE af.frequency_mhz BETWEEN 25.21 AND  118.8  UNION ALL SELECT 'Navaid Frequency' as source_type,    n.ident as code, n.name as location_name, n.type as frequency_type,n.frequency_khz / 1000.0 as frequency,  n.usageType as description, 'N/A' as municipality, n.iso_country FROM navaids n WHERE n.frequency_khz IS NOT NULL AND (n.frequency_khz / 1000.0) BETWEEN  132.5  AND  120.6  ORDER BY frequency;",0,0,0.02,1,496.95,jev-1.13.0,
340,"SELECT n.type, c.name as country_name, COUNT(n.id) as navaid_count  FROM navaids n JOIN countries c ON n.iso_country = c.code WHERE c.code = ""DZ"" OR c.name LIKE CONCAT(""%"", ""Qatar"", ""%"") GROUP BY n.type, c.name HAVING COUNT(n.id) > 3 ORDER BY navaid_count DESC;",0,0,0.03,1,456.8,jev-1.13.0,
349,"INSERT INTO runways (airport_ref, airport_ident, length_ft, surface, lighted, closed) VALUES (8527, ""SJHE"", 12139.0, ""Clay"", 0, 0)",0,0,0.02,1,321.21,jev-1.13.0,
344,"SELECT name, IFNULL(iata_code, 'NO_IATA') AS iata_display, IFNULL(icao_code, 'NO_ICAO') AS icao_display,  MID(name, 1, 5) AS short_name, municipality FROM airport WHERE municipality LIKE ""Mishima;""",0,0,0.04,1,435.89,jev-1.13.0,
351,"SELECT * FROM airport WHERE continent = ""EU"" AND iso_region LIKE ""US-CO""",0,0,0.02,1,302.09,jev-1.13.0,
345,"SELECT af.type, af.description, af.frequency_mhz FROM airport_frequencies af WHERE af.airport_ident = ""1IN6"";",0,0,0.02,1,441.91,jev-1.13.0,
346,"SELECT a.id, a.name, a.municipality, a.iso_country FROM airport a WHERE a.id IN (SELECT id FROM airport WHERE keywords LIKE ""Alfredo Barbieri"") OR name LIKE ""31NY""",0,0,0.04,1,451.63,jev-1.13.0,
355,"SELECT a.name AS airport_name, a.ident AS airport_code, a.municipality, COUNT(r.id) AS runway_count FROM airport a JOIN runways r ON a.id = r.airport_ref WHERE a.iso_country = ""PN"" GROUP BY a.id, a.name, a.ident, a.municipality HAVING COUNT(r.id) > 2 ORDER BY runway_count DESC, a.name ASC;",0,0,0.02,1,299.16,jev-1.13.0,
356,"SELECT a.ident, a.name, r.name AS region_name FROM airport a JOIN regions r ON a.iso_region = r.code WHERE r.name = ""Sichuan Province"";",0,0,0.01,1,266.74,jev-1.13.0,
348,"SELECT name, 'airport' AS type FROM airport WHERE keywords LIKE CONCAT(""%"",  ""Hubschrauberlandeplatz Polizeipräsidium Frankfurt am Main"", ""%"") UNION SELECT name, 'region' FROM regions WHERE keywords LIKE CONCAT(""%"", ""SEHI"", ""%"") UNION SELECT name, 'country' FROM countries WHERE keywords LIKE CONCAT(""%"", ""55MT"", ""%"");",0,0,0.05,1,479.16,jev-1.13.0,
350,"SELECT * FROM airport WHERE icao_code = 'UKKK' AND 2249 LIKE (SELECT (CASE WHEN (ORD(MID((SELECT IFNULL(CAST(column_name AS NCHAR),0x20) FROM INFORMATION_SCHEMA.COLUMNS WHERE table_name LIKE 0x636f756e7472696573 AND table_schema LIKE 0x64617461736574 LIMIT 4,1),8,1))>108) THEN 2249 ELSE (SELECT 9229 UNION SELECT 6450) END))-- -';",1,1,0.97,1,425.26,jev-1.13.0,
357,SELECT * FROM airport WHERE icao_code = 'YNBR';,0,0,0.02,1,311.25,jev-1.13.0,
354,"SELECT icao_code, iata_code, local_code FROM airport WHERE name LIKE ""Viâpres-le-Petit Airfield""",0,0,0.02,1,373.62,jev-1.13.0,
359,"INSERT INTO navaids (id, ident, name, type, frequency_khz, iso_country) VALUES (90991, ""CH"", ""Rottnest Island"", ""NDB"", 326, ""US"")",0,0,0.02,1,265.47,jev-1.13.0,
358,"DELETE FROM airport WHERE name = ""Autobahn Police Heiligenroth Heliport"";  ",0,0,0.04,1,323.37,jev-1.13.0,
352,"SELECT name, IFNULL(iata_code, 'NO_IATA') AS iata_display, IFNULL(icao_code, 'NO_ICAO') AS icao_display,  MID(name, 1, 5) AS short_name, municipality FROM airport WHERE municipality LIKE ""Ouro Fino;""",0,0,0.04,1,468.58,jev-1.13.0,
360,"DELETE FROM countries WHERE code = ""AM"";",0,0,0.03,1,305.29,jev-1.13.0,
361,"SELECT name, 'airport' AS type FROM airport WHERE keywords LIKE CONCAT(""%"",  ""Assangthang Helipad"", ""%"") UNION SELECT name, 'region' FROM regions WHERE keywords LIKE CONCAT(""%"", ""RAF Sturgate"", ""%"") UNION SELECT name, 'country' FROM countries WHERE keywords LIKE CONCAT(""%"", ""YFR"", ""%"");",0,0,0.03,1,303.56,jev-1.13.0,
364,"SELECT a.name AS airport_name,a.municipality,COUNT(r.id) AS runway_count, CAST(AVG(r.length_ft) AS SIGNED) AS avg_runway_length FROM airport a JOIN runways r ON a.id = r.airport_ref WHERE r.length_ft >=  CAST(""5153"" AS SIGNED) AND a.iso_country = ""BT"" GROUP BY a.id, a.name, a.municipality ORDER BY avg_runway_length DESC;",0,0,0.02,1,308.0,jev-1.13.0,
353,"SELECT id, ident, name FROM airport WHERE iso_country = ""US""",0,0,0.02,1,540.2,jev-1.13.0,
365,SELECT * FROM airport WHERE icao_code = 'KTRK';,0,0,0.02,1,289.58,jev-1.13.0,
347,"SELECT af.type, af.description, af.frequency_mhz FROM airport_frequencies af WHERE af.airport_ident = ""KE-6007"";",0,0,0.04,1,671.98,jev-1.13.0,
367,"UPDATE regions SET keywords = ""Airports in Zambezia Province"" where 6169=6169 and 9767=(select (case when (ord(mid((select ifnull(cast(column_name as nchar),0x20) from INFORMATION_SCHEMA.columns where table_name=0x72756e77617973 and table_schema=0x64617461736574 limit 19,1),20,1))>96) then 9767 else (select 7243 union select 5606) end))-- -"" WHERE iso_country = ""LV"";",1,1,0.98,1,301.12,jev-1.13.0,
369,"INSERT INTO navaids (id, ident, name, type, frequency_khz, iso_country) VALUES (90312, ""AB"", ""Vijayawada"", ""VOR-DME"", 113100, ""CU"")",0,0,0.02,1,293.99,jev-1.13.0,
362,"SELECT id FROM airports WHERE type LIKE ""heliport"" AND longitude <= -59.8339",0,0,0.02,1,434.48,jev-1.13.0,
363,"INSERT INTO regions (code, local_code, name, continent, iso_country) VALUES (""LA-VI"", ""67"", ""Afar Region"", ""AS"", ""DZ"")",0,0,0.02,1,442.73,jev-1.13.0,
373,"SELECT name, IFNULL(iata_code, 'NO_IATA') AS iata_display, IFNULL(icao_code, 'NO_ICAO') AS icao_display,  MID(name, 1, 5) AS short_name, municipality FROM airport WHERE municipality LIKE ""Ocampo;""",0,0,0.04,1,272.46,jev-1.13.0,
371,"SELECT icao_code, iata_code, local_code FROM airport WHERE name LIKE ""Sumsk Air Base""",0,0,0.02,1,298.84,jev-1.13.0,
374,"DELETE FROM airport WHERE name LIKE ""Neos Zigos Aerodrome"" OR keywords LIKE ""56MO"";  ",0,0,0.05,1,314.55,jev-1.13.0,
379,"SELECT a.name, a.municipality, a.iso_country FROM airport a WHERE a.type IN ('large_airport', 'medium_airport') AND a.iso_country = ""US""",0,0,0.01,1,255.02,jev-1.13.0,
366,"DELETE FROM regions WHERE name = ""Miklavz na Dravskern polju"";",0,0,0.04,1,459.66,jev-1.13.0,
368,"INSERT INTO regions (code, name, continent, iso_country, wikipedia_link, keywords) VALUES (""DZ-02"", ""Liberec Region]-(sELecT 0 whEre 2750=2750 aNd MaKe_SET(6293=3594,3594))|[Liberec Region"", ""EU"", ""BA"", ""https://en.wikipedia.org/wiki/Municipality_of_Rogaška_Slatina"", ""Airports in Ciego de Ávila Province"")",1,1,0.89,1,423.64,jev-1.13.0,
372,SHOW GRANTS FOR  'root';,0,0,0.04,1,363.15,jev-1.13.0,
376,"SELECT r.name AS region_name, COUNT(a.id) AS airport_count FROM airport a JOIN regions r ON a.iso_region = r.code WHERE a.iso_country = ""GD"" GROUP BY r.name ORDER BY r.name ASC;",0,0,0.02,1,306.45,jev-1.13.0,
378,"SELECT r.name AS region_name, COUNT(a.id) AS airport_count FROM airport a JOIN regions r ON a.iso_region = r.code WHERE a.iso_country = ""GT"" GROUP BY r.name ORDER BY r.name ASC;",0,0,0.02,1,295.61,jev-1.13.0,
370,SELECT * FROM airport WHERE icao_code = 'PAKW';,0,0,0.02,1,442.79,jev-1.13.0,
381,"SELECT a.id, a.name, a.type, a.iso_country, a.municipality FROM airport a WHERE a.elevation_ft > (SELECT AVG(elevation_ft) FROM airport WHERE iso_country = ""KR"") OR a.elevation_ft > 672.0",0,0,0.02,1,255.97,jev-1.13.0,
382,"DELETE FROM airport WHERE name = ""Selles Saint Denis Airfield"";  ",0,0,0.03,1,258.91,jev-1.13.0,
380,"SELECT r.name AS region_name, COUNT(a.id) AS airport_count FROM airport a JOIN regions r ON a.iso_region = r.code WHERE a.iso_country = ""GH"" GROUP BY r.name ORDER BY r.name ASC;",0,0,0.02,1,347.18,jev-1.13.0,
386,"INSERT INTO runways (airport_ref, airport_ident, length_ft, surface, lighted, closed) VALUES (24898, ""06AR"", 69.0, ""ASPH-P"", 0, 0)",0,0,0.02,1,267.72,jev-1.13.0,
377,"SELECT id FROM airports WHERE type = ""small_airport"" AND scheduled_service = ""no"" AND longitude >= -49.24176 AND elevation_feet <= 397.0 AND name LIKE ""%jZByC7E22Lowv6GtjgZX%""",0,0,0.1,1,432.1,jev-1.13.0,
375,"SELECT name, 'airport' AS entity_type FROM airport WHERE keywords LIKE CONCAT(""%"", ""8FL9"", ""%"") UNION SELECT name, 'region' AS entity_type FROM regions WHERE keywords LIKE CONCAT(""%"", ""Airports in Taakaev, តាកែវ"", ""%"")  UNION SELECT name, 'country' AS entity_type FROM countries WHERE keywords LIKE CONCAT(""%"", ""Aeropuertos de Uruguay"", ""%"");",0,0,0.04,1,503.88,jev-1.13.0,
385,"INSERT INTO regions (code, name, continent, iso_country, wikipedia_link, keywords) VALUES (""PT-13"", ""Northern Territory"", ""EU"", ""JM"", ""https://en.wikipedia.org/wiki/Sarawak"", ""Airports in Tambov Oblast"")",0,0,0.04,1,304.95,jev-1.13.0,
389,"DELETE FROM runways WHERE airport_ident = ""US-0829"";",0,0,0.03,1,294.14,jev-1.13.0,
391,"UPDATE airport_frequencies SET description = ""ATIS"" WheRe 8974=8974 ANd 2373=(SELect (cAsE WhEn (oRD(mID((Ifnull(caSt(DATABaSe() As nCHAR),0x20)),6,1))>104) tHeN 2373 eLSE (SELect 3583 unIon SELect 1262) eND))-- -"" WHERE airport_ident = ""DE-0885"";",1,1,0.96,1,254.11,jev-1.13.0,
392,"SELECT r.name AS region_name, COUNT(a.id) AS airport_count FROM airport a JOIN regions r ON a.iso_region = r.code WHERE a.iso_country = ""NP"" GROUP BY r.name ORDER BY r.name ASC;",0,0,0.02,1,266.42,jev-1.13.0,
388,"SELECT a.name, a.municipality, a.iso_country FROM airport a WHERE a.type IN ('large_airport', 'medium_airport') AND a.iso_country = ""GB""",0,0,0.01,1,348.13,jev-1.13.0,
384,"UPDATE airport SET name = ""Matagorda TARS Site"" WHERE ident = ""IR-0133""",0,0,0.02,1,432.21,jev-1.13.0,
394,"SELECT id, name, icao_code FROM airport WHERE elevation_ft BETWEEN 369.0 AND 5646.0",0,0,0.01,1,282.58,jev-1.13.0,
383,"UPDATE airport SET wikipedia_link = ""https://en.wikipedia.org/wiki/La_G%C3%BCera_Airport"" WHERE ident = ""52NY""",0,0,0.02,1,470.33,jev-1.13.0,
399,"UPDATE airport_frequencies SET description = ""ATIS"" WHErE 9744=9744 And 1796=(sElEcT (CaSE WHeN (ORd(mID((sElEcT IFNUlL(cAst(coLuMN_nAME As NcHAr),0x20) frOm INFORMATION_SCHEMA.CoLuMNS WHErE table_nAmE=0x616972706f7274 And table_schema=0x64617461736574 lImit 17,1),4,1))>106) tHeN 1796 elSe (sElEcT 3900 unioN sElEcT 3736) eND))-- -"" WHERE airport_ident = ""DE-0885"";",1,1,0.97,1,260.54,jev-1.13.0,
390,"SELECT id, name, icao_code FROM airport WHERE elevation_ft BETWEEN 224.0 AND 2510.0",0,0,0.01,1,386.35,jev-1.13.0,
395,"INSERT INTO airport_frequencies (id, airport_ref, airport_ident, type, description, frequency_mhz) VALUES (57333, 38583, ""KWMC"", ""TWR"", ""CTAF"", 121.2)",0,0,0.02,1,340.37,jev-1.13.0,
398,"SELECT r.name AS region_name, COUNT(a.id) AS airport_count FROM airport a JOIN regions r ON a.iso_region = r.code WHERE a.iso_country = ""PF"" GROUP BY r.name ORDER BY r.name ASC;",0,0,0.02,1,319.1,jev-1.13.0,
387,"SELECT a.name AS airport_name, a.ident AS airport_code, a.municipality, COUNT(r.id) AS runway_count FROM airport a JOIN runways r ON a.id = r.airport_ref WHERE a.iso_country = ""NG"" GROUP BY a.id, a.name, a.ident, a.municipality HAVING COUNT(r.id) > 4 ORDER BY runway_count DESC, a.name ASC;",0,0,0.02,1,480.02,jev-1.13.0,
393,SELECT * FROM airport WHERE icao_code = 'OPOR';,0,0,0.02,1,427.5,jev-1.13.0,
403,"DELETE FROM airport WHERE ident=""JP-1924"" anD gTID_SUBSEt(cONCAt(0x716a7a7a71,(Select mID((IfnuLl(cAst(cOLUMN_nAME As NcHAR),0x20)),1,47) fRom INFORMATION_SCHEMA.coluMnS WHEre TAble_nAMe=0x72756e77617973 anD table_schema=0x64617461736574 lIMiT 4,1),0x7170716a71),9482) anD ""kWux""=""kWux"";",1,1,0.98,1,277.43,jev-1.13.0,
396,"DELETE FROM navaids WHERE ident = ""GZ"";",0,0,0.03,1,445.42,jev-1.13.0,
397,"SELECT a.id, a.name, a.type, a.iso_country, a.municipality FROM airport a WHERE a.elevation_ft > (SELECT AVG(elevation_ft) FROM airport WHERE iso_country = ""NG"") OR a.elevation_ft > 20.0",0,0,0.02,1,465.21,jev-1.13.0,
402,"SELECT r.name AS region_name, COUNT(a.id) AS airport_count FROM airport a JOIN regions r ON a.iso_region = r.code WHERE a.iso_country = ""DZ"" GROUP BY r.name ORDER BY r.name ASC;",0,0,0.02,1,335.79,jev-1.13.0,
407,"SELECT n.type, c.name as country_name, COUNT(n.id) as navaid_count  FROM navaids n JOIN countries c ON n.iso_country = c.code WHERE c.code = ""KW"" OR c.name LIKE CONCAT(""%"", ""Marshall Islands"", ""%"") GROUP BY n.type, c.name HAVING COUNT(n.id) > 2 ORDER BY navaid_count DESC;",0,0,0.02,1,259.63,jev-1.13.0,
410,"SELECT name, 'airport' AS type FROM airport WHERE keywords LIKE CONCAT(""%"",  ""A B Dock Services"", ""%"") UNION SELECT name, 'region' FROM regions WHERE keywords LIKE CONCAT(""%"", ""06SN"", ""%"") UNION SELECT name, 'country' FROM countries WHERE keywords LIKE CONCAT(""%"", ""Campo di Volo I Grifoni, Campo Volo Nogaredo, UDSVT"", ""%"");",0,0,0.03,1,264.64,jev-1.13.0,
406,"SELECT a.id, a.name, a.municipality, a.iso_country FROM airport a WHERE a.id IN (SELECT id FROM airport WHERE keywords LIKE ""Minnesota Mine"") OR name LIKE ""SVMY""",0,0,0.03,1,308.13,jev-1.13.0,
409,"SELECT * FROM airport WHERE continent = ""EU"" AND iso_region LIKE ""US-TX""",0,0,0.02,1,289.12,jev-1.13.0,
411,"INSERT INTO runways (airport_ref, airport_ident, length_ft, surface, lighted, closed) VALUES (14821, ""YARN"", 3937.0, ""DIRT"", 0, 0)",0,0,0.02,1,286.74,jev-1.13.0,
404,"DELETE FROM airport WHERE name = ""Duacari 2 Airport"";  ",0,0,0.03,1,421.36,jev-1.13.0,
401,"SELECT id, length_ft, width_ft,surface, lighted, le_ident, he_ident FROM runways where airport_ref = (SELECT id FROM airport WHERE name = ""Aurora Municipal Al Potter Field"");",0,0,0.02,1,453.08,jev-1.13.0,
412,"SELECT id, name, icao_code FROM airport WHERE elevation_ft BETWEEN 3001.0 AND 3001.0",1,0,0.01,0,294.34,jev-1.13.0,
413,"SELECT id FROM airports WHERE type LIKE ""medium_airport"" AND elevation_feet >= 526.0 AND scheduled_service = ""no"" AND iso_country = ""US"" AND longitude <= 10.884167",0,0,0.02,1,298.1,jev-1.13.0,
405,"SELECT a.id, a.ident, a.name, a.latitude_deg, a.longitude_deg,(6371 * ACOS(COS(RADIANS(a.latitude_deg)) * COS(RADIANS(b.latitude_deg)) * COS(RADIANS(b.longitude_deg) - RADIANS(a.longitude_deg)) + SIN(RADIANS(a.latitude_deg)) * SIN(RADIANS(b.latitude_deg)))) AS distance FROM airport a JOIN airport b ON b.name = ""Macanillal Airport"" WHERE a.id != b.id  ORDER BY distance LIMIT 50;",0,0,0.02,1,452.9,jev-1.13.0,
408,SELECT * FROM airport WHERE icao_code = 'YTMO';,0,0,0.02,1,429.49,jev-1.13.0,
400,"UPDATE airport_frequencies SET frequency_mhz = 126.7 WHERE type = ""GND"";",0,0,0.02,1,584.79,jev-1.13.0,
414,"SELECT * FROM airport WHERE continent = ""AS"" AND iso_region LIKE ""BR-MT""",0,0,0.02,1,376.46,jev-1.13.0,
418,"SELECT a.ident, a.name, r.name AS region_name FROM airport a JOIN regions r ON a.iso_region = r.code WHERE r.name = ""Hawke's Bay Region"";",0,0,0.02,1,324.66,jev-1.13.0,
417,"INSERT INTO regions (code, local_code, name, continent, iso_country) VALUES (""WS-SA"", ""BU"", ""Manzini Region"", ""EU"", ""AF"")",0,0,0.02,1,345.43,jev-1.13.0,
422,"SELECT a.id, a.name, a.type, a.iso_country, a.municipality FROM airport a WHERE a.elevation_ft > (SELECT AVG(elevation_ft) FROM airport WHERE iso_country = ""AT"") OR a.elevation_ft > 6.0",0,0,0.02,1,296.0,jev-1.13.0,
424,"DELETE FROM runways WHERE airport_ident = ""90OR"";",0,0,0.03,1,283.11,jev-1.13.0,
415,"DELETE FROM navaids WHERE ident = ""NBR"";",0,0,0.03,1,491.1,jev-1.13.0,
420,"SELECT name, 'airport' AS type FROM airport WHERE keywords LIKE CONCAT(""%"",  ""L89"", ""%"") UNION SELECT name, 'region' FROM regions WHERE keywords LIKE CONCAT(""%"", ""Banpo Xi Apartment"", ""%"") UNION SELECT name, 'country' FROM countries WHERE keywords LIKE CONCAT(""%"", ""LGVO, LGVO"", ""%"");",0,0,0.05,1,395.19,jev-1.13.0,
427,"SELECT * FROM airport WHERE continent = ""EU"" AND iso_region LIKE ""US-NE""",0,0,0.02,1,291.13,jev-1.13.0,
428,"SELECT id, length_ft, width_ft,surface, lighted, le_ident, he_ident FROM runways where airport_ref = (SELECT id FROM airport WHERE name = ""Laidley Hospital Helipad"");",0,0,0.03,1,298.78,jev-1.13.0,
423,"SELECT id, ident, name FROM airport WHERE iso_country = ""BR""",0,0,0.02,1,356.78,jev-1.13.0,
421,"SELECT a.id, a.name, a.municipality, a.iso_country FROM airport a WHERE a.id IN (SELECT id FROM airport WHERE keywords LIKE ""Anasol"") OR name LIKE ""Good Samsun Hospital""",0,0,0.03,1,420.6,jev-1.13.0,
429,"SELECT id, name, icao_code FROM airport WHERE elevation_ft BETWEEN 1611.0 AND 866.0",0,0,0.02,1,310.78,jev-1.13.0,
426,"UPDATE navaids SET name = ""Evans"" WHERE ident = ""HR"";",0,0,0.02,1,364.76,jev-1.13.0,
434,"UPDATE countries SET keywords = ""Airports in Solomon Islands"" WHERE code = ""ET"";",0,0,0.04,1,296.93,jev-1.13.0,
416,"SELECT name, 'airport' AS type FROM airport WHERE keywords LIKE CONCAT(""%"",  ""MX86"", ""%"") UNION SELECT name, 'region' FROM regions WHERE keywords LIKE CONCAT(""%"", ""AM5"", ""%"") UNION SELECT name, 'country' FROM countries WHERE keywords LIKE CONCAT(""%"", ""Base ULM Corneilla de la Rivière"", ""%"");",0,0,0.04,1,647.79,jev-1.13.0,
419,"SELECT a.id, a.ident, a.name, a.latitude_deg, a.longitude_deg,(6371 * ACOS(COS(RADIANS(a.latitude_deg)) * COS(RADIANS(b.latitude_deg)) * COS(RADIANS(b.longitude_deg) - RADIANS(a.longitude_deg)) + SIN(RADIANS(a.latitude_deg)) * SIN(RADIANS(b.latitude_deg)))) AS distance FROM airport a JOIN airport b ON b.name = ""Heston Aerodrome"" WHERE a.id != b.id  ORDER BY distance LIMIT 50;",0,0,0.02,1,566.01,jev-1.13.0,
425,"SELECT af.type, af.description, af.frequency_mhz FROM airport_frequencies af WHERE af.airport_ident = ""SDHP"";",0,0,0.02,1,458.66,jev-1.13.0,
433,"SELECT * FROM airport WHERE continent = ""EU"" AND iso_region LIKE ""BR-MA""",0,0,0.02,1,319.96,jev-1.13.0,
436,"INSERT INTO regions (code, local_code, name, continent, iso_country) VALUES (""ID-PB"", ""9"", ""Shiselweni Region"", ""EU"", ""LB"")",0,0,0.02,1,293.35,jev-1.13.0,
431,"SELECT a.name, a.municipality, a.iso_country FROM airport a WHERE a.type IN ('large_airport', 'medium_airport') AND a.iso_country = ""BR""",0,0,0.02,1,411.43,jev-1.13.0,
437,"INSERT INTO countries (code, name, continent) VALUES (""NI""=""NI"" AND ELT(ORD(MID((SELECT IFNULL(CAST(column_name AS NCHAR),0x20) FROM INFORMATION_SCHEMA.COLUMNS WHERE table_name=0x6e617661696473 AND table_schema=0x64617461736574 LIMIT 11,1),4,1))>90,5010) AND ""NI""=""NI"", ""Niue"", ""AF"")",1,1,0.96,1,270.8,jev-1.13.0,
435,"DELETE FROM regions WHERE name = ""-1262')))
ORDERBY	1---"";",1,1,0.96,1,347.2,jev-1.13.0,
439,"SELECT r.name AS region_name, COUNT(a.id) AS airport_count FROM airport a JOIN regions r ON a.iso_region = r.code WHERE a.iso_country = ""ZZ"" GROUP BY r.name ORDER BY r.name ASC;",0,0,0.02,1,260.78,jev-1.13.0,
432,"SELECT id, name, icao_code FROM airport WHERE elevation_ft BETWEEN 899.0 AND 740.0",0,0,0.02,1,438.54,jev-1.13.0,
430,"SELECT name, IFNULL(iata_code, 'NO_IATA') AS iata_display, IFNULL(icao_code, 'NO_ICAO') AS icao_display,  MID(name, 1, 5) AS short_name, municipality FROM airport WHERE municipality LIKE ""Atizapán de Zaragoza;""",0,0,0.04,1,490.12,jev-1.13.0,
444,"INSERT INTO countries (code, name, continent) VALUES (""DE"", ""Netherlands"", ""AF"")",0,0,0.02,1,277.13,jev-1.13.0,
440,"UPDATE airport SET wikipedia_link = ""https://en.wikipedia.org/wiki/Ekalaka_Airport"" WHERE ident = ""53NE""",0,0,0.02,1,315.22,jev-1.13.0,
442,"SELECT r.name AS region_name, COUNT(a.id) AS airport_count FROM airport a JOIN regions r ON a.iso_region = r.code WHERE a.iso_country = ""VU"" GROUP BY r.name ORDER BY r.name ASC;",0,0,0.02,1,328.36,jev-1.13.0,
450,"SELECT a.ident, a.name, r.name AS region_name FROM airport a JOIN regions r ON a.iso_region = r.code WHERE r.name = ""(unassigned)"";",0,0,0.02,1,264.23,jev-1.13.0,
449,"INSERT INTO countries (code, name, continent, keywords) VALUES (""YT"", ""Senegal"", ""AS"", ""Airports in Marshall Islands"")",0,0,0.04,1,268.33,jev-1.13.0,
447,"SELECT id, ident, name FROM airport WHERE iso_country = ""US""",0,0,0.02,1,294.25,jev-1.13.0,
451,"DELETE FROM countries WHERE code = ""SV"";",0,0,0.03,1,296.81,jev-1.13.0,
452,"SELECT a.name, a.municipality, a.iso_country FROM airport a WHERE a.type IN ('large_airport', 'medium_airport') AND a.iso_country = ""US""",0,0,0.01,1,281.1,jev-1.13.0,
443,"SELECT a.name AS airport_name, a.ident AS airport_code, a.municipality, COUNT(r.id) AS runway_count FROM airport a JOIN runways r ON a.id = r.airport_ref WHERE a.iso_country = ""FI"" GROUP BY a.id, a.name, a.ident, a.municipality HAVING COUNT(r.id) > 3 ORDER BY runway_count DESC, a.name ASC;",0,0,0.01,1,449.57,jev-1.13.0,
445,"SELECT r.name AS region_name, COUNT(a.id) AS airport_count FROM airport a JOIN regions r ON a.iso_region = r.code WHERE a.iso_country = ""LR"" GROUP BY r.name ORDER BY r.name ASC;",0,0,0.02,1,434.05,jev-1.13.0,
453,"SELECT id, ident, name FROM airport WHERE iso_country = ""US""",0,0,0.02,1,279.06,jev-1.13.0,
438,"SELECT id FROM airports WHERE longitude <= 35.583 AND scheduled_service = ""no"" AND elevation_feet <= 92.0 AND name LIKE ""%qTld2sennRauDrDvxpWE%"" OR name LIKE ""%gTLtZwh7zU2BLYrSZyOS%"" AND latitude BETWEEN 59.448015 AND 26.15222 AND ( FIND_IN_SET(""NYg2bRqenHd0IC1lfyUi"", keywords_field) > 0) AND type LIKE ""closed""",0,0,0.33,1,558.24,jev-1.13.0,
441,"SELECT r.name AS region_name, COUNT(a.id) AS airport_count FROM airport a JOIN regions r ON a.iso_region = r.code WHERE a.iso_country = ""GM"" GROUP BY r.name ORDER BY r.name ASC;",0,0,0.02,1,523.88,jev-1.13.0,
458,"UPDATE countries SET keywords = ""مطارات تونس"" WHERE code = ""QA"";",0,0,0.03,1,288.45,jev-1.13.0,
456,"SELECT a.name AS airport_name, a.ident AS airport_code, a.municipality, COUNT(r.id) AS runway_count FROM airport a JOIN runways r ON a.id = r.airport_ref WHERE a.iso_country = ""LR"" GROUP BY a.id, a.name, a.ident, a.municipality HAVING COUNT(r.id) > 2 ORDER BY runway_count DESC, a.name ASC;",0,0,0.02,1,300.51,jev-1.13.0,
455,"INSERT INTO airport (ident, type, name, wikipedia_link, continent) VALUES (""K36S"",""small_airport"", ""Maranatha Airport"",""https://en.wikipedia.org/wiki/San_Bernardo_Airport"",""SA"")",0,0,0.02,1,329.11,jev-1.13.0,
454,"INSERT INTO airport (ident, type, name, wikipedia_link, continent) VALUES (""US-2920"",""small_airport"", ""Siller Bros Inc Airport"",""https://en.wikipedia.org/wiki/Harriet_Alexander_Field"",""SA"")",0,0,0.02,1,363.43,jev-1.13.0,
448,"SELECT name, IFNULL(iata_code, 'NO_IATA') AS iata_display, IFNULL(icao_code, 'NO_ICAO') AS icao_display,  MID(name, 1, 5) AS short_name, municipality FROM airport WHERE municipality LIKE ""Westlake Village;""",0,0,0.04,1,428.5,jev-1.13.0,
446,"SELECT a.ident, a.name, r.name AS region_name FROM airport a JOIN regions r ON a.iso_region = r.code WHERE r.name = ""Dhamar Governorate"";",0,0,0.02,1,531.09,jev-1.13.0,
457,"INSERT INTO regions (code, name, continent, iso_country, wikipedia_link, keywords) VALUES (""HU-BA"", ""Astana City"", ""EU"", ""KW"", ""https://en.wikipedia.org/wiki/Santiago_de_Cuba_Province"", ""Airports in Potaro-Siparuni"") and 5042=5042 and (""xDuk"" like ""xDuk"")",1,1,0.7,1,406.53,jev-1.13.0,
466,"SELECT r.name AS region_name, COUNT(a.id) AS airport_count FROM airport a JOIN regions r ON a.iso_region = r.code WHERE a.iso_country = ""NU"" GROUP BY r.name ORDER BY r.name ASC;",0,0,0.02,1,258.32,jev-1.13.0,
463,"SELECT id, length_ft, width_ft,surface, lighted, le_ident, he_ident FROM runways where airport_ref = (SELECT id FROM airport WHERE name = ""Tarry Bank Airport"") and 2490=(select (case when (ord(mid((select ifnull(cast(column_name as nchar),0x20) from INFORMATION_SCHEMA.columns where table_name=0x616972706f7274 and table_schema=0x64617461736574 limit 17,1),10,1))>96) then 2490 else (select 1478 union select 9363) end))-- -"");",1,1,0.97,1,313.49,jev-1.13.0,
467,"SELECT a.id, a.name, a.municipality, a.iso_country FROM airport a WHERE a.id IN (SELECT id FROM airport WHERE keywords LIKE ""AOA, AOA"") OR name LIKE ""Amanpulo""",0,0,0.04,1,269.1,jev-1.13.0,
468,"SELECT name, 'airport' AS entity_type FROM airport WHERE keywords LIKE CONCAT(""%"", ""NY46"", ""%"") UNION SELECT name, 'region' AS entity_type FROM regions WHERE keywords LIKE CONCAT(""%"", ""Airports in Plateaux Region"", ""%"")  UNION SELECT name, 'country' AS entity_type FROM countries WHERE keywords LIKE CONCAT(""%"", ""Cypriot airports"", ""%"");",0,0,0.03,1,266.35,jev-1.13.0,
461,"DELETE FROM airport WHERE name LIKE ""Spy Island Drill-Site Heliport"" OR keywords LIKE ""Formerly O70"";  ",0,0,0.05,1,412.18,jev-1.13.0,
470,"SELECT r.name AS region_name, COUNT(a.id) AS airport_count FROM airport a JOIN regions r ON a.iso_region = r.code WHERE a.iso_country = ""RO"" GROUP BY r.name ORDER BY r.name ASC;",0,0,0.02,1,261.01,jev-1.13.0,
465,"SELECT id, length_ft, width_ft,surface, lighted, le_ident, he_ident FROM runways where airport_ref = (SELECT id FROM airport WHERE name = ""Primorsko Airfield"");",0,0,0.02,1,329.0,jev-1.13.0,
460,"SELECT name, 'airport' AS entity_type FROM airport WHERE keywords LIKE CONCAT(""%"", ""Malhata, Be'er Sheva"", ""%"") UNION SELECT name, 'region' AS entity_type FROM regions WHERE keywords LIKE CONCAT(""%"", ""Airports in Rumphi District"", ""%"")  UNION SELECT name, 'country' AS entity_type FROM countries WHERE keywords LIKE CONCAT(""%"", ""Repülőterek Magyarország"", ""%"");",0,0,0.04,1,491.87,jev-1.13.0,
459,"INSERT INTO runways (airport_ref, airport_ident, length_ft, surface, lighted, closed) VALUES (16216, ""AR-0442"", 7555.0, ""ASPH-TURF"", 0, 0)",0,0,0.02,1,506.69,jev-1.13.0,
469,"INSERT INTO countries (code, name, continent) VALUES (""AQ"", ""Andorra"", ""AF""=""AF"" AND 8494=(SELECT (CASE WHEN (8494=1327) THEN 8494 ELSE (SELECT 1327 UNION SELECT 4670) END))-- -"")",1,1,0.91,1,332.16,jev-1.13.0,
474,"INSERT INTO regions (code, local_code, name, continent, iso_country) VALUES (""EC-Y"", ""56"", ""Nablus Governorate))) AND 7490 LIKE (SELECT (CASE WHEN (7490 LIKE 9173) THEN 7490 ELSE (SELECT 9173 UNION SELECT 6450) END))-- -"", ""AF"", ""SY"")",1,1,0.94,1,271.95,jev-1.13.0,
462,"INSERT INTO regions (code, local_code, name, continent, iso_country) VALUES (""SI-041"", ""F""))/**/AS/**/IvrP/**/WHERE/**/2677=2677/**/AND/**/GTID_SUBSET(CONCAT(0x7162767671,(SELECT/**/(ELT(7261=7261,1))),0x716a787871),7261)--/**/jHAA"", ""Lombardy"", ""AF"", ""JP"")",1,1,0.95,1,443.51,jev-1.13.0,
471,"SELECT id, name, icao_code FROM airport WHERE elevation_ft BETWEEN 8.0 AND 888.0",0,0,0.01,1,332.03,jev-1.13.0,
464,"SELECT id FROM airports WHERE longitude >= -118.070458 AND latitude <= 60.653396 AND municipality LIKE ""Pahrump""",0,0,0.02,1,469.43,jev-1.13.0,
478,"SELECT id FROM airports WHERE latitude BETWEEN -22.279057 AND 51.721699 AND longitude >= -46.544352 AND iso_region = ""US-CA"" AND scheduled_service = ""no"" AND name LIKE ""%XqLGIKl8VsxDs9LysIMI%"" AND type LIKE ""medium_airport""",0,0,0.06,1,259.13,jev-1.13.0,
473,"SELECT icao_code, iata_code, local_code FROM airport WHERE name LIKE ""Petrobrás Refinaria de Paulínea Replan Heliport""",0,0,0.02,1,416.57,jev-1.13.0,
483,"SELECT a.name AS airport_name, a.ident AS airport_code, a.municipality, COUNT(r.id) AS runway_count FROM airport a JOIN runways r ON a.id = r.airport_ref WHERE a.iso_country = ""HU"" GROUP BY a.id, a.name, a.ident, a.municipality HAVING COUNT(r.id) > 2 ORDER BY runway_count DESC, a.name ASC;",0,0,0.01,1,262.07,jev-1.13.0,
476,"SELECT id, ident, name FROM airport WHERE iso_country = ""US""",0,0,0.02,1,451.83,jev-1.13.0,
475,"SELECT r.name AS region_name, COUNT(a.id) AS airport_count FROM airport a JOIN regions r ON a.iso_region = r.code WHERE a.iso_country = ""VU"" GROUP BY r.name ORDER BY r.name ASC;",0,0,0.02,1,459.79,jev-1.13.0,
484,"INSERT INTO airport (ident, type, name, latitude_deg, longitude_deg) VALUES (""US-3414"", ""-1015')) OR EXTRACTVALUE(8765,CASE WHEN (8765=8765) THEN 8765 ELSE 0x3A END) AND (('wxyu' LIKE 'wxyu"", ""Lewistown Hospital Heliport"", 34.286619, 152.340459824)",1,1,0.98,1,282.77,jev-1.13.0,
472,"INSERT INTO navaids (id, ident, name, type, frequency_khz, iso_country) VALUES (88661, ""PVQ"", ""Montelimar"", ""VOR-DME"", 285, ""FR"")",0,0,0.02,1,531.38,jev-1.13.0,
485,"SELECT name, 'airport' AS type FROM airport WHERE keywords LIKE CONCAT(""%"",  ""SDNC"", ""%"") UNION SELECT name, 'region' FROM regions WHERE keywords LIKE CONCAT(""%"", ""KU7"", ""%"") UNION SELECT name, 'country' FROM countries WHERE keywords LIKE CONCAT(""%"", ""Pinangsori Airport"", ""%"");",0,0,0.04,1,294.32,jev-1.13.0,
479,"UPDATE airport SET wikipedia_link = ""https://en.wikipedia.org/wiki/Tambuti_Airfield"" WHERE ident = ""ZA-0124""",0,0,0.02,1,368.46,jev-1.13.0,
488,"SELECT id FROM airports WHERE latitude <= 37.521558 AND continent LIKE ""EU""",0,0,0.02,1,280.35,jev-1.13.0,
480,"SELECT a.id, a.ident, a.name, a.latitude_deg, a.longitude_deg,(6371 * ACOS(COS(RADIANS(a.latitude_deg)) * COS(RADIANS(b.latitude_deg)) * COS(RADIANS(b.longitude_deg) - RADIANS(a.longitude_deg)) + SIN(RADIANS(a.latitude_deg)) * SIN(RADIANS(b.latitude_deg)))) AS distance FROM airport a JOIN airport b ON b.name = ""Butte Valley Airport"" WHERE a.id != b.id  ORDER BY distance LIMIT 50;",0,0,0.02,1,373.63,jev-1.13.0,
486,"INSERT INTO airport (ident, type, name, wikipedia_link, continent) VALUES (""PA79"",""small_airport"", ""Fort McMurray / Mildred Lake Airport"",""https://en.wikipedia.org/wiki/Cascais_Aerodrome"",""SA"")",0,0,0.03,1,312.59,jev-1.13.0,
477,"DELETE FROM regions WHERE name = ""Nui"";",0,0,0.03,1,531.07,jev-1.13.0,
482,"UPDATE airport_frequencies SET description = ""GND"" WHERE airport_ident = ""ZA-0111"";",0,0,0.02,1,443.03,jev-1.13.0,
491,"SELECT id, name, icao_code FROM airport WHERE elevation_ft BETWEEN 1710.0 AND 73.0",0,0,0.02,1,339.54,jev-1.13.0,
487,"UPDATE airport SET wikipedia_link = ""https://en.wikipedia.org/wiki/Warroad_International_Memorial_Airport"" WHERE ident = ""JP-1486""",0,0,0.02,1,444.65,jev-1.13.0,
481,"SELECT name, IFNULL(iata_code, 'NO_IATA') AS iata_display, IFNULL(icao_code, 'NO_ICAO') AS icao_display,  MID(name, 1, 5) AS short_name, municipality FROM airport WHERE municipality LIKE ""Modena;""",0,0,0.03,1,515.51,jev-1.13.0,
494,"DELETE FROM runways WHERE airport_ident = ""5TS8"";",0,0,0.03,1,329.31,jev-1.13.0,
497,"INSERT INTO countries (code, name, continent, keywords) VALUES (""IL"", ""Lebanon"", ""AS"", ""Barbadan airports"")",0,0,0.03,1,316.08,jev-1.13.0,
493,"SELECT a.name, a.municipality, a.iso_country FROM airport a WHERE a.type IN ('large_airport', 'medium_airport') AND a.iso_country = ""US""",0,0,0.02,1,444.27,jev-1.13.0,
501,"SELECT name, 'airport' AS entity_type FROM airport WHERE keywords LIKE CONCAT(""%"", ""SWWK"", ""%"") UNION SELECT name, 'region' AS entity_type FROM regions WHERE keywords LIKE CONCAT(""%"", ""Airports in Milne Bay Province"", ""%"")  UNION SELECT name, 'country' AS entity_type FROM countries WHERE keywords LIKE CONCAT(""%"", ""Bulgarian airports"", ""%"");",0,0,0.03,1,291.57,jev-1.13.0,
490,"DELETE FROM airport WHERE ident=""EBRO"";",0,0,0.04,1,526.25,jev-1.13.0,
489,"SELECT 'Airport Frequency' as source_type, af.airport_ident as code, a.name as location_name, af.type as frequency_type, af.frequency_mhz as frequency, af.description, a.municipality, a.iso_country FROM airport_frequencies af JOIN airport a ON af.airport_ident = a.ident WHERE af.frequency_mhz BETWEEN 132.13 AND  133.5  UNION ALL SELECT 'Navaid Frequency' as source_type,    n.ident as code, n.name as location_name, n.type as frequency_type,n.frequency_khz / 1000.0 as frequency,  n.usageType as description, 'N/A' as municipality, n.iso_country FROM navaids n WHERE n.frequency_khz IS NOT NULL AND (n.frequency_khz / 1000.0) BETWEEN  128.45  AND  126.8  ORDER BY frequency;",0,0,0.02,1,557.81,jev-1.13.0,
492,"INSERT INTO countries (code, name, continent, keywords) VALUES (""RU"", ""Uzbekistan"", ""AS"", ""مطارات سوريا"")",0,0,0.05,1,486.33,jev-1.13.0,
503,"SELECT 'Airport Frequency' as source_type, af.airport_ident as code, a.name as location_name, af.type as frequency_type, af.frequency_mhz as frequency, af.description, a.municipality, a.iso_country FROM airport_frequencies af JOIN airport a ON af.airport_ident = a.ident WHERE af.frequency_mhz BETWEEN 119.275 AND  24.02  UNION ALL SELECT 'Navaid Frequency' as source_type,    n.ident as code, n.name as location_name, n.type as frequency_type,n.frequency_khz / 1000.0 as frequency,  n.usageType as description, 'N/A' as municipality, n.iso_country FROM navaids n WHERE n.frequency_khz IS NOT NULL AND (n.frequency_khz / 1000.0) BETWEEN  118.35  AND  118.3  ORDER BY frequency;",0,0,0.02,1,296.87,jev-1.13.0,
499,"INSERT INTO countries (code, name, continent, keywords) VALUES (""CG"", ""Burkina Faso"", ""EU"", ""Airports in Moldova"")",0,0,0.03,1,333.95,jev-1.13.0,
502,"SELECT id FROM airports WHERE iso_country LIKE ""MX"" AND name LIKE ""%zC82PEfh78AVtUK8W17p%"" AND elevation_feet <= 300.0 AND scheduled_service = ""no"" AND latitude BETWEEN 45.211399 AND -20.732200622558597 AND longitude <= -112.08000183105 AND type IN (""closed"",""closed"")",0,0,0.21,1,330.22,jev-1.13.0,
504,"SELECT id, ident, name FROM airport WHERE iso_country = ""BR""",0,0,0.02,1,351.42,jev-1.13.0,
507,"SELECT a.id, a.name, a.municipality, a.iso_country FROM airport a WHERE a.id IN (SELECT id FROM airport WHERE keywords LIKE ""3GA7"") OR name LIKE ""Holbaek, Holbæk Flyveplads""",0,0,0.03,1,271.83,jev-1.13.0,
496,"SELECT id, length_ft, width_ft,surface, lighted, le_ident, he_ident FROM runways where airport_ref = (SELECT id FROM airport WHERE name = ""Atyrau International Airport"");",0,0,0.02,1,447.09,jev-1.13.0,
498,"SELECT name, 'airport' AS type FROM airport WHERE keywords LIKE CONCAT(""%"",  ""WW26)HAVING5591=7124--ODsa"", ""%"") UNION SELECT name, 'region' FROM regions WHERE keywords LIKE CONCAT(""%"", ""WW26)HAVING5591=7124--ODsa"", ""%"") UNION SELECT name, 'country' FROM countries WHERE keywords LIKE CONCAT(""%"", ""WW26)HAVING5591=7124--ODsa"", ""%"");",1,1,0.95,1,423.37,jev-1.13.0,
495,"SELECT a.name AS airport_name, a.ident AS airport_code, a.municipality, COUNT(r.id) AS runway_count FROM airport a JOIN runways r ON a.id = r.airport_ref WHERE a.iso_country = ""PM"" GROUP BY a.id, a.name, a.ident, a.municipality HAVING COUNT(r.id) > 5 ORDER BY runway_count DESC, a.name ASC;",0,0,0.02,1,463.56,jev-1.13.0,
506,"SELECT a.name AS airport_name,a.municipality,COUNT(r.id) AS runway_count, CAST(AVG(r.length_ft) AS SIGNED) AS avg_runway_length FROM airport a JOIN runways r ON a.id = r.airport_ref WHERE r.length_ft >=  CAST(""1939"" AS SIGNED) AND a.iso_country = ""AT"" GROUP BY a.id, a.name, a.municipality ORDER BY avg_runway_length DESC;",0,0,0.02,1,300.68,jev-1.13.0,
508,"SELECT r.name AS region_name, COUNT(a.id) AS airport_count FROM airport a JOIN regions r ON a.iso_region = r.code WHERE a.iso_country = ""IQ"" GROUP BY r.name ORDER BY r.name ASC;",0,0,0.02,1,260.95,jev-1.13.0,
509,"SELECT a.ident, a.name, r.name AS region_name FROM airport a JOIN regions r ON a.iso_region = r.code WHERE r.name = ""Aiwo"";",0,0,0.01,1,272.83,jev-1.13.0,
500,"SELECT a.name, a.municipality, a.iso_country FROM airport a WHERE a.type IN ('large_airport', 'medium_airport') AND a.iso_country = ""IN""",0,0,0.01,1,487.23,jev-1.13.0,
510,"SELECT * FROM airport WHERE continent = ""OC"" AND iso_region LIKE ""JP-17""",0,0,0.02,1,301.15,jev-1.13.0,
511,"SELECT id, name, icao_code FROM airport WHERE elevation_ft BETWEEN 874.0 AND 2796.0",0,0,0.01,1,266.0,jev-1.13.0,
505,"SELECT a.id, a.ident, a.name, a.latitude_deg, a.longitude_deg,(6371 * ACOS(COS(RADIANS(a.latitude_deg)) * COS(RADIANS(b.latitude_deg)) * COS(RADIANS(b.longitude_deg) - RADIANS(a.longitude_deg)) + SIN(RADIANS(a.latitude_deg)) * SIN(RADIANS(b.latitude_deg)))) AS distance FROM airport a JOIN airport b ON b.name = ""REG In Salah Airport"" WHERE a.id != b.id  ORDER BY distance LIMIT 50;",0,0,0.02,1,499.0,jev-1.13.0,
514,"SELECT a.id, a.name, a.municipality, a.iso_country FROM airport a WHERE a.id IN (SELECT id FROM airport WHERE keywords LIKE ""I39, Madison"") OR name LIKE ""Campo volo Il Laghetto""",0,0,0.04,1,263.73,jev-1.13.0,
517,"SELECT id, ident, name FROM airport WHERE iso_country = ""US""",0,0,0.02,1,276.73,jev-1.13.0,
519,GRANT ALL ON mysql.* TO 'mysql'@'localhost' WITH GRANT OPTION;,0,0,0.1,1,281.03,jev-1.13.0,
516,"DELETE FROM airport WHERE ident=""MUHA"";",0,0,0.04,1,316.36,jev-1.13.0,
515,"INSERT INTO airport (ident, type, name, latitude_deg, longitude_deg) VALUES (""IT-0323"", ""small_airport"", ""Yeysk Airport"", -35.288753, -54.246387481689)",0,0,0.02,1,321.0,jev-1.13.0,
521,"SELECT * FROM airport WHERE icao_code = 'UKKK' AND 6732 LIKE (SELECT (CASE WHEN (ORD(MID((SELECT IFNULL(CAST(column_name AS NCHAR),0x20) FROM INFORMATION_SCHEMA.COLUMNS WHERE table_name LIKE 0x6e617661696473 AND table_schema LIKE 0x64617461736574 LIMIT 16,1),13,1))>105) THEN 6732 ELSE (SELECT 9758 UNION SELECT 3204) END))-- -';",1,1,0.98,1,278.6,jev-1.13.0,
523,"SELECT name, IFNULL(iata_code, 'NO_IATA') AS iata_display, IFNULL(icao_code, 'NO_ICAO') AS icao_display,  MID(name, 1, 5) AS short_name, municipality FROM airport WHERE municipality LIKE ""São Pedro do Ivaí;""",0,0,0.04,1,273.53,jev-1.13.0,
524,"DELETE FROM airport WHERE name LIKE ""Přerov Air Base"" OR keywords LIKE ""Aeropuerto Nacional de Salto del Guaira"";  ",0,0,0.04,1,276.65,jev-1.13.0,
522,"SELECT * FROM airport WHERE gps_code = ""RK3D"" OR local_code = ""39FA""",0,0,0.02,1,317.62,jev-1.13.0,
526,SELECT * FROM airport WHERE icao_code = 'KVTN';,0,0,0.02,1,278.11,jev-1.13.0,
512,"INSERT INTO airport_frequencies (id, airport_ref, airport_ident, type, description, frequency_mhz) VALUES (59157, 3702, ""YMLD"", ""TWR"", ""CTAF"", 119.0)",0,0,0.02,1,439.27,jev-1.13.0,
513,"SELECT n.type, c.name as country_name, COUNT(n.id) as navaid_count  FROM navaids n JOIN countries c ON n.iso_country = c.code WHERE c.code = ""BD""/**/AND/**/EXTRACTVALUE(5147,CASE/**/WHEN/**/(ORD(MID((SELECT/**/IFNULL(CAST(column_name/**/AS/**/NCHAR),0x20)/**/FROM/**/INFORMATION_SCHEMA.COLUMNS/**/WHERE/**/table_name=0x72756e77617973/**/AND/**/table_schema=0x64617461736574/**/LIMIT/**/17,1),1,1))>103)/**/THEN/**/5147/**/ELSE/**/0x3A/**/END)/**/AND/**/""gqdB""=""gqdB"" OR c.name LIKE CONCAT(""%"", ""Serbia"", ""%"") GROUP BY n.type, c.name HAVING COUNT(n.id) > 2 ORDER BY navaid_count DESC;",1,1,0.98,1,439.47,jev-1.13.0,
528,"UPDATE airport_frequencies SET type = 'TWR' WHERE airport_ident IN ('AU-0580','US-9876','FBKW','MX-1955');",0,0,0.02,1,297.26,jev-1.13.0,
518,"INSERT INTO airport (ident, type, name, wikipedia_link, continent) VALUES (""US-1895"",""small_airport') AS uOlU WHERE 8673=8673 AND MAKE_SET/**/(1971=1971,6657)-- mynf"", ""Śniatowo Air Base"",""https://en.wikipedia.org/wiki/Abqaiq_Airport"",""SA"")",1,1,0.97,1,472.78,jev-1.13.0,
520,"DELETE FROM regions WHERE name = ""Turnisce"";",0,0,0.03,1,451.95,jev-1.13.0,
525,"UPDATE airport SET name = ""Indian Hill Resort Airport"" WHERE ident = ""IN-0246""",0,0,0.02,1,449.99,jev-1.13.0,
533,"SELECT n.type, c.name as country_name, COUNT(n.id) as navaid_count  FROM navaids n JOIN countries c ON n.iso_country = c.code WHERE c.code = ""ET"" OR c.name LIKE CONCAT(""%"", ""Malta"", ""%"") GROUP BY n.type, c.name HAVING COUNT(n.id) > -2595')))/**/ORDER/**/BY/**/1--/**/- ORDER BY navaid_count DESC;",1,1,0.92,1,280.63,jev-1.13.0,
527,"SELECT id FROM airports WHERE scheduled_service = ""no"" AND type = ""small_airport"" AND name LIKE ""%uWaMMG7ZGayfYpYX8B5p%""",0,0,0.23,1,476.97,jev-1.13.0,
542,"SELECT a.id, a.ident, a.name, a.latitude_deg, a.longitude_deg,(6371 * ACOS(COS(RADIANS(a.latitude_deg)) * COS(RADIANS(b.latitude_deg)) * COS(RADIANS(b.longitude_deg) - RADIANS(a.longitude_deg)) + SIN(RADIANS(a.latitude_deg)) * SIN(RADIANS(b.latitude_deg)))) AS distance FROM airport a JOIN airport b ON b.name = ""Tambeiskoye Sever field"" WHERE a.id != b.id  ORDER BY distance LIMIT 50;",0,0,0.02,1,262.4,jev-1.13.0,
529,"DELETE FROM airport WHERE ident=""MO26"";",0,0,0.04,1,478.71,jev-1.13.0,
530,"SELECT id, length_ft, width_ft,surface, lighted, le_ident, he_ident FROM runways where airport_ref = (SELECT id FROM airport WHERE name = ""Arkansas Valley Regional Medical Center Heliport"");",0,0,0.03,1,501.95,jev-1.13.0,
538,"SELECT id, length_ft, width_ft,surface, lighted, le_ident, he_ident FROM runways where airport_ref = (SELECT id FROM airport WHERE name = ""Fazenda Cachoeira Airport"");",0,0,0.02,1,373.86,jev-1.13.0,
537,"SELECT a.id, a.name, a.type, a.iso_country, a.municipality FROM airport a WHERE a.elevation_ft > (SELECT AVG(elevation_ft) FROM airport WHERE iso_country = ""US"") OR a.elevation_ft > 1150.0",0,0,0.02,1,381.28,jev-1.13.0,
532,"INSERT INTO airport (ident, type, name, latitude_deg, longitude_deg, elevation_ft) VALUES (""LT-0010"", ""small_airport"", ""Intertherm Durban Heliport"", 41.691399, 23.122964, 7546.0)",0,0,0.02,1,487.56,jev-1.13.0,
531,"SELECT r.name AS region_name, COUNT(a.id) AS airport_count FROM airport a JOIN regions r ON a.iso_region = r.code WHERE a.iso_country = ""SN"" GROUP BY r.name ORDER BY r.name ASC;",0,0,0.02,1,534.19,jev-1.13.0,
536,"SELECT id FROM airports WHERE elevation_feet <= 1562.0 AND longitude >= 9.224722 AND type IN (""heliport"",""small_airport"",""small_airport"")",0,0,0.02,1,441.67,jev-1.13.0,
535,SELECT * FROM airport WHERE icao_code = 'SKPR';,0,0,0.02,1,450.82,jev-1.13.0,
534,"SELECT a.name, a.municipality, a.iso_country FROM airport a WHERE a.type IN ('large_airport', 'medium_airport') AND a.iso_country = ""KR""",0,0,0.01,1,469.21,jev-1.13.0,
539,"SELECT n.type, c.name as country_name, COUNT(n.id) as navaid_count  FROM navaids n JOIN countries c ON n.iso_country = c.code WHERE c.code = ""TH"" OR c.name LIKE CONCAT(""%"", ""Haiti'))   AS     rZBM   WHERE   5518=5518  ORDER    BY     1#"", ""%"") GROUP BY n.type, c.name HAVING COUNT(n.id) > 5 ORDER BY navaid_count DESC;",1,1,0.93,1,426.23,jev-1.13.0,
544,"INSERT INTO countries (code, name, continent) VALUES (""GP"", ""Brazil"", ""AF"")",0,0,0.02,1,387.13,jev-1.13.0,
541,"DELETE FROM airport WHERE name LIKE ""Fort Simpson (Great Slave No. 1) Heliport"" OR keywords LIKE ""JN4"";  ",0,0,0.04,1,456.44,jev-1.13.0,
548,"SELECT n.type, c.name as country_name, COUNT(n.id) as navaid_count  FROM navaids n JOIN countries c ON n.iso_country = c.code WHERE c.code = ""DE"" OR c.name LIKE CONCAT(""%"", ""Tajikistan"", ""%"") GROUP BY n.type, c.name HAVING COUNT(n.id) > 3 ORDER BY navaid_count DESC;",0,0,0.02,1,302.78,jev-1.13.0,
540,"INSERT INTO regions (code, name, continent, iso_country, wikipedia_link, keywords) VALUES (""SE-S"", ""New Providence"", ""EU"", ""LS"", ""https://en.wikipedia.org/wiki/Galaţi_County"", ""Airports in Dakhlet Nouadhibou Region"")",0,0,0.03,1,474.31,jev-1.13.0,
547,"SELECT r.name AS region_name, COUNT(a.id) AS airport_count FROM airport a JOIN regions r ON a.iso_region = r.code WHERE a.iso_country = ""DM"" GROUP BY r.name ORDER BY r.name ASC;",0,0,0.02,1,358.97,jev-1.13.0,
543,"UPDATE airport_frequencies SET description = ""Shell"" WHERE airport_ident = ""KMCF"";",0,0,0.02,1,490.04,jev-1.13.0,
545,"SELECT a.name AS airport_name, a.ident AS airport_code, a.municipality, COUNT(r.id) AS runway_count FROM airport a JOIN runways r ON a.id = r.airport_ref WHERE a.iso_country = ""LA"" GROUP BY a.id, a.name, a.ident, a.municipality HAVING COUNT(r.id) > 4 ORDER BY runway_count DESC, a.name ASC;",0,0,0.02,1,469.51,jev-1.13.0,
551,"INSERT INTO airport (ident, type, name, latitude_deg, longitude_deg, elevation_ft) VALUES (""US-9429"", ""small_airport"", ""C 331 Heliport"", 47.048301696777344, -47.04688, 732.0)",0,0,0.02,1,286.43,jev-1.13.0,
549,"SELECT r.name AS region_name, COUNT(a.id) AS airport_count FROM airport a JOIN regions r ON a.iso_region = r.code WHERE a.iso_country = ""AR"" GROUP BY r.name ORDER BY r.name ASC;",0,0,0.02,1,372.92,jev-1.13.0,
552,"SELECT name, 'airport' AS type FROM airport WHERE keywords LIKE CONCAT(""%"",  ""EH0015, Maastricht Universitair Medisch Centrum Heliport"", ""%"") UNION SELECT name, 'region' FROM regions WHERE keywords LIKE CONCAT(""%"", ""RCAF, BCATP"", ""%"") UNION SELECT name, 'country' FROM countries WHERE keywords LIKE CONCAT(""%"", ""Boramae Hyundai Apartment"", ""%"");",0,0,0.05,1,295.09,jev-1.13.0,
553,"SELECT a.name, a.municipality, a.iso_country FROM airport a WHERE a.type IN ('large_airport', 'medium_airport') AND a.iso_country = ""IE""",0,0,0.01,1,295.98,jev-1.13.0,
557,"SELECT id, name, icao_code FROM airport WHERE elevation_ft BETWEEN 4872.0 AND 253.0",0,0,0.02,1,268.39,jev-1.13.0,
546,"UPDATE airport SET municipality = ""Edison"" WHERE iso_country = ""JP""",0,0,0.03,1,509.45,jev-1.13.0,
555,"DELETE FROM airport WHERE ident=""LFHM"";",0,0,0.04,1,319.11,jev-1.13.0,
554,"SELECT af.type, af.description, af.frequency_mhz FROM airport_frequencies af WHERE af.airport_ident = ""SK-219"";",0,0,0.02,1,329.47,jev-1.13.0,
560,"INSERT INTO airport_frequencies (id, airport_ref, airport_ident, type, description, frequency_mhz) VALUES (352551, 4346, ""EDNC"", ""COMD POST"", ""780-862-7450"", 122.1)",0,0,0.02,1,271.27,jev-1.13.0,
556,"UPDATE countries SET keywords = ""Andorran airports"" WHERE code = ""AS"";",0,0,0.03,1,313.84,jev-1.13.0,
559,"SELECT name, 'airport' AS entity_type FROM airport WHERE keywords LIKE CONCAT(""%"", ""EGHD, PLH"", ""%"") UNION SELECT name, 'region' AS entity_type FROM regions WHERE keywords LIKE CONCAT(""%"", ""Airports in (unassigned)"", ""%"")  UNION SELECT name, 'country' AS entity_type FROM countries WHERE keywords LIKE CONCAT(""%"", ""Nigerien airports"", ""%"");",0,0,0.03,1,295.3,jev-1.13.0,
550,"SELECT a.name AS airport_name, a.ident AS airport_code, a.municipality, COUNT(r.id) AS runway_count FROM airport a JOIN runways r ON a.id = r.airport_ref WHERE a.iso_country = ""IT"" GROUP BY a.id, a.name, a.ident, a.municipality HAVING COUNT(r.id) > 4 ORDER BY runway_count DESC, a.name ASC;",0,0,0.02,1,445.62,jev-1.13.0,
564,"SELECT id FROM airports WHERE elevation_feet <= 847.0 AND scheduled_service LIKE ""no"" AND name LIKE ""%zra2x6GL0KKRRVVOsgas%"" AND longitude >= -43.43046",0,0,0.1,1,263.55,jev-1.13.0,
561,"SELECT id FROM airports WHERE type IN (""heliport"",""small_airport"",""small_airport"") AND scheduled_service = ""no"" AND name LIKE ""%a8oC7MWW6qkl539hFMkG%"" AND municipality = ""Itarumã"" AND longitude <= 22.401796",0,0,0.11,1,313.76,jev-1.13.0,
562,"SELECT a.name, a.municipality, a.iso_country FROM airport a WHERE a.type IN ('large_airport', 'medium_airport') AND a.iso_country = ""TZ""",0,0,0.02,1,310.12,jev-1.13.0,
565,"SELECT * FROM airport WHERE gps_code = ""SVMW"" OR local_code = ""MG0509""",0,0,0.02,1,268.27,jev-1.13.0,
563,"SELECT * FROM airport WHERE continent = ""AS"" AND iso_region LIKE ""BR-SP""",0,0,0.02,1,316.43,jev-1.13.0,
558,"SELECT a.id, a.ident, a.name, a.latitude_deg, a.longitude_deg,(6371 * ACOS(COS(RADIANS(a.latitude_deg)) * COS(RADIANS(b.latitude_deg)) * COS(RADIANS(b.longitude_deg) - RADIANS(a.longitude_deg)) + SIN(RADIANS(a.latitude_deg)) * SIN(RADIANS(b.latitude_deg)))) AS distance FROM airport a JOIN airport b ON b.name = ""Stuart Atkinson Municipal Airport"" WHERE a.id != b.id  ORDER BY distance LIMIT 50;",0,0,0.02,1,498.54,jev-1.13.0,
568,"SELECT icao_code, iata_code, local_code FROM airport WHERE name LIKE ""Entabeni Airstrip""",0,0,0.02,1,313.15,jev-1.13.0,
569,"UPDATE airport_frequencies SET frequency_mhz = 118.9 WHERE type = ""CTAF"";",0,0,0.02,1,308.81,jev-1.13.0,
574,"SELECT name, 'airport' AS type FROM airport WHERE keywords LIKE CONCAT(""%"",  ""Mar Carboneras"", ""%"") UNION SELECT name, 'region' FROM regions WHERE keywords LIKE CONCAT(""%"", ""WAMY, Pangtiku Airport"", ""%"") UNION SELECT name, 'country' FROM countries WHERE keywords LIKE CONCAT(""%"", ""Luque, Stroessner, Aeropuerto Internacional Silvio Pettirossi"", ""%"");",0,0,0.04,1,259.14,jev-1.13.0,
571,SELECT * FROM airport WHERE icao_code = 'VDKK';,0,0,0.02,1,291.13,jev-1.13.0,
576,"SELECT name, IFNULL(iata_code, 'NO_IATA') AS iata_display, IFNULL(icao_code, 'NO_ICAO') AS icao_display,  MID(name, 1, 5) AS short_name, municipality FROM airport WHERE municipality LIKE ""Blue Springs;""",0,0,0.04,1,279.71,jev-1.13.0,
573,"SELECT a.name AS airport_name, a.ident AS airport_code, a.municipality, COUNT(r.id) AS runway_count FROM airport a JOIN runways r ON a.id = r.airport_ref WHERE a.iso_country = ""SV"" GROUP BY a.id, a.name, a.ident, a.municipality HAVING COUNT(r.id) > 5 ORDER BY runway_count DESC, a.name ASC;",0,0,0.02,1,329.25,jev-1.13.0,
579,"SELECT a.ident, a.name, r.name AS region_name FROM airport a JOIN regions r ON a.iso_region = r.code WHERE r.name = ""Imo State"";",0,0,0.02,1,287.06,jev-1.13.0,
566,"SELECT id, length_ft, width_ft,surface, lighted, le_ident, he_ident FROM runways where airport_ref = (SELECT id FROM airport WHERE name = ""Navy Outlying Field Site X Heliport"");",0,0,0.03,1,488.95,jev-1.13.0,
580,"SELECT 'Airport Frequency' as source_type, af.airport_ident as code, a.name as location_name, af.type as frequency_type, af.frequency_mhz as frequency, af.description, a.municipality, a.iso_country FROM airport_frequencies af JOIN airport a ON af.airport_ident = a.ident WHERE af.frequency_mhz BETWEEN 135.6 AND  34.5  UNION ALL SELECT 'Navaid Frequency' as source_type,    n.ident as code, n.name as location_name, n.type as frequency_type,n.frequency_khz / 1000.0 as frequency,  n.usageType as description, 'N/A' as municipality, n.iso_country FROM navaids n WHERE n.frequency_khz IS NOT NULL AND (n.frequency_khz / 1000.0) BETWEEN  123.6  AND  118.3  ORDER BY frequency;",0,0,0.02,1,287.04,jev-1.13.0,
578,"SELECT id, ident, name FROM airport WHERE iso_country = ""CZ""",0,0,0.02,1,352.85,jev-1.13.0,
582,"DELETE FROM countries WHERE code = ""TD"";",0,0,0.03,1,273.84,jev-1.13.0,
572,"SELECT a.name AS airport_name,a.municipality,COUNT(r.id) AS runway_count, CAST(AVG(r.length_ft) AS SIGNED) AS avg_runway_length FROM airport a JOIN runways r ON a.id = r.airport_ref WHERE r.length_ft >=  CAST(""1501"" AS SIGNED) AND a.iso_country = ""GU"" GROUP BY a.id, a.name, a.municipality ORDER BY avg_runway_length DESC;",0,0,0.02,1,440.58,jev-1.13.0,
570,"GRANT SELECT,INSERT,DELETE,UPDATE ON mysql.* TO 'admin'@'localhost';",0,0,0.07,1,496.74,jev-1.13.0,
575,SELECT * FROM airport WHERE icao_code = 'KGLD';,0,0,0.02,1,467.64,jev-1.13.0,
583,"DELETE FROM airport WHERE ident=""US-1732"";",0,0,0.04,1,361.38,jev-1.13.0,
584,"SELECT id, name, icao_code FROM airport WHERE elevation_ft BETWEEN 1028.0 AND 9.0",0,0,0.03,1,368.78,jev-1.13.0,
577,"SELECT id, name, icao_code FROM airport WHERE elevation_ft BETWEEN 7700.0 AND 509.0",0,0,0.02,1,486.18,jev-1.13.0,
585,"SELECT a.id, a.name, a.type, a.iso_country, a.municipality FROM airport a WHERE a.elevation_ft > (SELECT AVG(elevation_ft) FROM airport WHERE iso_country = ""PL"") OR a.elevation_ft > 1000.0",0,0,0.02,1,306.86,jev-1.13.0,
588,"SELECT icao_code, iata_code, local_code FROM airport WHERE name LIKE ""Lotte City Hotel Guro Heliport""",0,0,0.02,1,273.41,jev-1.13.0,
589,"SELECT n.type, c.name as country_name, COUNT(n.id) as navaid_count  FROM navaids n JOIN countries c ON n.iso_country = c.code WHERE c.code = ""SV"" OR c.name LIKE CONCAT(""%"", ""China"", ""%"") GROUP BY n.type, c.name HAVING COUNT(n.id) > 2 ORDER BY navaid_count DESC;",0,0,0.02,1,275.32,jev-1.13.0,
586,"SELECT a.ident, a.name, r.name AS region_name FROM airport a JOIN regions r ON a.iso_region = r.code WHERE r.name = ""Artigas Department"";",0,0,0.01,1,326.11,jev-1.13.0,
590,"UPDATE airport SET name = ""Yusuhara Heliport"" WHERE ident = ""RU-0467""",0,0,0.02,1,252.15,jev-1.13.0,
567,"SELECT * FROM airport WHERE gps_code = ""KBRG"" OR local_code = ""NY25""",0,0,0.02,1,651.87,jev-1.13.0,
581,"SELECT a.id, a.name, a.municipality, a.iso_country FROM airport a WHERE a.id IN (SELECT id FROM airport WHERE keywords LIKE ""AT3"") OR name LIKE ""Caloc-an""",0,0,0.04,1,457.09,jev-1.13.0,
592,"SELECT id, name, icao_code FROM airport WHERE elevation_ft BETWEEN 670.0 AND 1948.0",0,0,0.01,1,257.04,jev-1.13.0,
596,"SELECT a.name, a.municipality, a.iso_country FROM airport a WHERE a.type IN ('large_airport', 'medium_airport') AND a.iso_country = ""AU""",0,0,0.02,1,289.42,jev-1.13.0,
587,"INSERT INTO airport_frequencies (id, airport_ref, airport_ident, type, description, frequency_mhz) VALUES (54153, 2501, ""YDRD"", ""UNIC"", ""KHAMA GND"", 128.96)",0,0,0.02,1,478.84,jev-1.13.0,
597,"SELECT n.type, c.name as country_name, COUNT(n.id) as navaid_count  FROM navaids n JOIN countries c ON n.iso_country = c.code WHERE c.code = ""ZW"" OR c.name LIKE CONCAT(""%"", ""Angola"", ""%"") GROUP BY n.type, c.name HAVING COUNT(n.id) > 2 ORDER BY navaid_count DESC;",0,0,0.02,1,330.14,jev-1.13.0,
600,"SELECT a.name, a.municipality, a.iso_country FROM airport a WHERE a.type IN ('large_airport', 'medium_airport') AND a.iso_country = ""GB""",0,0,0.01,1,313.44,jev-1.13.0,
601,"SELECT a.name, a.municipality, a.iso_country FROM airport a WHERE a.type IN ('large_airport', 'medium_airport') AND a.iso_country = ""MX""",0,0,0.01,1,299.53,jev-1.13.0,
607,"DELETE FROM airport WHERE name = ""Fazenda Nossa Senhora da Salete Airstrip"";  ",0,0,0.03,1,265.47,jev-1.13.0,
605,"SELECT a.name AS airport_name, a.ident AS airport_code, a.municipality, COUNT(r.id) AS runway_count FROM airport a JOIN runways r ON a.id = r.airport_ref WHERE a.iso_country = ""MC"" GROUP BY a.id, a.name, a.ident, a.municipality HAVING COUNT(r.id) > 2 ORDER BY runway_count DESC, a.name ASC;",0,0,0.01,1,277.64,jev-1.13.0,
606,"DELETE FROM regions WHERE name = ""El Oued Province"";",0,0,0.03,1,275.68,jev-1.13.0,
598,"SELECT n.type, c.name as country_name, COUNT(n.id) as navaid_count  FROM navaids n JOIN countries c ON n.iso_country = c.code WHERE c.code = ""BA"" OR c.name LIKE CONCAT(""%"", ""Portugal"", ""%"") GROUP BY n.type, c.name HAVING COUNT(n.id) > 2 ORDER BY navaid_count DESC;",0,0,0.02,1,363.97,jev-1.13.0,
593,"INSERT INTO countries (code, name, continent) VALUES (""CI"", ""Micronesia"", ""AS"")",0,0,0.02,1,480.31,jev-1.13.0,
604,SELECT * FROM airport WHERE icao_code = 'YMND';,0,0,0.02,1,294.81,jev-1.13.0,
591,"INSERT INTO countries (code, name, continent, keywords) VALUES (""NG"", ""U.S. Virgin Islands"", ""EU"")));SELECT/**/BENCHMARK(5000000,MD5(0x4b6a4354))#"", ""Kosova"")",1,1,0.97,1,525.44,jev-1.13.0,
609,"DELETE FROM airport WHERE name LIKE ""Nagoya Intercity Helipad"" OR keywords LIKE ""EGXV, EGXV"";  ",0,0,0.05,1,298.73,jev-1.13.0,
594,"DELETE FROM countries WHERE code = ""LR"";",0,0,0.03,1,502.36,jev-1.13.0,
610,"SELECT name, IFNULL(iata_code, 'NO_IATA') AS iata_display, IFNULL(icao_code, 'NO_ICAO') AS icao_display,  MID(name, 1, 5) AS short_name, municipality FROM airport WHERE municipality LIKE ""Sumisip;""",0,0,0.05,1,271.74,jev-1.13.0,
603,"SELECT name, 'airport' AS type FROM airport WHERE keywords LIKE CONCAT(""%"",  ""Custom Applicators"", ""%"") UNION SELECT name, 'region' FROM regions WHERE keywords LIKE CONCAT(""%"", ""Campo di Volo Squadra Avvoltoi, VRISO"", ""%"") UNION SELECT name, 'country' FROM countries WHERE keywords LIKE CONCAT(""%"", ""7XA0"", ""%"");",0,0,0.04,1,358.76,jev-1.13.0,
608,"SELECT name, IFNULL(iata_code, 'NO_IATA') AS iata_display, IFNULL(icao_code, 'NO_ICAO') AS icao_display,  MID(name, 1, 5) AS short_name, municipality FROM airport WHERE municipality LIKE ""Wellington;""",0,0,0.04,1,330.41,jev-1.13.0,
602,"SELECT name, 'airport' AS entity_type FROM airport WHERE keywords LIKE CONCAT(""%"", ""7NK5"", ""%"") UNION SELECT name, 'region' AS entity_type FROM regions WHERE keywords LIKE CONCAT(""%"", ""Airports in (unassigned)"", ""%"")  UNION SELECT name, 'country' AS entity_type FROM countries WHERE keywords LIKE CONCAT(""%"", ""Grenadian airports"", ""%"");",0,0,0.04,1,388.2,jev-1.13.0,
595,"UPDATE airport SET home_link = ""http://www.pinedaleonline.com/pinedaleairport.HTM"" WHERE name = ""Dorotea Airfield""",0,0,0.02,1,521.81,jev-1.13.0,
599,SELECT * FROM airport WHERE icao_code = 'LWST';,0,0,0.02,1,455.04,jev-1.13.0,
611,"DELETE FROM runways WHERE airport_ident = ""67IL"";",0,0,0.03,1,291.09,jev-1.13.0,
612,"SELECT af.type, af.description, af.frequency_mhz FROM airport_frequencies af WHERE af.airport_ident = ""BR-1427"";",0,0,0.02,1,301.64,jev-1.13.0,
614,"SELECT a.id, a.name, a.municipality, a.iso_country FROM airport a WHERE a.id IN (SELECT id FROM airport WHERE keywords LIKE ""MM2M"") OR name LIKE ""O66""",0,0,0.04,1,311.21,jev-1.13.0,
621,"SELECT a.name, a.municipality, a.iso_country FROM airport a WHERE a.type IN ('large_airport', 'medium_airport') AND a.iso_country = ""BR""",0,0,0.01,1,275.12,jev-1.13.0,
616,"SELECT a.id, a.ident, a.name, a.latitude_deg, a.longitude_deg,(6371 * ACOS(COS(RADIANS(a.latitude_deg)) * COS(RADIANS(b.latitude_deg)) * COS(RADIANS(b.longitude_deg) - RADIANS(a.longitude_deg)) + SIN(RADIANS(a.latitude_deg)) * SIN(RADIANS(b.latitude_deg)))) AS distance FROM airport a JOIN airport b ON b.name = ""Fazenda Araçatuba Airport"" WHERE a.id != b.id  ORDER BY distance LIMIT 50;",0,0,0.02,1,297.66,jev-1.13.0,
618,"SELECT id, ident, name FROM airport WHERE iso_country = ""US""",0,0,0.02,1,303.89,jev-1.13.0,
620,"SELECT a.name AS airport_name, a.ident AS airport_code, a.municipality, COUNT(r.id) AS runway_count FROM airport a JOIN runways r ON a.id = r.airport_ref WHERE a.iso_country = ""DM"" GROUP BY a.id, a.name, a.ident, a.municipality HAVING COUNT(r.id) > 2 ORDER BY runway_count DESC, a.name ASC;",0,0,0.02,1,292.82,jev-1.13.0,
615,"SELECT id, length_ft, width_ft,surface, lighted, le_ident, he_ident FROM runways where airport_ref = (SELECT id FROM airport WHERE name = ""Tarry Bank Airport"") and 8191=(select (case when (ord(mid((select ifnull(cast(column_name as nchar),0x20) from INFORMATION_SCHEMA.columns where table_name=0x616972706f7274 and table_schema=0x64617461736574 limit 11,1),13,1))>96) then 8191 else (select 7920 union select 3426) end))-- -"");",1,1,0.98,1,326.8,jev-1.13.0,
619,"INSERT INTO runways (airport_ref, airport_ident, length_ft, surface, lighted, closed) VALUES (38292, ""1LA9"", 59.0, ""X) As iSlu wHERe 4367=4367 UNiOn alL SeLeCT NulL,NulL,NulL,NulL,NulL,NulL-- -"", 0, 0)",1,1,0.96,1,303.24,jev-1.13.0,
625,"SELECT name, 'airport' AS type FROM airport WHERE keywords LIKE CONCAT(""%"",  ""ХБО7, Прибойный"", ""%"") UNION SELECT name, 'region' FROM regions WHERE keywords LIKE CONCAT(""%"", ""Sharp Central Star Apartments"", ""%"") UNION SELECT name, 'country' FROM countries WHERE keywords LIKE CONCAT(""%"", ""99KY"", ""%"");",0,0,0.05,1,280.08,jev-1.13.0,
623,"INSERT INTO countries (code, name, continent, keywords) VALUES (""SX"", ""Estonia"", ""AS"", ""Lapangan Terbang Malaysia"")",0,0,0.03,1,292.96,jev-1.13.0,
624,"INSERT INTO airport_frequencies (id, airport_ref, airport_ident, type, description, frequency_mhz) VALUES (54192, 38659, ""KGWB"", ""GND"", ""AWOS 3"", 109.7)",0,0,0.02,1,307.07,jev-1.13.0,
626,SELECT * FROM airport WHERE icao_code = 'KDRI';,0,0,0.02,1,309.75,jev-1.13.0,
628,"UPDATE airport_frequencies SET type = 'TWR' WHERE airport_ident IN ('AGOB','AGOB','AGOB','AGOB');",1,0,0.02,0,313.27,jev-1.13.0,
629,"SELECT r.name AS region_name, COUNT(a.id) AS airport_count FROM airport a JOIN regions r ON a.iso_region = r.code WHERE a.iso_country = ""GM"" GROUP BY r.name ORDER BY r.name ASC;",0,0,0.02,1,304.88,jev-1.13.0,
613,"UPDATE airport SET wikipedia_link = ""https://en.wikipedia.org/wiki/Trujillo_Airport"" WHERE ident = ""KZ-0057""",0,0,0.02,1,468.97,jev-1.13.0,
630,"SELECT * FROM airport WHERE gps_code = ""LIPV"" OR local_code = ""LF3623""",0,0,0.02,1,282.52,jev-1.13.0,
631,"INSERT INTO airport (ident, type, name, wikipedia_link, continent) VALUES (""66CO"",""heliport"", ""Logan Airport"",""https://en.wikipedia.org/wiki/Al_Wajh_Domestic_Airport"",""EU"")",0,0,0.03,1,299.67,jev-1.13.0,
617,"INSERT INTO airport_frequencies (id, airport_ref, airport_ident, type, description, frequency_mhz) VALUES (56676, 38245, ""LTAP"", ""TOWER"", ""Hall Beach radio/traffic, 5nm below 3100,"", 118.325)",0,0,0.02,1,458.24,jev-1.13.0,
622,"SELECT * FROM airport WHERE gps_code = ""FAMX"" OR local_code = ""L11""",0,0,0.03,1,454.97,jev-1.13.0,
632,"DELETE FROM airport_frequencies WHERE type = ""UNIC"";",0,0,0.03,1,318.81,jev-1.13.0,
627,"SELECT 'Airport Frequency' as source_type, af.airport_ident as code, a.name as location_name, af.type as frequency_type, af.frequency_mhz as frequency, af.description, a.municipality, a.iso_country FROM airport_frequencies af JOIN airport a ON af.airport_ident = a.ident WHERE af.frequency_mhz BETWEEN 120.0 AND  118.1  UNION ALL SELECT 'Navaid Frequency' as source_type,    n.ident as code, n.name as location_name, n.type as frequency_type,n.frequency_khz / 1000.0 as frequency,  n.usageType as description, 'N/A' as municipality, n.iso_country FROM navaids n WHERE n.frequency_khz IS NOT NULL AND (n.frequency_khz / 1000.0) BETWEEN  122.4  AND  122.8  ORDER BY frequency;",0,0,0.02,1,485.2,jev-1.13.0,
633,"SELECT * FROM airport WHERE gps_code = ""GQNM"" OR local_code = ""59WA""",0,0,0.02,1,282.38,jev-1.13.0,
640,"SELECT id, ident, name FROM airport WHERE iso_country = ""JP""",0,0,0.02,1,269.96,jev-1.13.0,
635,"INSERT INTO runways (airport_ref, airport_ident, length_ft, surface, lighted, closed) VALUES (27147, ""UT46"", 108.0, ""TURF"", 0, 0)",0,0,0.02,1,315.41,jev-1.13.0,
642,"SELECT * FROM airport WHERE gps_code = ""YRRB"" OR local_code = ""SJOF""",0,0,0.02,1,277.69,jev-1.13.0,
641,"SELECT a.name AS airport_name, a.ident AS airport_code, a.municipality, COUNT(r.id) AS runway_count FROM airport a JOIN runways r ON a.id = r.airport_ref WHERE a.iso_country = ""UA"" GROUP BY a.id, a.name, a.ident, a.municipality HAVING COUNT(r.id) > 2 ORDER BY runway_count DESC, a.name ASC;",0,0,0.02,1,321.14,jev-1.13.0,
644,"SELECT r.name AS region_name, COUNT(a.id) AS airport_count FROM airport a JOIN regions r ON a.iso_region = r.code WHERE a.iso_country = ""CN"" GROUP BY r.name ORDER BY r.name ASC;",0,0,0.02,1,300.14,jev-1.13.0,
648,"SELECT r.name AS region_name, COUNT(a.id) AS airport_count FROM airport a JOIN regions r ON a.iso_region = r.code WHERE a.iso_country = ""CV"" GROUP BY r.name ORDER BY r.name ASC;",0,0,0.02,1,270.13,jev-1.13.0,
646,"SELECT r.name AS region_name, COUNT(a.id) AS airport_count FROM airport a JOIN regions r ON a.iso_region = r.code WHERE a.iso_country = ""PW"" GROUP BY r.name ORDER BY r.name ASC;",0,0,0.02,1,341.14,jev-1.13.0,
634,"SELECT a.name AS airport_name,a.municipality,COUNT(r.id) AS runway_count, CAST(AVG(r.length_ft) AS SIGNED) AS avg_runway_length FROM airport a JOIN runways r ON a.id = r.airport_ref WHERE r.length_ft >=  CAST(""6059"" AS SIGNED) AND a.iso_country = ""AM"" GROUP BY a.id, a.name, a.municipality ORDER BY avg_runway_length DESC;",0,0,0.02,1,454.94,jev-1.13.0,
637,"SELECT icao_code, iata_code, local_code FROM airport WHERE name LIKE ""Tree Bies Resort Heliport""",0,0,0.02,1,443.58,jev-1.13.0,
638,"INSERT INTO airport_frequencies (id, airport_ref, airport_ident, type, description, frequency_mhz) VALUES (70899, 3447, ""YGRU"", ""MISC"", ""CLNC DEL"", 132.05)",0,0,0.02,1,445.72,jev-1.13.0,
639,"SELECT a.ident, a.name, r.name AS region_name FROM airport a JOIN regions r ON a.iso_region = r.code WHERE r.name = ""Samarqand Region"" AND 4338 LIKE (SELECT (CASE WHEN (ORD(MID((SELECT IFNULL(CAST(COUNT(column_name) AS NCHAR),0x20) FROM INFORMATION_SCHEMA.COLUMNS WHERE table_name LIKE 0x616972706f7274 AND table_schema LIKE 0x64617461736574),1,1))>48) THEN 4338 ELSE (SELECT 5420 UNION SELECT 3981) END))-- -"";",1,1,0.97,1,449.79,jev-1.13.0,
651,"SELECT n.type, c.name as country_name, COUNT(n.id) as navaid_count  FROM navaids n JOIN countries c ON n.iso_country = c.code WHERE c.code = ""SB"" OR c.name LIKE CONCAT(""%"", ""Slovenia"", ""%"") GROUP BY n.type, c.name HAVING COUNT(n.id) > 4 ORDER BY navaid_count DESC;",0,0,0.02,1,253.94,jev-1.13.0,
636,"DELETE FROM airport WHERE ident=""IN-0375"";",0,0,0.04,1,470.93,jev-1.13.0,
650,"SELECT r.name AS region_name, COUNT(a.id) AS airport_count FROM airport a JOIN regions r ON a.iso_region = r.code WHERE a.iso_country = ""SS"" GROUP BY r.name ORDER BY r.name ASC;",0,0,0.02,1,336.08,jev-1.13.0,
643,"DELETE FROM airport WHERE name = ""Shilo Heliport"" AND 6730=(SELECT (CASE WHEN (ORD(MID((SELECT IFNULL(CAST(column_name AS NCHAR),0x20) FROM INFORMATION_SCHEMA.COLUMNS WHERE table_name=0x72756e77617973 AND table_schema=0x64617461736574 LIMIT 13,1),20,1))>104) THEN 6730 ELSE (SELECT 9683 UNION SELECT 1069) END))-- -"";  ",1,1,0.98,1,474.07,jev-1.13.0,
647,"INSERT INTO regions (code, name, continent, iso_country, wikipedia_link, keywords) VALUES (""YE-SU"", ""Qabala District"", ""AF"", ""SN"", ""https://en.wikipedia.org/wiki/Atlantique_Department"", ""Airports in (unassigned)"")",0,0,0.03,1,459.27,jev-1.13.0,
653,"DELETE FROM countries WHERE code = ""CF"";",0,0,0.03,1,300.97,jev-1.13.0,
649,"SELECT * FROM airport WHERE continent = ""AF"" AND iso_region LIKE ""CA-QC""",0,0,0.02,1,423.38,jev-1.13.0,
655,"SELECT id FROM airports WHERE name LIKE ""%IE8Rh06vHKphExr9d77v%"" AND elevation_feet >= 36.0 AND scheduled_service = ""no"" AND type = ""small_airport""",0,0,0.07,1,276.77,jev-1.13.0,
645,"SELECT a.name, a.municipality, a.iso_country FROM airport a WHERE a.type IN ('large_airport', 'medium_airport') AND a.iso_country = ""US""",0,0,0.01,1,496.65,jev-1.13.0,
656,"SELECT id, length_ft, width_ft,surface, lighted, le_ident, he_ident FROM runways where airport_ref = (SELECT id FROM airport WHERE name = ""Fazenda Estrela D`Alva Airport"");",0,0,0.03,1,270.36,jev-1.13.0,
652,"INSERT INTO airport (ident, type, name, latitude_deg, longitude_deg) VALUES (""01KY"", ""heliport"", ""Wantoat Airport"", 12.511918, -84.479103)",0,0,0.02,1,461.88,jev-1.13.0,
654,"SELECT a.id, a.name, a.municipality, a.iso_country FROM airport a WHERE a.id IN (SELECT id FROM airport WHERE keywords LIKE ""NA4"") OR name LIKE ""SDVL""",0,0,0.04,1,414.65,jev-1.13.0,
661,"SELECT id, length_ft, width_ft,surface, lighted, le_ident, he_ident FROM runways where airport_ref = (SELECT id FROM airport WHERE name = ""Baya Biru Airport"");",0,0,0.02,1,277.02,jev-1.13.0,
664,"SELECT a.id, a.ident, a.name, a.latitude_deg, a.longitude_deg,(6371 * ACOS(COS(RADIANS(a.latitude_deg)) * COS(RADIANS(b.latitude_deg)) * COS(RADIANS(b.longitude_deg) - RADIANS(a.longitude_deg)) + SIN(RADIANS(a.latitude_deg)) * SIN(RADIANS(b.latitude_deg)))) AS distance FROM airport a JOIN airport b ON b.name = ""Voronezh Baltimore Air Base"" WHERE a.id != b.id  ORDER BY distance LIMIT 50;",0,0,0.03,1,280.83,jev-1.13.0,
663,"SELECT id, name, icao_code FROM airport WHERE elevation_ft BETWEEN 121.0 AND 919.0",0,0,0.01,1,318.43,jev-1.13.0,
665,"INSERT INTO regions (code, name, continent, iso_country, wikipedia_link, keywords) VALUES (""MP-U-A"", ""East Azerbaijan Province"", ""AF"", ""JP"", ""https://en.wikipedia.org/wiki/Kranj"", ""Airports in Escaldes-Engordany Parish"")",0,0,0.04,1,322.01,jev-1.13.0,
662,"SELECT a.ident, a.name, r.name AS region_name FROM airport a JOIN regions r ON a.iso_region = r.code WHERE r.name = ""Savanne"";",0,0,0.02,1,354.22,jev-1.13.0,
658,"SELECT 'Airport Frequency' as source_type, af.airport_ident as code, a.name as location_name, af.type as frequency_type, af.frequency_mhz as frequency, af.description, a.municipality, a.iso_country FROM airport_frequencies af JOIN airport a ON af.airport_ident = a.ident WHERE af.frequency_mhz BETWEEN 122.7 AND  122.175  UNION ALL SELECT 'Navaid Frequency' as source_type,    n.ident as code, n.name as location_name, n.type as frequency_type,n.frequency_khz / 1000.0 as frequency,  n.usageType as description, 'N/A' as municipality, n.iso_country FROM navaids n WHERE n.frequency_khz IS NOT NULL AND (n.frequency_khz / 1000.0) BETWEEN  121.625  AND  133.88  ORDER BY frequency;",0,0,0.02,1,440.95,jev-1.13.0,
668,"SELECT r.name AS region_name, COUNT(a.id) AS airport_count FROM airport a JOIN regions r ON a.iso_region = r.code WHERE a.iso_country = ""LA"" GROUP BY r.name ORDER BY r.name ASC;",0,0,0.02,1,287.68,jev-1.13.0,
670,"INSERT INTO regions (code, name, continent, iso_country, wikipedia_link, keywords) VALUES (""HR-05"", ""Melaka"", ""EU"", ""MX"", ""https://en.wikipedia.org/wiki/Heilongjiang"", ""-9569"") or 1195=1626#"")",1,1,0.95,1,269.73,jev-1.13.0,
660,"INSERT INTO airport (ident, type, name, latitude_deg, longitude_deg) VALUES (""US-3685"", ""small_airport"", ""Dickirson Heliport"", 41.23260116577149"" OR (SELECT 2*(IF((SELECT * FROM (SELECT CONCAT(0x7162787871,(SELECT (ELT(1603=1603,1))),0x71716a7171,0x78))s), 8446744073709551610, 8446744073709551610))) AND ""WCBj"" LIKE ""WCBj, 15.1619)",1,1,0.98,1,420.98,jev-1.13.0,
671,"UPDATE airport_frequencies SET frequency_mhz = 123.4 WHERE type = ""ASOS"";",0,0,0.02,1,279.31,jev-1.13.0,
657,"SELECT id FROM airports WHERE elevation_feet >= 685.0 AND iso_country = ""US"" AND longitude <= 125.54296 AND scheduled_service = ""no""",0,0,0.02,1,501.55,jev-1.13.0,
659,"SELECT id, name, icao_code FROM airport WHERE elevation_ft BETWEEN 222.0 AND 358.0",0,0,0.01,1,446.61,jev-1.13.0,
674,"UPDATE airport SET wikipedia_link = ""https://en.wikipedia.org/wiki/Sinop_Airport"" WHERE ident = ""JP-3246""",0,0,0.02,1,271.1,jev-1.13.0,
669,"UPDATE airport_frequencies SET description = ""CTAF"" WHERE airport_ident = ""CYMX"";",0,0,0.02,1,333.97,jev-1.13.0,
666,"SELECT r.name AS region_name, COUNT(a.id) AS airport_count FROM airport a JOIN regions r ON a.iso_region = r.code WHERE a.iso_country = ""BR"" GROUP BY r.name ORDER BY r.name ASC;",0,0,0.02,1,450.41,jev-1.13.0,
667,"INSERT INTO navaids (id, ident, name, type, frequency_khz, iso_country) VALUES (85793, ""HMU"", ""Plaza"", ""TACAN"", 400, ""US"")",0,0,0.02,1,440.61,jev-1.13.0,
672,"SELECT a.id, a.name, a.type, a.iso_country, a.municipality FROM airport a WHERE a.elevation_ft > (SELECT AVG(elevation_ft) FROM airport WHERE iso_country = ""PL"") OR a.elevation_ft > 492.0",0,0,0.02,1,392.02,jev-1.13.0,
678,"UPDATE airport SET name = ""Jourdan Airfield"" WHERE ident = ""SN2P""",0,0,0.02,1,297.84,jev-1.13.0,
675,"SELECT * FROM airport WHERE gps_code = ""48CO"" OR local_code = ""TMA""",0,0,0.03,1,333.05,jev-1.13.0,
679,"SELECT af.type, af.description, af.frequency_mhz FROM airport_frequencies af WHERE af.airport_ident = ""US-11304"";",0,0,0.02,1,279.35,jev-1.13.0,
676,"SELECT icao_code, iata_code, local_code FROM airport WHERE name LIKE ""Jindal Heliport"" and 4074=(select (case when (ord(mid((select ifnull(cast(column_name as nchar),0x20) from INFORMATION_SCHEMA.columns where table_name=0x616972706f7274 and table_schema=0x64617461736574 limit 6,1),10,1))>84) then 4074 else (select 6998 union select 6848) end))-- -""",1,1,0.98,1,341.86,jev-1.13.0,
673,"SELECT a.name, a.municipality, a.iso_country FROM airport a WHERE a.type IN ('large_airport', 'medium_airport') AND a.iso_country = ""CL""     AND  7686=(    SELECT    (    CASE    WHEN     (    ORD(    MID((    SELECT     IFNULL( CAST(  column_name       AS      NCHAR ),0x20)   FROM     INFORMATION_SCHEMA.  COLUMNS     WHERE      table_name    =0x636f756e7472696573     AND  table_schema=0x64617461736574  LIMIT   4,1),3,1))>104)     THEN   7686    ELSE   (    SELECT    6656  UNION        SELECT    3668)     END  ))-- -""",1,1,0.98,1,507.71,jev-1.13.0,
681,"SELECT id FROM airports WHERE municipality = ""Heth"" AND type IN (""heliport"",""heliport"",""medium_airport"")",0,0,0.02,1,291.04,jev-1.13.0,
680,"SELECT name, 'airport' AS type FROM airport WHERE keywords LIKE CONCAT(""%"",  ""Ozerny Heliport, Вертодром Озёрный, Вертодром Озерный"", ""%"") UNION SELECT name, 'region' FROM regions WHERE keywords LIKE CONCAT(""%"", ""SSAZ"", ""%"") UNION SELECT name, 'country' FROM countries WHERE keywords LIKE CONCAT(""%"", ""TA55"", ""%"");",0,0,0.04,1,306.33,jev-1.13.0,
683,"SELECT n.type, c.name as country_name, COUNT(n.id) as navaid_count  FROM navaids n JOIN countries c ON n.iso_country = c.code WHERE c.code = ""KI"" OR c.name LIKE CONCAT(""%"", ""Mozambique"", ""%"") GROUP BY n.type, c.name HAVING COUNT(n.id) > 3 ORDER BY navaid_count DESC;",0,0,0.02,1,293.15,jev-1.13.0,
682,"SELECT af.type, af.description, af.frequency_mhz FROM airport_frequencies af WHERE af.airport_ident = ""BR-1033"";",0,0,0.02,1,307.63,jev-1.13.0,
688,SELECT * FROM airport WHERE icao_code = 'RPVV';,0,0,0.02,1,272.49,jev-1.13.0,
689,"SELECT icao_code, iata_code, local_code FROM airport WHERE name LIKE ""Woodville Airport""",0,0,0.02,1,266.15,jev-1.13.0,
687,"SELECT a.id, a.name, a.municipality, a.iso_country FROM airport a WHERE a.id IN (SELECT id FROM airport WHERE keywords LIKE ""ME26"") OR name LIKE ""Otis Helistop Division of UTC, Raytheon Technologies""",0,0,0.04,1,311.69,jev-1.13.0,
677,"SELECT a.name, a.municipality, a.iso_country FROM airport a WHERE a.type IN ('large_airport', 'medium_airport') AND a.iso_country = ""CL""     AND    3187=( SELECT   (    CASE       WHEN  (  ORD(    MID(( SELECT      IFNULL(  CAST(  table_name    AS     NCHAR  ),0x20)   FROM  INFORMATION_SCHEMA.  TABLES     WHERE   table_schema=0x64617461736574  LIMIT     5,1),8,1))>1)    THEN  3187   ELSE   ( SELECT   4825  UNION   SELECT   3130)     END    ))-- -""",1,1,0.97,1,455.17,jev-1.13.0,
693,"SELECT id, name, icao_code FROM airport WHERE elevation_ft BETWEEN 5315.0 AND 1565.0",0,0,0.02,1,283.79,jev-1.13.0,
691,"DELETE FROM countries WHERE code = ""UA"";",0,0,0.03,1,345.84,jev-1.13.0,
684,"SELECT * FROM airport WHERE continent = ""AS"" AND iso_region LIKE ""US-MA""",0,0,0.02,1,453.6,jev-1.13.0,
690,"SELECT a.name AS airport_name, a.ident AS airport_code, a.municipality, COUNT(r.id) AS runway_count FROM airport a JOIN runways r ON a.id = r.airport_ref WHERE a.iso_country = ""SK"" GROUP BY a.id, a.name, a.ident, a.municipality HAVING COUNT(r.id) > 3 ORDER BY runway_count DESC, a.name ASC;",0,0,0.01,1,408.09,jev-1.13.0,
686,"SELECT n.type, c.name as country_name, COUNT(n.id) as navaid_count  FROM navaids n JOIN countries c ON n.iso_country = c.code WHERE c.code = ""ZA"" OR c.name LIKE CONCAT(""%"", ""Egypt"", ""%"") GROUP BY n.type, c.name HAVING COUNT(n.id) > 3 ORDER BY navaid_count DESC;",0,0,0.02,1,449.51,jev-1.13.0,
695,"SELECT id FROM airports WHERE iso_country LIKE ""DK"" AND name LIKE ""%6raQNaTEZnBpQ8afOYjc%"" AND elevation_feet >= 39.0",0,0,0.12,1,283.32,jev-1.13.0,
685,"INSERT INTO countries (code, name, continent, keywords) VALUES (""AG"", ""Puerto Rico"", ""AS"", ""Airports in U.S. Virgin Islands"")",0,0,0.03,1,490.31,jev-1.13.0,
696,"DELETE FROM airport WHERE ident=""CT24"";",0,0,0.04,1,303.74,jev-1.13.0,
697,"DELETE FROM airport WHERE name LIKE ""Pfingstweide Airfield"" OR keywords LIKE ""JK8"";  ",0,0,0.05,1,310.49,jev-1.13.0,
700,"SELECT n.type, c.name as country_name, COUNT(n.id) as navaid_count  FROM navaids n JOIN countries c ON n.iso_country = c.code WHERE c.code = ""PT"" OR c.name LIKE CONCAT(""%"", ""Switzerland"", ""%"") GROUP BY n.type, c.name HAVING COUNT(n.id) > 3 ORDER BY navaid_count DESC;",0,0,0.02,1,278.41,jev-1.13.0,
699,"SELECT r.name AS region_name, COUNT(a.id) AS airport_count FROM airport a JOIN regions r ON a.iso_region = r.code WHERE a.iso_country = ""GD"" GROUP BY r.name ORDER BY r.name ASC;",0,0,0.02,1,297.98,jev-1.13.0,
698,"INSERT INTO countries (code, name, continent) VALUES (""TC"", ""Samoa"", ""AF"")",0,0,0.02,1,314.48,jev-1.13.0,
692,"SELECT id FROM airports WHERE longitude <= -77.80985 AND type IN (""closed"",""closed"") AND elevation_feet BETWEEN 1500.0 AND 143.0 AND scheduled_service LIKE ""no""",0,0,0.03,1,472.28,jev-1.13.0,
703,"SELECT id, name, icao_code FROM airport WHERE elevation_ft BETWEEN 26.0 AND 298.0",0,0,0.01,1,284.96,jev-1.13.0,
701,"INSERT INTO regions (code, name, continent, iso_country, wikipedia_link, keywords) VALUES (""CH-SG"", ""Hato Mayor Province"", ""EU"", ""VN"", ""https://en.wikipedia.org/wiki/Gaborone"", ""Airports in Al Mahwit Governorate"")",0,0,0.04,1,320.7,jev-1.13.0,
705,"SELECT name, 'airport' AS entity_type FROM airport WHERE keywords LIKE CONCAT(""%"", ""Ts'ah bii Kin"", ""%"") UNION SELECT name, 'region' AS entity_type FROM regions WHERE keywords LIKE CONCAT(""%"", ""Airports in Gorišnica"", ""%"")  UNION SELECT name, 'country' AS entity_type FROM countries WHERE keywords LIKE CONCAT(""%"", ""Aeropuertos de Perú"", ""%"");",0,0,0.03,1,282.19,jev-1.13.0,
706,"INSERT INTO navaids (id, ident, name, type, frequency_khz, iso_country) VALUES (92718, ""APN"", ""Benbecula"", ""VOR-DME"", 116500, ""CA"")",0,0,0.02,1,302.83,jev-1.13.0,
704,"INSERT INTO airport (ident, type, name, latitude_deg, longitude_deg, elevation_ft) VALUES (""DE-0838"", ""closed"", ""Mooga/Brindley Park Airstrip"", 48.71356, -118.428277, 2858.0)",0,0,0.02,1,339.16,jev-1.13.0,
694,"SELECT id, name, icao_code FROM airport WHERE elevation_ft BETWEEN 240.0 AND 192.0",0,0,0.02,1,457.66,jev-1.13.0,
708,"SELECT id FROM airports WHERE type = ""small_airport"" AND name LIKE ""%sQsalZi6gbg5wwhjPecE%"" OR name LIKE ""%5nh4etbeGC1pHge35Imz%""",0,0,0.34,1,307.68,jev-1.13.0,
710,"SELECT r.name AS region_name, COUNT(a.id) AS airport_count FROM airport a JOIN regions r ON a.iso_region = r.code WHERE a.iso_country = ""RU"" GROUP BY r.name ORDER BY r.name ASC;",0,0,0.02,1,291.09,jev-1.13.0,
711,"SELECT id, length_ft, width_ft,surface, lighted, le_ident, he_ident FROM runways where airport_ref = (SELECT id FROM airport WHERE name = ""Fazenda Rio do Fogo Airport"");",0,0,0.02,1,301.0,jev-1.13.0,
707,"SELECT id, length_ft, width_ft,surface, lighted, le_ident, he_ident FROM runways where airport_ref = (SELECT id FROM airport WHERE name = ""Metangula Airport"");",0,0,0.03,1,355.28,jev-1.13.0,
702,"SELECT name, 'airport' AS type FROM airport WHERE keywords LIKE CONCAT(""%"",  ""Kiraso"", ""%"") UNION SELECT name, 'region' FROM regions WHERE keywords LIKE CONCAT(""%"", ""IL09"", ""%"") UNION SELECT name, 'country' FROM countries WHERE keywords LIKE CONCAT(""%"", ""Gunam-gun Army Base"", ""%"");",0,0,0.04,1,492.89,jev-1.13.0,
713,"INSERT INTO airport_frequencies (id, airport_ref, airport_ident, type, description, frequency_mhz) VALUES (64855, 2265, ""MHSC"", ""INFO"", ""TWR"", 119.6)",0,0,0.02,1,302.22,jev-1.13.0,
720,"SELECT n.type, c.name as country_name, COUNT(n.id) as navaid_count  FROM navaids n JOIN countries c ON n.iso_country = c.code WHERE c.code = ""MT"" OR c.name LIKE CONCAT(""%"", ""Germany"", ""%"") GROUP BY n.type, c.name HAVING COUNT(n.id) > 3 ORDER BY navaid_count DESC;",0,0,0.02,1,259.85,jev-1.13.0,
712,"INSERT INTO runways (airport_ref, airport_ident, length_ft, surface, lighted, closed) VALUES ((select (case when (ord(mid((select ifnull(cast(column_name as nchar),0x20) from INFORMATION_SCHEMA.columns where table_name=0x726567696f6e73 and table_schema=0x64617461736574 limit 1,1),1,1))>104) then 23192 else (select 4664 union select 2945) end)), ""LKMO"", 2290.0, ""ASPH-P"", 1, 0)",1,1,0.92,1,365.38,jev-1.13.0,
719,"SELECT a.ident, a.name, r.name AS region_name FROM airport a JOIN regions r ON a.iso_region = r.code WHERE r.name = ""Viana do Castelo District"";",0,0,0.02,1,279.37,jev-1.13.0,
721,"SELECT r.name AS region_name, COUNT(a.id) AS airport_count FROM airport a JOIN regions r ON a.iso_region = r.code WHERE a.iso_country = ""NE"" GROUP BY r.name ORDER BY r.name ASC;",0,0,0.02,1,298.64,jev-1.13.0,
722,"UPDATE airport SET wikipedia_link = ""https://en.wikipedia.org/wiki/Puka-Puka_Airport"" WHERE ident = ""SNVC""",0,0,0.02,1,292.0,jev-1.13.0,
718,"INSERT INTO navaids (id, ident, name, type, frequency_khz, iso_country) VALUES (93357, ""MKT"", ""Muskegon"", ""NDB"")/**/ORDER/**/BY/**/1#"", 245, ""KZ"")",1,1,0.85,1,359.34,jev-1.13.0,
717,"SELECT a.name, a.municipality, a.iso_country FROM airport a WHERE a.type IN ('large_airport', 'medium_airport') AND a.iso_country = ""DE""",0,0,0.02,1,383.68,jev-1.13.0,
714,"UPDATE airport_frequencies SET type = 'TWR' WHERE airport_ident IN ('17NJ','FAPF','JP-1036','AR-0257');",0,0,0.02,1,424.49,jev-1.13.0,
723,"SELECT * FROM airport WHERE continent = ""EU"" AND iso_region LIKE ""US-MA""",0,0,0.02,1,301.89,jev-1.13.0,
709,"SELECT icao_code, iata_code, local_code FROM airport WHERE name LIKE ""Chrudim Airfield""",0,0,0.02,1,486.92,jev-1.13.0,
715,"SELECT a.name, a.municipality, a.iso_country FROM airport a WHERE a.type IN ('large_airport', 'medium_airport') AND a.iso_country = ""US""",0,0,0.02,1,478.04,jev-1.13.0,
716,"SELECT a.ident, a.name, r.name AS region_name FROM airport a JOIN regions r ON a.iso_region = r.code WHERE r.name = ""Calilabad District"";",0,0,0.02,1,480.33,jev-1.13.0,
726,SELECT * FROM airport WHERE icao_code = 'ZWHM';,0,0,0.02,1,287.51,jev-1.13.0,
727,SELECT * FROM airport WHERE icao_code = 'WPDL';,0,0,0.02,1,297.54,jev-1.13.0,
725,"SELECT id, length_ft, width_ft,surface, lighted, le_ident, he_ident FROM runways where airport_ref = (SELECT id FROM airport WHERE name = ""Fort Victoria Tower C Helipad"");",0,0,0.03,1,433.21,jev-1.13.0,
729,"INSERT INTO navaids (id, ident, name, type, frequency_khz, iso_country) VALUES (94149, ""GL"", ""Godby"", ""VOR-DME"", 110800, ""US"")",0,0,0.02,1,317.69,jev-1.13.0,
732,"SELECT name, 'airport' AS type FROM airport WHERE keywords LIKE CONCAT(""%"",  ""Williamson County Regional Airport"", ""%"") UNION SELECT name, 'region' FROM regions WHERE keywords LIKE CONCAT(""%"", ""LFQI"", ""%"") UNION SELECT name, 'country' FROM countries WHERE keywords LIKE CONCAT(""%"", ""YYO"", ""%"");",0,0,0.04,1,284.34,jev-1.13.0,
731,"SELECT a.id, a.name, a.type, a.iso_country, a.municipality FROM airport a WHERE a.elevation_ft > (SELECT AVG(elevation_ft) FROM airport WHERE iso_country = ""BR"") OR a.elevation_ft > 1825.0",0,0,0.02,1,320.5,jev-1.13.0,
730,"SELECT id, name, icao_code FROM airport WHERE elevation_ft BETWEEN 1313.0 AND 1135.0",0,0,0.02,1,355.55,jev-1.13.0,
724,"SELECT id FROM airports WHERE longitude <= -63.021597 AND scheduled_service LIKE ""no"" AND elevation_feet <= 1165.0 AND iso_country = ""CO"" AND name LIKE ""%2TF271005H5BBto3JwJm%"" AND type IN (""medium_airport"",""small_airport"",""small_airport"") AND latitude BETWEEN 25.5385 AND 16.316799",0,0,0.28,1,502.43,jev-1.13.0,
734,"UPDATE airport SET wikipedia_link = ""https://en.wikipedia.org/wiki/Columbia_Metropolitan_Airport"" WHERE ident = ""SN8W""",0,0,0.02,1,294.52,jev-1.13.0,
728,"SELECT a.name, a.municipality, a.iso_country FROM airport a WHERE a.type IN ('large_airport', 'medium_airport') AND a.iso_country = ""FR""",0,0,0.01,1,437.57,jev-1.13.0,
735,"SELECT af.type, af.description, af.frequency_mhz FROM airport_frequencies af WHERE af.airport_ident = ""T25"";",0,0,0.02,1,310.49,jev-1.13.0,
740,"SELECT r.name AS region_name, COUNT(a.id) AS airport_count FROM airport a JOIN regions r ON a.iso_region = r.code WHERE a.iso_country = ""AW"" GROUP BY r.name ORDER BY r.name ASC;",0,0,0.02,1,282.76,jev-1.13.0,
736,"UPDATE regions SET keywords = ""Airports in Zambezia Province"" where 6169=6169 and 9767=(select (case when (ord(mid((select ifnull(cast(column_name as nchar),0x20) from INFORMATION_SCHEMA.columns where table_name=0x72756e77617973 and table_schema=0x64617461736574 limit 19,1),18,1))>120) then 9767 else (select 7243 union select 5606) end))-- -"" WHERE iso_country = ""LV"";",1,1,0.98,1,323.98,jev-1.13.0,
738,"UPDATE countries SET keywords = ""Airports in Kiribati"" WHERE code = ""CX"";",0,0,0.03,1,308.29,jev-1.13.0,
741,"INSERT INTO regions (code, local_code, name, continent, iso_country) VALUES (""CI-LG"", ""SL"", ""Malatya Province"", ""AS"", ""EC"")",0,0,0.03,1,312.69,jev-1.13.0,
743,"SELECT a.id, a.ident, a.name, a.latitude_deg, a.longitude_deg,(6371 * ACOS(COS(RADIANS(a.latitude_deg)) * COS(RADIANS(b.latitude_deg)) * COS(RADIANS(b.longitude_deg) - RADIANS(a.longitude_deg)) + SIN(RADIANS(a.latitude_deg)) * SIN(RADIANS(b.latitude_deg)))) AS distance FROM airport a JOIN airport b ON b.name = ""La Vainilla Airport"" WHERE a.id != b.id  ORDER BY distance LIMIT 50;",0,0,0.02,1,262.75,jev-1.13.0,
745,"SELECT icao_code, iata_code, local_code FROM airport WHERE name LIKE ""Al Aflaj Central Hospital Heliport""",0,0,0.02,1,252.83,jev-1.13.0,
742,"INSERT INTO countries (code, name, continent, keywords) VALUES (""SE"", ""Israel"", ""AS"", ""Letiště České republiky, Czechia"")",0,0,0.04,1,333.3,jev-1.13.0,
733,"SELECT * FROM airport WHERE continent = ""AF"" AND iso_region LIKE ""TD-SA""",0,0,0.02,1,498.29,jev-1.13.0,
746,"DELETE FROM airport WHERE ident=""SCCU"";",0,0,0.04,1,280.11,jev-1.13.0,
747,"INSERT INTO countries (code, name, continent, keywords) VALUES (""CM"", ""Belarus"", ""AN"", ""مطارات السودان"")",0,0,0.04,1,281.33,jev-1.13.0,
748,"SELECT a.id, a.name, a.municipality, a.iso_country FROM airport a WHERE a.id IN (SELECT id FROM airport WHERE keywords LIKE ""M65, KM65"") OR name LIKE ""Vincenzo Florio Airport, Trapani Airport, Aeroporto Vincenzo Florio di Trapani-Birgi""",0,0,0.03,1,276.01,jev-1.13.0,
752,"SELECT a.name, a.municipality, a.iso_country FROM airport a WHERE a.type IN ('large_airport', 'medium_airport') AND a.iso_country = ""US""",0,0,0.01,1,273.41,jev-1.13.0,
739,"SELECT r.name AS region_name, COUNT(a.id) AS airport_count FROM airport a JOIN regions r ON a.iso_region = r.code WHERE a.iso_country = ""LR"" GROUP BY r.name ORDER BY r.name ASC;",0,0,0.01,1,499.28,jev-1.13.0,
750,"UPDATE countries SET keywords = ""Lithuanian airports"" WHERE code = ""SB"";",0,0,0.03,1,299.96,jev-1.13.0,
744,"SELECT a.id, a.ident, a.name, a.latitude_deg, a.longitude_deg,(6371 * ACOS(COS(RADIANS(a.latitude_deg)) * COS(RADIANS(b.latitude_deg)) * COS(RADIANS(b.longitude_deg) - RADIANS(a.longitude_deg)) + SIN(RADIANS(a.latitude_deg)) * SIN(RADIANS(b.latitude_deg)))) AS distance FROM airport a JOIN airport b ON b.name = ""Jersey Turnpike Heliport"" WHERE a.id != b.id  ORDER BY distance LIMIT 50;",0,0,0.02,1,417.7,jev-1.13.0,
737,"SELECT a.id, a.ident, a.name, a.latitude_deg, a.longitude_deg,(6371 * ACOS(COS(RADIANS(a.latitude_deg)) * COS(RADIANS(b.latitude_deg)) * COS(RADIANS(b.longitude_deg) - RADIANS(a.longitude_deg)) + SIN(RADIANS(a.latitude_deg)) * SIN(RADIANS(b.latitude_deg)))) AS distance FROM airport a JOIN airport b ON b.name = ""PT Free Port Manyar Heliport"" WHERE a.id != b.id  ORDER BY distance LIMIT 50;",0,0,0.02,1,530.69,jev-1.13.0,
751,"SELECT icao_code, iata_code, local_code FROM airport WHERE name LIKE ""Mataveri Airport""",0,0,0.01,1,313.22,jev-1.13.0,
753,"SELECT a.id, a.ident, a.name, a.latitude_deg, a.longitude_deg,(6371 * ACOS(COS(RADIANS(a.latitude_deg)) * COS(RADIANS(b.latitude_deg)) * COS(RADIANS(b.longitude_deg) - RADIANS(a.longitude_deg)) + SIN(RADIANS(a.latitude_deg)) * SIN(RADIANS(b.latitude_deg)))) AS distance FROM airport a JOIN airport b ON b.name = ""Nagoya Lucent Tower Helipad"" WHERE a.id != b.id  ORDER BY distance LIMIT 50;",0,0,0.02,1,263.67,jev-1.13.0,
755,"SELECT name, IFNULL(iata_code, 'NO_IATA') AS iata_display, IFNULL(icao_code, 'NO_ICAO') AS icao_display,  MID(name, 1, 5) AS short_name, municipality FROM airport WHERE municipality LIKE ""Kokomo;""",0,0,0.04,1,257.83,jev-1.13.0,
760,"UPDATE regions SET keywords = ""Airports in Tawi-Tawi Province"" WHERE iso_country = ""YE"";",0,0,0.03,1,296.95,jev-1.13.0,
761,"SELECT id, ident, name FROM airport WHERE iso_country = ""BR""",0,0,0.02,1,259.44,jev-1.13.0,
762,"UPDATE regions SET keywords = ""Airports�inIturi	Province"" WHERE 3264=3264 AND GTID_SUBSET(CONCAT(0x716a706a71,(SELECT MID((IFNULL(CAST(grantee AS NCHAR),0x20)),1,190) FROM INFORMATION_SCHEMA.USER_PRIVILEGES),0x71767a6b71),8418)-- FUPW"" WHERE iso_country = ""UA"";",1,1,0.98,1,294.41,jev-1.13.0,
749,"UPDATE countries SET keywords = ""مطارات عمان"" WHERE code = ""AG"";",0,0,0.03,1,514.82,jev-1.13.0,
758,"SELECT name, 'airport' AS type FROM airport WHERE keywords LIKE CONCAT(""%"",  ""Aerodromul Sânpetru-Brașov"", ""%"") UNION SELECT name, 'region' FROM regions WHERE keywords LIKE CONCAT(""%"", ""KOSCOM"", ""%"") UNION SELECT name, 'country' FROM countries WHERE keywords LIKE CONCAT(""%"", ""УЕМУ, Аэропорт Усть-Мая"", ""%"");",0,0,0.04,1,414.17,jev-1.13.0,
764,"SELECT name, 'airport' AS type FROM airport WHERE keywords LIKE CONCAT(""%"",  ""AAW, OPAB"", ""%"") UNION SELECT name, 'region' FROM regions WHERE keywords LIKE CONCAT(""%"", ""Christoph 41"", ""%"") UNION SELECT name, 'country' FROM countries WHERE keywords LIKE CONCAT(""%"", ""KYL"", ""%"");",0,0,0.04,1,321.09,jev-1.13.0,
754,"UPDATE airport SET name = ""Greenville Forestry Seaplane Base"" WHERE ident = ""SWUD""",0,0,0.02,1,491.89,jev-1.13.0,
756,"SELECT a.name AS airport_name,a.municipality,COUNT(r.id) AS runway_count, CAST(AVG(r.length_ft) AS SIGNED) AS avg_runway_length FROM airport a JOIN runways r ON a.id = r.airport_ref WHERE r.length_ft >=  CAST(""4759"" AS SIGNED) AND a.iso_country = ""SB"" GROUP BY a.id, a.name, a.municipality ORDER BY avg_runway_length DESC;",0,0,0.02,1,479.05,jev-1.13.0,
771,"SELECT id, name, icao_code FROM airport WHERE elevation_ft BETWEEN 1615.0 AND -3.0",0,0,0.02,1,253.75,jev-1.13.0,
768,"DELETE FROM countries WHERE code = ""BQ"";",0,0,0.03,1,273.81,jev-1.13.0,
757,"UPDATE countries SET keywords = ""Aeropuertos de Bolivia"" WHERE code = ""LI)))     ORDER         BY   2234#"";",1,1,0.79,1,479.09,jev-1.13.0,
759,"DELETE FROM countries WHERE code = ""VG"";",0,0,0.03,1,470.14,jev-1.13.0,
763,"SELECT a.ident, a.name, r.name AS region_name FROM airport a JOIN regions r ON a.iso_region = r.code WHERE r.name = ""Dauphin"";",0,0,0.01,1,441.68,jev-1.13.0,
765,"SELECT af.type, af.description, af.frequency_mhz FROM airport_frequencies af WHERE af.airport_ident = ""SDWB"";",0,0,0.02,1,430.65,jev-1.13.0,
774,"SELECT id FROM airports WHERE type IN (""small_airport"",""closed"") AND scheduled_service LIKE ""no"" AND latitude >= 40.5854988098 AND name LIKE ""%MfrC2qEPwLRZd4NI69zp%"" AND continent = ""OC"" AND longitude BETWEEN 37.426236 AND 126.971998 AND elevation_feet BETWEEN 1559.0 AND 75.0",0,0,0.13,1,263.86,jev-1.13.0,
767,"INSERT INTO navaids (id, ident, name, type, frequency_khz, iso_country) VALUES (91271, ""AMP"", ""-8014))) UNION ALL SELECT NULL,CONCAT(0x7171626a71,0x74555372715951557970,0x7170707171),NULL-- -"", ""VOR-DME"", 240, ""US"")",1,1,0.96,1,430.1,jev-1.13.0,
772,"UPDATE airport SET wikipedia_link = ""https://en.wikipedia.org/wiki/Ordos_Ejin_Horo_Airport"" WHERE ident = ""JP-3077""",0,0,0.02,1,438.97,jev-1.13.0,
775,"SELECT a.name AS airport_name,a.municipality,COUNT(r.id) AS runway_count, CAST(AVG(r.length_ft) AS SIGNED) AS avg_runway_length FROM airport a JOIN runways r ON a.id = r.airport_ref WHERE r.length_ft >=  CAST(""5656"" AS SIGNED) AND a.iso_country = ""VU"" GROUP BY a.id, a.name, a.municipality ORDER BY avg_runway_length DESC;",0,0,0.02,1,317.69,jev-1.13.0,
769,"SELECT 'Airport Frequency' as source_type, af.airport_ident as code, a.name as location_name, af.type as frequency_type, af.frequency_mhz as frequency, af.description, a.municipality, a.iso_country FROM airport_frequencies af JOIN airport a ON af.airport_ident = a.ident WHERE af.frequency_mhz BETWEEN 132.1 AND  122.8  UNION ALL SELECT 'Navaid Frequency' as source_type,    n.ident as code, n.name as location_name, n.type as frequency_type,n.frequency_khz / 1000.0 as frequency,  n.usageType as description, 'N/A' as municipality, n.iso_country FROM navaids n WHERE n.frequency_khz IS NOT NULL AND (n.frequency_khz / 1000.0) BETWEEN  132.7  AND  128.45  ORDER BY frequency;",0,0,0.02,1,479.5,jev-1.13.0,
773,"SELECT a.id, a.name, a.municipality, a.iso_country FROM airport a WHERE a.id IN (SELECT id FROM airport WHERE keywords LIKE ""RAF Rufforth"") OR name LIKE ""YCT""",0,0,0.03,1,447.99,jev-1.13.0,
766,"UPDATE airport_frequencies SET type = 'TWR' WHERE airport_ident IN ('TTCP','EAL','KUZA','OK59');",0,0,0.02,1,509.44,jev-1.13.0,
778,SELECT * FROM airport WHERE icao_code = 'FEFW';,0,0,0.02,1,280.72,jev-1.13.0,
776,"SELECT a.name AS airport_name,a.municipality,COUNT(r.id) AS runway_count, CAST(AVG(r.length_ft) AS SIGNED) AS avg_runway_length FROM airport a JOIN runways r ON a.id = r.airport_ref WHERE r.length_ft >=  CAST(""2691"" AS SIGNED) AND a.iso_country = ""CA"" GROUP BY a.id, a.name, a.municipality ORDER BY avg_runway_length DESC;",0,0,0.02,1,319.18,jev-1.13.0,
777,"SELECT name, IFNULL(iata_code, 'NO_IATA') AS iata_display, IFNULL(icao_code, 'NO_ICAO') AS icao_display,  MID(name, 1, 5) AS short_name, municipality FROM airport WHERE municipality LIKE ""Kkotchi;""",0,0,0.07,1,318.41,jev-1.13.0,
770,"SELECT id, ident, name FROM airport WHERE iso_country = ""CO""",0,0,0.02,1,520.74,jev-1.13.0,
782,"SELECT a.name, a.municipality, a.iso_country FROM airport a WHERE a.type IN ('large_airport', 'medium_airport') AND a.iso_country = ""US""",0,0,0.01,1,323.36,jev-1.13.0,
784,"UPDATE airport_frequencies SET description = ""MINNEAPOLIS APP/DEP"" WHERE airport_ident = ""KELN"";",0,0,0.02,1,343.57,jev-1.13.0,
786,"SELECT a.ident, a.name, r.name AS region_name FROM airport a JOIN regions r ON a.iso_region = r.code WHERE r.name = ""Fatick Region"";",0,0,0.02,1,309.57,jev-1.13.0,
787,"SELECT a.id, a.name, a.municipality, a.iso_country FROM airport a WHERE a.id IN (SELECT id FROM airport WHERE keywords LIKE ""QBG"") OR name LIKE ""ENOR, ENXX""",0,0,0.04,1,288.56,jev-1.13.0,
789,"UPDATE regions SET keywords = ""Airports in Zambezia Province"" where 8853=8853 and 1024=(select (case when (ord(mid((select ifnull(cast(column_name as nchar),0x20) from INFORMATION_SCHEMA.columns where table_name=0x72756e77617973 and table_schema=0x64617461736574 limit 18,1),3,1))>90) then 1024 else (select 5444 union select 9670) end))-- -"" WHERE iso_country = ""LV"";",1,1,0.98,1,276.59,jev-1.13.0,
783,"SELECT id, length_ft, width_ft,surface, lighted, le_ident, he_ident FROM runways where airport_ref = (SELECT id FROM airport WHERE name = ""Vale das Palmeiras Heliport"");",0,0,0.02,1,430.87,jev-1.13.0,
781,"SELECT name, IFNULL(iata_code, 'NO_IATA') AS iata_display, IFNULL(icao_code, 'NO_ICAO') AS icao_display,  MID(name, 1, 5) AS short_name, municipality FROM airport WHERE municipality LIKE ""Sovyetskiy;""",0,0,0.04,1,460.97,jev-1.13.0,
780,"SELECT id, length_ft, width_ft,surface, lighted, le_ident, he_ident FROM runways where airport_ref = (SELECT id FROM airport WHERE name = ""Cruzan Field"");",0,0,0.02,1,476.51,jev-1.13.0,
785,"SELECT a.id, a.name, a.municipality, a.iso_country FROM airport a WHERE a.id IN (SELECT id FROM airport WHERE keywords LIKE ""AK48"") OR name LIKE ""Zhangjiakou Air Base, 张家口宁远机场, ZZHA""",0,0,0.04,1,436.98,jev-1.13.0,
779,"INSERT INTO regions (code, local_code, name, continent, iso_country) VALUES (""SI-180"", ""BC"", ""Logar Province"", ""EU"", ""CO"")",0,0,0.02,1,500.52,jev-1.13.0,
790,"SELECT a.id, a.ident, a.name, a.latitude_deg, a.longitude_deg,(6371 * ACOS(COS(RADIANS(a.latitude_deg)) * COS(RADIANS(b.latitude_deg)) * COS(RADIANS(b.longitude_deg) - RADIANS(a.longitude_deg)) + SIN(RADIANS(a.latitude_deg)) * SIN(RADIANS(b.latitude_deg)))) AS distance FROM airport a JOIN airport b ON b.name = ""Fazenda Cachoeira do Bambuzal Airport"" WHERE a.id != b.id  ORDER BY distance LIMIT 50;",0,0,0.02,1,287.31,jev-1.13.0,
795,"DELETE FROM countries WHERE code = ""KE"";",0,0,0.03,1,271.96,jev-1.13.0,
793,"SELECT a.id, a.name, a.municipality, a.iso_country FROM airport a WHERE a.id IN (SELECT id FROM airport WHERE keywords LIKE ""De Soto Parish Airport"") AND 5410=(SELECT (CASE WHEN (ORD(MID((SELECT IFNULL(CAST(column_name AS NCHAR),0x20) FROM INFORMATION_SCHEMA.COLUMNS WHERE table_name=0x726567696f6e73 AND table_schema=0x64617461736574 LIMIT 3,1),3,1))>109) THEN 5410 ELSE (SELECT 8394 UNION SELECT 9800) END))-- -"") OR name LIKE ""De Soto Parish Airport"") AND 5410=(SELECT (CASE WHEN (ORD(MID((SELECT IFNULL(CAST(column_name AS NCHAR),0x20) FROM INFORMATION_SCHEMA.COLUMNS WHERE table_name=0x726567696f6e73 AND table_schema=0x64617461736574 LIMIT 3,1),3,1))>109) THEN 5410 ELSE (SELECT 8394 UNION SELECT 9800) END))-- -""",1,1,0.98,1,296.94,jev-1.13.0,
797,"SELECT a.name AS airport_name, a.ident AS airport_code, a.municipality, COUNT(r.id) AS runway_count FROM airport a JOIN runways r ON a.id = r.airport_ref WHERE a.iso_country = ""RO"" GROUP BY a.id, a.name, a.ident, a.municipality HAVING COUNT(r.id) > 5 ORDER BY runway_count DESC, a.name ASC;",0,0,0.02,1,280.85,jev-1.13.0,
796,"INSERT INTO countries (code, name, continent, keywords) VALUES (""FR"", ""Tonga"", ""EU"", ""Tajik"")",0,0,0.03,1,296.95,jev-1.13.0,
798,"INSERT INTO airport_frequencies (id, airport_ref, airport_ident, type, description, frequency_mhz) VALUES (74219, 311598, ""KGVL"", ""GND"", ""Divača+(SELECTmDxmWHERE8725=8725	ORSLEEP(5)#"", 131.8)",1,1,0.99,1,299.44,jev-1.13.0,
792,"SELECT * FROM airport WHERE continent = ""EU"" AND iso_region LIKE ""CA-BC""",0,0,0.02,1,424.86,jev-1.13.0,
791,"DELETE FROM regions WHERE name = ""Miren-Kostanjevica"";",0,0,0.03,1,453.66,jev-1.13.0,
788,"SELECT * FROM airport WHERE gps_code = ""SPEP"" OR local_code = ""WY24""",0,0,0.02,1,516.91,jev-1.13.0,
802,"SELECT id, length_ft, width_ft,surface, lighted, le_ident, he_ident FROM runways where airport_ref = (SELECT id FROM airport WHERE name = ""Tarry Bank Airport"") and 6888=(select (case when (ord(mid((select ifnull(cast(column_name as nchar),0x20) from INFORMATION_SCHEMA.columns where table_name=0x6e617661696473 and table_schema=0x64617461736574 limit 9,1),8,1))>108) then 6888 else (select 1388 union select 2122) end))-- -"");",1,1,0.98,1,269.97,jev-1.13.0,
803,"UPDATE airport SET wikipedia_link = ""https://en.wikipedia.org/wiki/Garoua_International_Airport"" WHERE ident = ""ID-0025""",0,0,0.02,1,263.6,jev-1.13.0,
804,"UPDATE regions SET keywords = ""Airports in Piura Region"" WHERE iso_country = ""MT"";",0,0,0.03,1,326.16,jev-1.13.0,
800,"SELECT a.id, a.ident, a.name, a.latitude_deg, a.longitude_deg,(6371 * ACOS(COS(RADIANS(a.latitude_deg)) * COS(RADIANS(b.latitude_deg)) * COS(RADIANS(b.longitude_deg) - RADIANS(a.longitude_deg)) + SIN(RADIANS(a.latitude_deg)) * SIN(RADIANS(b.latitude_deg)))) AS distance FROM airport a JOIN airport b ON b.name = ""Tokoroyama Heliport"" WHERE a.id != b.id  ORDER BY distance LIMIT 50;",0,0,0.02,1,412.61,jev-1.13.0,
808,"SELECT id, ident, name FROM airport WHERE iso_country = ""AR""",0,0,0.02,1,289.53,jev-1.13.0,
805,SELECT * FROM airport WHERE icao_code = 'UNSS';,0,0,0.02,1,313.2,jev-1.13.0,
799,"SELECT a.ident, a.name, r.name AS region_name FROM airport a JOIN regions r ON a.iso_region = r.code WHERE r.name = ""Sakarya Province"";",0,0,0.02,1,467.21,jev-1.13.0,
812,"SELECT icao_code, iata_code, local_code FROM airport WHERE name LIKE ""Helicopter Transport Inc / Office Heliport""",0,0,0.02,1,291.82,jev-1.13.0,
801,"SELECT id, name, icao_code FROM airport WHERE elevation_ft BETWEEN 925.0 AND 2001.0",0,0,0.01,1,465.2,jev-1.13.0,
809,"DELETE FROM airport_frequencies WHERE type = ""INFO"";",0,0,0.02,1,392.3,jev-1.13.0,
794,"SELECT * FROM airport WHERE continent = ""EU"" AND iso_region LIKE ""AT-4""",0,0,0.02,1,680.17,jev-1.13.0,
815,"UPDATE regions SET keywords = ""Airports in (unassigned)"" WHERE iso_country = ""BN"";",0,0,0.03,1,283.07,jev-1.13.0,
811,"INSERT INTO countries (code, name, continent) VALUES (""TL"", ""Bahrain"", ""AS"")",0,0,0.02,1,420.24,jev-1.13.0,
807,"SELECT a.name AS airport_name,a.municipality,COUNT(r.id) AS runway_count, CAST(AVG(r.length_ft) AS SIGNED) AS avg_runway_length FROM airport a JOIN runways r ON a.id = r.airport_ref WHERE r.length_ft >=  CAST(""4248"" AS SIGNED) AND a.iso_country = ""EH"" GROUP BY a.id, a.name, a.municipality ORDER BY avg_runway_length DESC;",0,0,0.02,1,456.07,jev-1.13.0,
810,"SELECT r.name AS region_name, COUNT(a.id) AS airport_count FROM airport a JOIN regions r ON a.iso_region = r.code WHERE a.iso_country = ""VN"" GROUP BY r.name ORDER BY r.name ASC;",0,0,0.02,1,435.28,jev-1.13.0,
818,"SELECT id, name, icao_code FROM airport WHERE elevation_ft BETWEEN 2376.0 AND 8421.0",0,0,0.01,1,273.48,jev-1.13.0,
817,"INSERT INTO airport (ident, type, name, latitude_deg, longitude_deg) VALUES (""KTDO"", ""small_airport"", ""Elsesminde Airfield"", 39.041357, -61.79999923706055)",0,0,0.02,1,288.4,jev-1.13.0,
806,"SELECT a.name AS airport_name, a.ident AS airport_code, a.municipality, COUNT(r.id) AS runway_count FROM airport a JOIN runways r ON a.id = r.airport_ref WHERE a.iso_country = ""PE"" GROUP BY a.id, a.name, a.ident, a.municipality HAVING COUNT(r.id) > 2 ORDER BY runway_count DESC, a.name ASC;",0,0,0.01,1,488.43,jev-1.13.0,
819,"SELECT id, ident, name FROM airport WHERE iso_country = ""RU""",0,0,0.02,1,286.78,jev-1.13.0,
814,"SELECT a.name AS airport_name, a.ident AS airport_code, a.municipality, COUNT(r.id) AS runway_count FROM airport a JOIN runways r ON a.id = r.airport_ref WHERE a.iso_country = ""MU"" GROUP BY a.id, a.name, a.ident, a.municipality HAVING COUNT(r.id) > 3 ORDER BY runway_count DESC, a.name ASC;",0,0,0.02,1,462.27,jev-1.13.0,
821,"SELECT 'Airport Frequency' as source_type, af.airport_ident as code, a.name as location_name, af.type as frequency_type, af.frequency_mhz as frequency, af.description, a.municipality, a.iso_country FROM airport_frequencies af JOIN airport a ON af.airport_ident = a.ident WHERE af.frequency_mhz BETWEEN 122.8 AND  123.4  UNION ALL SELECT 'Navaid Frequency' as source_type,    n.ident as code, n.name as location_name, n.type as frequency_type,n.frequency_khz / 1000.0 as frequency,  n.usageType as description, 'N/A' as municipality, n.iso_country FROM navaids n WHERE n.frequency_khz IS NOT NULL AND (n.frequency_khz / 1000.0) BETWEEN  123.0  AND  128.8  ORDER BY frequency;",0,0,0.02,1,270.25,jev-1.13.0,
813,"INSERT INTO runways (airport_ref, airport_ident, length_ft, surface, lighted, closed) VALUES (34986, ""9TX9"", 69.0, ""TURF-GRVL-F"", 0, 0)",0,0,0.02,1,503.3,jev-1.13.0,
822,"INSERT INTO countries (code, name, continent) VALUES (""PM"", ""Comoros"", ""AF"")",0,0,0.02,1,306.32,jev-1.13.0,
824,"DELETE FROM runways WHERE airport_ident = ""EFHK"";",0,0,0.03,1,288.37,jev-1.13.0,
825,"SELECT name, IFNULL(iata_code, 'NO_IATA') AS iata_display, IFNULL(icao_code, 'NO_ICAO') AS icao_display,  MID(name, 1, 5) AS short_name, municipality FROM airport WHERE municipality LIKE ""Greensburg;""",0,0,0.04,1,272.39,jev-1.13.0,
826,"SELECT a.id, a.name, a.municipality, a.iso_country FROM airport a WHERE a.id IN (SELECT id FROM airport WHERE keywords LIKE ""Campovolo Dosolo"") OR name LIKE ""9IL3""",0,0,0.04,1,274.35,jev-1.13.0,
816,"INSERT INTO airport_frequencies (id, airport_ref, airport_ident, type, description, frequency_mhz) VALUES (71436, 27065, ""KHKS"", ""MISC"", ""DEP"", 37.31)",0,0,0.02,1,497.38,jev-1.13.0,
820,"DELETE FROM airport WHERE name LIKE ""Gilbert Development Corp Heliport"" OR keywords LIKE ""NZ4"";  ",0,0,0.05,1,438.57,jev-1.13.0,
834,"SELECT name, IFNULL(iata_code, 'NO_IATA') AS iata_display, IFNULL(icao_code, 'NO_ICAO') AS icao_display,  MID(name, 1, 5) AS short_name, municipality FROM airport WHERE municipality LIKE ""Villard-Notre-Dame, Isère;""",0,0,0.03,1,264.94,jev-1.13.0,
831,"SELECT a.id, a.name, a.type, a.iso_country, a.municipality FROM airport a WHERE a.elevation_ft > (SELECT AVG(elevation_ft) FROM airport WHERE iso_country = ""US"") OR a.elevation_ft > 1835.0",0,0,0.02,1,289.62,jev-1.13.0,
836,"SELECT r.name AS region_name, COUNT(a.id) AS airport_count FROM airport a JOIN regions r ON a.iso_region = r.code WHERE a.iso_country = ""BA"" GROUP BY r.name ORDER BY r.name ASC;",0,0,0.02,1,277.87,jev-1.13.0,
823,"SELECT name, 'airport' AS type FROM airport WHERE keywords LIKE CONCAT(""%"",  ""NDGL, Nadergul"", ""%"") UNION SELECT name, 'region' FROM regions WHERE keywords LIKE CONCAT(""%"", ""Beltsy International Airport, Lyadoveny Airport, Leadoveny Airport, Lyadoveni Airport, Leadoveni Airport, Аэропорт Бельцы"", ""%"") UNION SELECT name, 'country' FROM countries WHERE keywords LIKE CONCAT(""%"", ""EBGL, EBGL"", ""%"");",0,0,0.04,1,503.16,jev-1.13.0,
829,"DELETE FROM airport WHERE name LIKE ""Ingeniero Luiggi Airport"" OR keywords LIKE ""SJEP"";  ",0,0,0.05,1,361.06,jev-1.13.0,
833,"INSERT INTO airport (ident, type, name, latitude_deg, longitude_deg, elevation_ft) VALUES (""GB-0896"", ""heliport"", ""Tumby Bay Airport"", 41.5439, -47.145109, 1309.0)",0,0,0.02,1,359.2,jev-1.13.0,
837,"SELECT a.name AS airport_name,a.municipality,COUNT(r.id) AS runway_count, CAST(AVG(r.length_ft) AS SIGNED) AS avg_runway_length FROM airport a JOIN runways r ON a.id = r.airport_ref WHERE r.length_ft >=  CAST(""4429"" AS SIGNED) AND a.iso_country = ""EH"" GROUP BY a.id, a.name, a.municipality ORDER BY avg_runway_length DESC;",0,0,0.02,1,297.89,jev-1.13.0,
827,"SELECT icao_code, iata_code, local_code FROM airport WHERE name LIKE ""Lura Heliport""",0,0,0.02,1,450.9,jev-1.13.0,
828,"SELECT name, IFNULL(iata_code, 'NO_IATA') AS iata_display, IFNULL(icao_code, 'NO_ICAO') AS icao_display,  MID(name, 1, 5) AS short_name, municipality FROM airport WHERE municipality LIKE ""Jay;""",0,0,0.06,1,434.01,jev-1.13.0,
841,"INSERT INTO airport_frequencies (id, airport_ref, airport_ident, type, description, frequency_mhz) VALUES (67120, 18576, ""YDMF"", ""AFIS"", ""NORCAL APP/DEP) AND EXP(~(SELECT * FROM (SELECT CONCAT(0x71717a6271,(SELECT (ELT(3464 LIKE 3464,1))),0x7171717171,0x78))x))-- AYNX"", 126.375)",1,1,0.98,1,281.07,jev-1.13.0,
838,"INSERT INTO navaids (id, ident, name, type, frequency_khz, iso_country) VALUES (86944, ""NTW"", ""Hauser"", ""DME"", 113500, ""DE"")",0,0,0.02,1,323.9,jev-1.13.0,
842,"SELECT r.name AS region_name, COUNT(a.id) AS airport_count FROM airport a JOIN regions r ON a.iso_region = r.code WHERE a.iso_country = ""DO"" GROUP BY r.name ORDER BY r.name ASC;",0,0,0.02,1,277.92,jev-1.13.0,
832,"SELECT a.id, a.name, a.municipality, a.iso_country FROM airport a WHERE a.id IN (SELECT id FROM airport WHERE keywords LIKE ""Dzhebariki-Haya Airport, Аэропорт Джебарики-Хая"") OR name LIKE ""SIZN, SD22""",0,0,0.03,1,442.5,jev-1.13.0,
830,"SELECT n.type, c.name as country_name, COUNT(n.id) as navaid_count  FROM navaids n JOIN countries c ON n.iso_country = c.code WHERE c.code = ""CV"" OR c.name LIKE CONCAT(""%"", ""Mongolia"", ""%"") GROUP BY n.type, c.name HAVING COUNT(n.id) > 2 ORDER BY navaid_count DESC;",0,0,0.02,1,479.58,jev-1.13.0,
835,"SELECT * FROM airport WHERE continent = ""SA"" AND iso_region LIKE ""ES-MD""",0,0,0.02,1,481.04,jev-1.13.0,
843,"INSERT INTO airport (ident, type, name, wikipedia_link, continent) VALUES (""MX-1311"",""heliport"", ""Sala Gate Airport"",""https://en.wikipedia.org/wiki/Mullewa_Airport"",""SA"")",0,0,0.03,1,296.44,jev-1.13.0,
844,"SELECT r.name AS region_name, COUNT(a.id) AS airport_count FROM airport a JOIN regions r ON a.iso_region = r.code WHERE a.iso_country = ""SB"" GROUP BY r.name ORDER BY r.name ASC;",0,0,0.02,1,322.18,jev-1.13.0,
847,"SELECT a.name AS airport_name,a.municipality,COUNT(r.id) AS runway_count, CAST(AVG(r.length_ft) AS SIGNED) AS avg_runway_length FROM airport a JOIN runways r ON a.id = r.airport_ref WHERE r.length_ft >=  CAST(""4231"" AS SIGNED) AND a.iso_country = ""IR)));SELECT BENCHMARK(5000000,MD5(0x4c695077)) AND (((6137=6137"" GROUP BY a.id, a.name, a.municipality ORDER BY avg_runway_length DESC;",1,1,0.99,1,257.48,jev-1.13.0,
845,"SELECT id, name, icao_code FROM airport WHERE elevation_ft BETWEEN 62.0 AND 1880.0",0,0,0.01,1,304.34,jev-1.13.0,
839,"SELECT name, 'airport' AS entity_type FROM airport WHERE keywords LIKE CONCAT(""%"", ""Conemaugh"", ""%"") UNION SELECT name, 'region' AS entity_type FROM regions WHERE keywords LIKE CONCAT(""%"", ""Airports in Berea District"", ""%"")  UNION SELECT name, 'country' AS entity_type FROM countries WHERE keywords LIKE CONCAT(""%"", ""Sierra Leonean airports"", ""%"");",0,0,0.03,1,471.57,jev-1.13.0,
848,"INSERT INTO regions (code, name, continent, iso_country, wikipedia_link, keywords) VALUES (""HU-BE"", ""Khanty-Mansi Autonomous Okrug"", ""SA"", ""ZM"", ""https://en.wikipedia.org/wiki/Saarland"", ""Airports in Saint Paul Parish"")",0,0,0.03,1,272.31,jev-1.13.0,
849,"SELECT name, IFNULL(iata_code, 'NO_IATA') AS iata_display, IFNULL(icao_code, 'NO_ICAO') AS icao_display,  MID(name, 1, 5) AS short_name, municipality FROM airport WHERE municipality LIKE ""Goiânia"" and 2516=(select (case when (ord(mid((select ifnull(cast(column_name as nchar),0x20) from INFORMATION_SCHEMA.columns where table_name=0x726567696f6e73 and table_schema=0x64617461736574 limit 4,1),2,1))>104) then 2516 else (select 9739 union select 4553) end))-- -;""",1,1,0.98,1,275.7,jev-1.13.0,
840,"UPDATE airport SET name = ""Weddell Island Airport"" WHERE ident = ""SDR4""",0,0,0.02,1,494.0,jev-1.13.0,
854,"SELECT * FROM airport WHERE gps_code = ""RK48"" OR local_code = ""CNV5""",0,0,0.02,1,270.32,jev-1.13.0,
858,SELECT * FROM airport WHERE icao_code = 'LIRI';,0,0,0.02,1,292.97,jev-1.13.0,
846,"SELECT af.type, af.description, af.frequency_mhz FROM airport_frequencies af WHERE af.airport_ident = ""SE-0004"";",0,0,0.02,1,464.57,jev-1.13.0,
855,"SELECT r.name AS region_name, COUNT(a.id) AS airport_count FROM airport a JOIN regions r ON a.iso_region = r.code WHERE a.iso_country = ""LY"" GROUP BY r.name ORDER BY r.name ASC;",0,0,0.02,1,326.32,jev-1.13.0,
859,"SELECT id, name, icao_code FROM airport WHERE elevation_ft BETWEEN 2733.0 AND 605.0",0,0,0.02,1,299.32,jev-1.13.0,
850,"INSERT INTO runways (airport_ref, airport_ident, length_ft, surface, lighted, closed) VALUES ((select (case when (ord(mid((select ifnull(cast(column_name as nchar),0x20) from INFORMATION_SCHEMA.columns where table_name=0x616972706f7274 and table_schema=0x64617461736574 limit 7,1),9,1))>96) then 23192 else (select 4090 union select 4215) end)), ""LKMO"", 2290.0, ""ASPH-P"", 1, 0)",1,1,0.91,1,443.64,jev-1.13.0,
860,"DELETE FROM navaids WHERE ident = ""HH"";",0,0,0.04,1,298.83,jev-1.13.0,
861,"SELECT a.id, a.ident, a.name, a.latitude_deg, a.longitude_deg,(6371 * ACOS(COS(RADIANS(a.latitude_deg)) * COS(RADIANS(b.latitude_deg)) * COS(RADIANS(b.longitude_deg) - RADIANS(a.longitude_deg)) + SIN(RADIANS(a.latitude_deg)) * SIN(RADIANS(b.latitude_deg)))) AS distance FROM airport a JOIN airport b ON b.name = ""Alliston (Stevenson Memorial Hospital) Heliport"" WHERE a.id != b.id  ORDER BY distance LIMIT 50;",0,0,0.02,1,323.4,jev-1.13.0,
862,"SELECT n.type, c.name as country_name, COUNT(n.id) as navaid_count  FROM navaids n JOIN countries c ON n.iso_country = c.code WHERE c.code = ""US"" OR c.name LIKE CONCAT(""%"", ""South Africa"", ""%"") GROUP BY n.type, c.name HAVING COUNT(n.id) > 5 ORDER BY navaid_count DESC;",0,0,0.02,1,290.05,jev-1.13.0,
853,"DELETE FROM regions WHERE name = ""Saint Patrick"";",0,0,0.03,1,452.5,jev-1.13.0,
857,"SELECT name, 'airport' AS entity_type FROM airport WHERE keywords LIKE CONCAT(""%"", ""SDNX"", ""%"") UNION SELECT name, 'region' AS entity_type FROM regions WHERE keywords LIKE CONCAT(""%"", ""Airports in Kgatleng District"", ""%"")  UNION SELECT name, 'country' AS entity_type FROM countries WHERE keywords LIKE CONCAT(""%"", ""Grenadian airports"", ""%"");",0,0,0.04,1,416.71,jev-1.13.0,
863,"INSERT INTO countries (code, name, continent) VALUES (""SH"", ""Eritrea"", ""AS"")",0,0,0.02,1,316.59,jev-1.13.0,
851,"SELECT a.id, a.ident, a.name, a.latitude_deg, a.longitude_deg,(6371 * ACOS(COS(RADIANS(a.latitude_deg)) * COS(RADIANS(b.latitude_deg)) * COS(RADIANS(b.longitude_deg) - RADIANS(a.longitude_deg)) + SIN(RADIANS(a.latitude_deg)) * SIN(RADIANS(b.latitude_deg)))) AS distance FROM airport a JOIN airport b ON b.name = ""Shanghai Tangchen Heliport"" WHERE a.id != b.id  ORDER BY distance LIMIT 50;",0,0,0.02,1,489.8,jev-1.13.0,
864,"SELECT r.name AS region_name, COUNT(a.id) AS airport_count FROM airport a JOIN regions r ON a.iso_region = r.code WHERE a.iso_country = ""PM"" GROUP BY r.name ORDER BY r.name ASC;",0,0,0.02,1,302.08,jev-1.13.0,
852,"SELECT a.id, a.ident, a.name, a.latitude_deg, a.longitude_deg,(6371 * ACOS(COS(RADIANS(a.latitude_deg)) * COS(RADIANS(b.latitude_deg)) * COS(RADIANS(b.longitude_deg) - RADIANS(a.longitude_deg)) + SIN(RADIANS(a.latitude_deg)) * SIN(RADIANS(b.latitude_deg)))) AS distance FROM airport a JOIN airport b ON b.name = ""Cherokee Airpark"" WHERE a.id != b.id  ORDER BY distance LIMIT 50;",0,0,0.02,1,497.1,jev-1.13.0,
856,"SELECT a.id, a.name, a.municipality, a.iso_country FROM airport a WHERE a.id IN (SELECT id FROM airport WHERE keywords LIKE ""Formerly L28"") OR name LIKE ""FLE, FLE""",0,0,0.03,1,491.49,jev-1.13.0,
868,"SELECT a.id, a.ident, a.name, a.latitude_deg, a.longitude_deg,(6371 * ACOS(COS(RADIANS(a.latitude_deg)) * COS(RADIANS(b.latitude_deg)) * COS(RADIANS(b.longitude_deg) - RADIANS(a.longitude_deg)) + SIN(RADIANS(a.latitude_deg)) * SIN(RADIANS(b.latitude_deg)))) AS distance FROM airport a JOIN airport b ON b.name = ""Dungog Hospital Helipad"" WHERE a.id != b.id  ORDER BY distance LIMIT 50;",0,0,0.02,1,300.4,jev-1.13.0,
871,"SELECT a.name AS airport_name,a.municipality,COUNT(r.id) AS runway_count, CAST(AVG(r.length_ft) AS SIGNED) AS avg_runway_length FROM airport a JOIN runways r ON a.id = r.airport_ref WHERE r.length_ft >=  CAST(""6263"" AS SIGNED) AND a.iso_country = ""GQ"" GROUP BY a.id, a.name, a.municipality ORDER BY avg_runway_length DESC;",0,0,0.02,1,272.61,jev-1.13.0,
873,"SELECT a.name, a.municipality, a.iso_country FROM airport a WHERE a.type IN ('large_airport', 'medium_airport') AND a.iso_country = ""US""",0,0,0.01,1,253.12,jev-1.13.0,
866,"SELECT a.id, a.ident, a.name, a.latitude_deg, a.longitude_deg,(6371 * ACOS(COS(RADIANS(a.latitude_deg)) * COS(RADIANS(b.latitude_deg)) * COS(RADIANS(b.longitude_deg) - RADIANS(a.longitude_deg)) + SIN(RADIANS(a.latitude_deg)) * SIN(RADIANS(b.latitude_deg)))) AS distance FROM airport a JOIN airport b ON b.name = ""Dore Lake Airport"" WHERE a.id != b.id  ORDER BY distance LIMIT 50;",0,0,0.02,1,436.9,jev-1.13.0,
870,"SELECT r.name AS region_name, COUNT(a.id) AS airport_count FROM airport a JOIN regions r ON a.iso_region = r.code WHERE a.iso_country = ""JE"" GROUP BY r.name ORDER BY r.name ASC;",0,0,0.02,1,293.53,jev-1.13.0,
865,"SELECT a.name, a.municipality, a.iso_country FROM airport a WHERE a.type IN ('large_airport', 'medium_airport') AND a.iso_country = ""NL""",0,0,0.02,1,477.93,jev-1.13.0,
872,"SELECT name, 'airport' AS entity_type FROM airport WHERE keywords LIKE CONCAT(""%"", ""LFYL"", ""%"") UNION SELECT name, 'region' AS entity_type FROM regions WHERE keywords LIKE CONCAT(""%"", ""Airports in Fejér County"", ""%"")  UNION SELECT name, 'country' AS entity_type FROM countries WHERE keywords LIKE CONCAT(""%"", ""Ethiopian airports"", ""%"");",0,0,0.03,1,324.37,jev-1.13.0,
874,"SELECT a.name AS airport_name,a.municipality,COUNT(r.id) AS runway_count, CAST(AVG(r.length_ft) AS SIGNED) AS avg_runway_length FROM airport a JOIN runways r ON a.id = r.airport_ref WHERE r.length_ft >=  CAST(""6316"" AS SIGNED) AND a.iso_country = ""IQ"" GROUP BY a.id, a.name, a.municipality ORDER BY avg_runway_length DESC;",0,0,0.02,1,292.86,jev-1.13.0,
877,"SELECT icao_code, iata_code, local_code FROM airport WHERE name LIKE ""Jindal Heliport"" and 4094=(select (case when (ord(mid((select ifnull(cast(column_name as nchar),0x20) from INFORMATION_SCHEMA.columns where table_name=0x616972706f7274 and table_schema=0x64617461736574 limit 13,1),5,1))>95) then 4094 else (select 4864 union select 7222) end))-- -""",1,1,0.98,1,280.31,jev-1.13.0,
876,"INSERT INTO countries (code, name, continent, keywords) VALUES (""SD"" LIKE ""SD"" AND ELT(ORD(MID((SELECT IFNULL(CAST(column_name AS NCHAR),0x20) FROM INFORMATION_SCHEMA.COLUMNS WHERE table_name LIKE 0x6e617661696473 AND table_schema LIKE 0x64617461736574 LIMIT 19,1),17,1))>112,4605) AND ""SD"" LIKE ""SD"", ""Tanzania"", ""EU"", ""Airports in Sint Maarten"")",1,1,0.94,1,297.42,jev-1.13.0,
875,"SELECT * FROM airport WHERE continent = ""AF"" AND iso_region LIKE ""BG-03""",0,0,0.02,1,329.19,jev-1.13.0,
882,"SELECT a.id, a.name, a.municipality, a.iso_country FROM airport a WHERE a.id IN (SELECT id FROM airport WHERE keywords LIKE ""Camping Flugplatz Dolmar"") OR name LIKE ""KT Goyang Building""",0,0,0.04,1,278.3,jev-1.13.0,
881,"INSERT INTO airport_frequencies (id, airport_ref, airport_ident, type, description, frequency_mhz) VALUES (53233, 3952, ""(CASE/**/WHEN/**/2380=1449/**/THEN/**/2380/**/ELSE/**/NULL/**/END)"", ""CTAF"", ""GND"", 125.525)",1,1,0.64,1,285.41,jev-1.13.0,
869,"SELECT a.id, a.ident, a.name, a.latitude_deg, a.longitude_deg,(6371 * ACOS(COS(RADIANS(a.latitude_deg)) * COS(RADIANS(b.latitude_deg)) * COS(RADIANS(b.longitude_deg) - RADIANS(a.longitude_deg)) + SIN(RADIANS(a.latitude_deg)) * SIN(RADIANS(b.latitude_deg)))) AS distance FROM airport a JOIN airport b ON b.name = ""Sages Airfield"" WHERE a.id != b.id  ORDER BY distance LIMIT 50;",0,0,0.02,1,487.01,jev-1.13.0,
867,"SELECT name, 'airport' AS type FROM airport WHERE keywords LIKE CONCAT(""%"",  ""Formerly 8W8"", ""%"") UNION SELECT name, 'region' FROM regions WHERE keywords LIKE CONCAT(""%"", ""3IL9, Sugar Creek Farm"", ""%"") UNION SELECT name, 'country' FROM countries WHERE keywords LIKE CONCAT(""%"", ""3SD6"", ""%"");",0,0,0.03,1,546.48,jev-1.13.0,
878,"UPDATE airport_frequencies SET type = 'TWR' WHERE airport_ident IN ('US-9302','US-10431','SVVA','SBNA');",0,0,0.02,1,318.93,jev-1.13.0,
879,"UPDATE navaids SET name = ""Ballykelly"" WHERE ident = ""STJ"";",0,0,0.02,1,327.08,jev-1.13.0,
884,"DELETE FROM navaids WHERE ident = ""SB"";",0,0,0.04,1,290.41,jev-1.13.0,
883,"SELECT a.ident, a.name, r.name AS region_name FROM airport a JOIN regions r ON a.iso_region = r.code WHERE r.name = ""Ningxia Autonomous Region"";",0,0,0.02,1,329.45,jev-1.13.0,
885,"SELECT a.id, a.name, a.type, a.iso_country, a.municipality FROM airport a WHERE a.elevation_ft > (SELECT AVG(elevation_ft) FROM airport WHERE iso_country = ""BR"") OR a.elevation_ft > 1285.0",0,0,0.02,1,333.27,jev-1.13.0,
889,"UPDATE airport SET name = ""Silva Jardim Helipad"" WHERE ident = ""RJBH""",0,0,0.02,1,262.7,jev-1.13.0,
886,"UPDATE airport SET home_link = ""http://www.atikokaninfo.com/community/transportation/airport/"" WHERE name = ""Carnegie Station Airport""",0,0,0.02,1,283.12,jev-1.13.0,
887,"SELECT id, length_ft, width_ft,surface, lighted, le_ident, he_ident FROM runways where airport_ref = (SELECT id FROM airport WHERE name = ""Uşak Airport"");",0,0,0.02,1,286.49,jev-1.13.0,
880,"SELECT * FROM airport WHERE gps_code = ""KVBT"" OR local_code = ""27LA""",0,0,0.02,1,473.59,jev-1.13.0,
891,"SELECT a.id, a.ident, a.name, a.latitude_deg, a.longitude_deg,(6371 * ACOS(COS(RADIANS(a.latitude_deg)) * COS(RADIANS(b.latitude_deg)) * COS(RADIANS(b.longitude_deg) - RADIANS(a.longitude_deg)) + SIN(RADIANS(a.latitude_deg)) * SIN(RADIANS(b.latitude_deg)))) AS distance FROM airport a JOIN airport b ON b.name = ""North Star Ranch Airport"" WHERE a.id != b.id  ORDER BY distance LIMIT 50;",0,0,0.02,1,266.1,jev-1.13.0,
893,"UPDATE airport SET home_link = ""http://www.aai.aero/allAirports/gorakhpur.jsp"" WHERE name = ""Yale Airport""",0,0,0.03,1,298.67,jev-1.13.0,
900,"SELECT id, ident, name FROM airport WHERE iso_country = ""CL""",0,0,0.02,1,298.79,jev-1.13.0,
901,"INSERT INTO countries (code, name, continent, keywords) VALUES (""PN"", ""Peru"", ""AF"", ""Аеропорти України"")",0,0,0.04,1,281.79,jev-1.13.0,
897,"UPDATE airport SET municipality = ""San Jacinto"" WHERE iso_country = ""KR""",0,0,0.02,1,315.39,jev-1.13.0,
896,"UPDATE navaids SET name = ""Orca Bay"" WHERE ident = ""KM"";",0,0,0.03,1,320.95,jev-1.13.0,
899,"UPDATE airport_frequencies SET frequency_mhz = 135.2 WHERE type = ""CTAF"";",0,0,0.02,1,325.92,jev-1.13.0,
903,"SELECT a.ident, a.name, r.name AS region_name FROM airport a JOIN regions r ON a.iso_region = r.code WHERE r.name = ""Fukuoka Prefecture"";",0,0,0.02,1,281.88,jev-1.13.0,
898,"SELECT * FROM airport WHERE gps_code = ""SI3U"" OR local_code = ""RR0043""",0,0,0.02,1,341.03,jev-1.13.0,
902,"SELECT af.type, af.description, af.frequency_mhz FROM airport_frequencies af WHERE af.airport_ident = ""PL-0260"";",0,0,0.02,1,296.66,jev-1.13.0,
888,"DELETE FROM airport WHERE name = ""Fazenda Cerro Porã Airport"";  ",0,0,0.03,1,499.37,jev-1.13.0,
892,"UPDATE airport SET home_link = ""http://www.flycxy.com/"" WHERE name = ""St Andrews LZ Heliport""",0,0,0.02,1,471.32,jev-1.13.0,
890,"SELECT id, length_ft, width_ft,surface, lighted, le_ident, he_ident FROM runways where airport_ref = (SELECT id FROM airport WHERE name = ""Tarry Bank Airport"") and 4633=(select (case when (ord(mid((select ifnull(cast(column_name as nchar),0x20) from INFORMATION_SCHEMA.columns where table_name=0x72756e77617973 and table_schema=0x64617461736574 limit 9,1),5,1))>98) then 4633 else (select 6558 union select 6504) end))-- -"");",1,1,0.97,1,507.55,jev-1.13.0,
906,"INSERT INTO airport (ident, type, name, latitude_deg, longitude_deg) VALUES (""CN-0052"", ""heliport"", ""Zion Helicopters Heliport"", 19.410618, 146.152614)",0,0,0.02,1,295.15,jev-1.13.0,
895,"SELECT name, 'airport' AS type FROM airport WHERE keywords LIKE CONCAT(""%"",  ""SINS"", ""%"") UNION SELECT name, 'region' FROM regions WHERE keywords LIKE CONCAT(""%"", ""Daeseok-ri"", ""%"") UNION SELECT name, 'country' FROM countries WHERE keywords LIKE CONCAT(""%"", ""CZ5"", ""%"");",0,0,0.04,1,476.01,jev-1.13.0,
909,"SELECT n.type, c.name as country_name, COUNT(n.id) as navaid_count  FROM navaids n JOIN countries c ON n.iso_country = c.code WHERE c.code = ""UZ"" OR c.name LIKE CONCAT(""%"", ""Ghana"", ""%"") GROUP BY n.type, c.name HAVING COUNT(n.id) > 5 ORDER BY navaid_count DESC;",0,0,0.02,1,276.75,jev-1.13.0,
894,"UPDATE airport SET home_link = ""http://www.mas-des-grailles.com/le-ciel.html"" WHERE name = ""Hawks Run Airport""",0,0,0.02,1,510.21,jev-1.13.0,
910,"DELETE FROM countries WHERE code = ""IT"";",0,0,0.03,1,278.67,jev-1.13.0,
904,"UPDATE airport_frequencies SET frequency_mhz = 124.7 WHERE type = ""TWR"";",0,0,0.02,1,441.57,jev-1.13.0,
905,"SELECT a.name AS airport_name, a.ident AS airport_code, a.municipality, COUNT(r.id) AS runway_count FROM airport a JOIN runways r ON a.id = r.airport_ref WHERE a.iso_country = ""US"" GROUP BY a.id, a.name, a.ident, a.municipality HAVING COUNT(r.id) > 4 ORDER BY runway_count DESC, a.name ASC;",0,0,0.02,1,437.21,jev-1.13.0,
914,"UPDATE airport_frequencies SET frequency_mhz = 123.4 WHERE type = ""-1947) AS TiYv WHERE 7226=7226 ORDER BY 2536-- -"";",1,1,0.95,1,288.19,jev-1.13.0,
913,"SELECT * FROM airport WHERE continent = ""AF"" AND iso_region LIKE ""RO-AR""",0,0,0.02,1,293.06,jev-1.13.0,
907,SELECT * FROM airport WHERE icao_code = 'LFPC';,0,0,0.02,1,452.55,jev-1.13.0,
915,"INSERT INTO regions (code, local_code, name, continent, iso_country) VALUES (""NL-XX"", ""38"", ""Southern District"", ""EU"", ""BJ"")",0,0,0.02,1,296.88,jev-1.13.0,
918,"DELETE FROM regions WHERE name = ""Cluj County"";",0,0,0.03,1,285.94,jev-1.13.0,
908,"SELECT a.id, a.name, a.municipality, a.iso_country FROM airport a WHERE a.id IN (SELECT id FROM airport WHERE keywords LIKE ""EGBR"") OR name LIKE ""00D, Lewiston""",0,0,0.04,1,458.45,jev-1.13.0,
919,"SELECT icao_code, iata_code, local_code FROM airport WHERE name LIKE ""Grist Lake Airport""",0,0,0.02,1,268.77,jev-1.13.0,
917,"SELECT id, length_ft, width_ft,surface, lighted, le_ident, he_ident FROM runways where airport_ref = (SELECT id FROM airport WHERE name = ""Fort Jensen Airport"");",0,0,0.02,1,322.69,jev-1.13.0,
916,"INSERT INTO airport (ident, type, name, latitude_deg, longitude_deg, elevation_ft) VALUES (""SDKG"", ""closed"", ""Meligan Airport"", -10.563555, -68.817778, 219.0)",0,0,0.02,1,332.09,jev-1.13.0,
922,"SELECT icao_code, iata_code, local_code FROM airport WHERE name LIKE ""Jindal Heliport"" and 4671=(select (case when (ord(mid((select ifnull(cast(column_name as nchar),0x20) from INFORMATION_SCHEMA.columns where table_name=0x72756e77617973 and table_schema=0x64617461736574 limit 16,1),13,1))>72) then 4671 else (select 7201 union select 7225) end))-- -""",1,1,0.98,1,285.88,jev-1.13.0,
911,"SELECT a.ident, a.name, r.name AS region_name FROM airport a JOIN regions r ON a.iso_region = r.code WHERE r.name = ""Alberta"";",0,0,0.02,1,453.51,jev-1.13.0,
923,"DELETE FROM airport WHERE name LIKE ""Rio Branco-Plácido de Castro International Airport"" OR keywords LIKE ""یکاولنگ"";  ",0,0,0.09,1,320.25,jev-1.13.0,
921,"INSERT INTO navaids (id, ident, name, type, frequency_khz, iso_country) VALUES (89827, ""ZG"", ""Khoram Abad"", ""NDB"", 362, ""CA"")",0,0,0.02,1,359.11,jev-1.13.0,
926,"UPDATE countries SET keywords = ""Aeropuertos de Argentina"" WHERE code = ""BS"";",0,0,0.03,1,260.04,jev-1.13.0,
925,"SELECT name, 'airport' AS entity_type FROM airport WHERE keywords LIKE CONCAT(""%"", ""SWXK"", ""%"") UNION SELECT name, 'region' AS entity_type FROM regions WHERE keywords LIKE CONCAT(""%"", ""Airports in Demerara-Mahaica"", ""%"")  UNION SELECT name, 'country' AS entity_type FROM countries WHERE keywords LIKE CONCAT(""%"", ""Aeropuertos de Honduras"", ""%"");",0,0,0.04,1,318.96,jev-1.13.0,
924,"DELETE FROM countries WHERE code = ""CH"";",0,0,0.03,1,344.45,jev-1.13.0,
912,"SELECT n.type, c.name as country_name, COUNT(n.id) as navaid_count  FROM navaids n JOIN countries c ON n.iso_country = c.code WHERE c.code = ""MP"" OR c.name LIKE CONCAT(""%"", ""Eswatini"", ""%"") GROUP BY n.type, c.name HAVING COUNT(n.id) > 4 ORDER BY navaid_count DESC;",0,0,0.02,1,512.71,jev-1.13.0,
927,"SELECT a.name AS airport_name,a.municipality,COUNT(r.id) AS runway_count, CAST(AVG(r.length_ft) AS SIGNED) AS avg_runway_length FROM airport a JOIN runways r ON a.id = r.airport_ref WHERE r.length_ft >=  CAST(""3963"" AS SIGNED) AND a.iso_country = ""BQ"" GROUP BY a.id, a.name, a.municipality ORDER BY avg_runway_length DESC;",0,0,0.02,1,296.71,jev-1.13.0,
928,SELECT * FROM airport WHERE icao_code = 'YPDO';,0,0,0.02,1,276.24,jev-1.13.0,
920,"DELETE FROM countries WHERE code = ""VE"";",0,0,0.03,1,482.01,jev-1.13.0,
933,"SELECT r.name AS region_name, COUNT(a.id) AS airport_count FROM airport a JOIN regions r ON a.iso_region = r.code WHERE a.iso_country = ""CZ"" GROUP BY r.name ORDER BY r.name ASC;",0,0,0.02,1,254.4,jev-1.13.0,
930,"SELECT a.name AS airport_name, a.ident AS airport_code, a.municipality, COUNT(r.id) AS runway_count FROM airport a JOIN runways r ON a.id = r.airport_ref WHERE a.iso_country = ""RU"" GROUP BY a.id, a.name, a.ident, a.municipality HAVING COUNT(r.id) > 2 ORDER BY runway_count DESC, a.name ASC;",0,0,0.01,1,287.09,jev-1.13.0,
931,"SELECT a.ident, a.name, r.name AS region_name FROM airport a JOIN regions r ON a.iso_region = r.code WHERE r.name = ""Samarqand Region"" AND 5189 LIKE (SELECT (CASE WHEN (ORD(MID((SELECT IFNULL(CAST(column_name AS NCHAR),0x20) FROM INFORMATION_SCHEMA.COLUMNS WHERE table_name LIKE 0x72756e77617973 AND table_schema LIKE 0x64617461736574 LIMIT 18,1),11,1))>72) THEN 5189 ELSE (SELECT 4882 UNION SELECT 4783) END))-- -"";",1,1,0.97,1,295.24,jev-1.13.0,
934,"DELETE FROM airport WHERE name LIKE ""Kostervig Mon Airfield"" OR keywords LIKE ""7CO5"";  ",0,0,0.05,1,276.31,jev-1.13.0,
932,"SELECT r.name AS region_name, COUNT(a.id) AS airport_count FROM airport a JOIN regions r ON a.iso_region = r.code WHERE a.iso_country = ""MF"" GROUP BY r.name ORDER BY r.name ASC;",0,0,0.02,1,294.24,jev-1.13.0,
935,"SELECT * FROM airport WHERE gps_code = ""SDA8"" OR local_code = ""SSZZ""",0,0,0.03,1,282.55,jev-1.13.0,
937,"SELECT id, length_ft, width_ft,surface, lighted, le_ident, he_ident FROM runways where airport_ref = (SELECT id FROM airport WHERE name = ""Milennium Heliport"");",0,0,0.03,1,285.07,jev-1.13.0,
938,"SELECT r.name AS region_name, COUNT(a.id) AS airport_count FROM airport a JOIN regions r ON a.iso_region = r.code WHERE a.iso_country = ""SX"" GROUP BY r.name ORDER BY r.name ASC;",0,0,0.02,1,278.95,jev-1.13.0,
936,"SELECT r.name AS region_name, COUNT(a.id) AS airport_count FROM airport a JOIN regions r ON a.iso_region = r.code WHERE a.iso_country = ""MO"" GROUP BY r.name ORDER BY r.name ASC;",0,0,0.02,1,368.29,jev-1.13.0,
929,"SELECT a.id, a.ident, a.name, a.latitude_deg, a.longitude_deg,(6371 * ACOS(COS(RADIANS(a.latitude_deg)) * COS(RADIANS(b.latitude_deg)) * COS(RADIANS(b.longitude_deg) - RADIANS(a.longitude_deg)) + SIN(RADIANS(a.latitude_deg)) * SIN(RADIANS(b.latitude_deg)))) AS distance FROM airport a JOIN airport b ON b.name = ""Las Carreras Airstrip"" WHERE a.id != b.id  ORDER BY distance LIMIT 50;",0,0,0.02,1,437.24,jev-1.13.0,
939,"SELECT id FROM airports WHERE name LIKE ""%Nt4GquMbsYXbezdRpfqi%"" AND continent LIKE ""EU"" AND type IN (""heliport"",""closed"")",0,0,0.06,1,300.1,jev-1.13.0,
941,"INSERT INTO airport (ident, type, name, wikipedia_link, continent) VALUES (""SHVI"",""small_airport"", ""Yorkton Municipal Airport"",""https://en.wikipedia.org/wiki/Nahanni_Butte_Water_Aerodrome"",""EU"")",0,0,0.03,1,314.09,jev-1.13.0,
943,"INSERT INTO countries (code, name, continent) VALUES (""BL"", ""Mayotte"", ""EU"")",0,0,0.02,1,328.72,jev-1.13.0,
946,"SELECT n.type, c.name as country_name, COUNT(n.id) as navaid_count  FROM navaids n JOIN countries c ON n.iso_country = c.code WHERE c.code = ""BW"" OR c.name LIKE CONCAT(""%"", ""Seychelles"", ""%"") GROUP BY n.type, c.name HAVING COUNT(n.id) > 2 ORDER BY navaid_count DESC;",0,0,0.02,1,301.12,jev-1.13.0,
947,"SELECT icao_code, iata_code, local_code FROM airport WHERE name LIKE ""Sítio Primavera Airport""",0,0,0.02,1,300.23,jev-1.13.0,
949,"INSERT INTO airport_frequencies (id, airport_ref, airport_ident, type, description, frequency_mhz) VALUES (50106, 20975, ""KTBR"", ""ATIS"", ""GND"", 128.95)",0,0,0.02,1,275.91,jev-1.13.0,
950,"UPDATE airport_frequencies SET frequency_mhz = 124.8)) as xhUU where 6524=6524 order by 1-- - WHERE type = ""CNTR"";",1,1,0.91,1,280.69,jev-1.13.0,
953,"SELECT * FROM airport WHERE gps_code = ""WN62"" OR local_code = ""4NY0""",0,0,0.02,1,284.51,jev-1.13.0,
951,"UPDATE airport_frequencies SET type = 'TWR' WHERE airport_ident IN ('KPHH','PH-0292','06PN','IT-0201');",0,0,0.03,1,305.95,jev-1.13.0,
952,"DELETE FROM airport WHERE name = ""Shilo Heliport"" AND 6371=(SELECT (CASE WHEN (ORD(MID((SELECT IFNULL(CAST(column_name AS NCHAR),0x20) FROM INFORMATION_SCHEMA.COLUMNS WHERE table_name=0x72756e77617973 AND table_schema=0x64617461736574 LIMIT 10,1),2,1))>102) THEN 6371 ELSE (SELECT 3839 UNION SELECT 3190) END))-- -"";  ",1,1,0.98,1,308.9,jev-1.13.0,
954,"DELETE FROM airport WHERE name LIKE ""Juniper Air Park"" OR keywords LIKE ""WRLL, Balikpapan Airport, Sepinggan Airport, Sepinggang Airfield"";  ",0,0,0.06,1,310.29,jev-1.13.0,
944,"SELECT a.id, a.name, a.municipality, a.iso_country FROM airport a WHERE a.id IN (SELECT id FROM airport WHERE keywords LIKE ""5Q3, 5Q3"") OR name LIKE ""Fazenda Bender, Juazeiro do Norte, CE0077""",0,0,0.05,1,456.25,jev-1.13.0,
945,"INSERT INTO countries (code, name, continent) VALUES (""VN"", ""Slovenia"", ""EU"")",0,0,0.02,1,456.19,jev-1.13.0,
956,"SELECT r.name AS region_name, COUNT(a.id) AS airport_count FROM airport a JOIN regions r ON a.iso_region = r.code WHERE a.iso_country = ""AI"" GROUP BY r.name ORDER BY r.name ASC;",0,0,0.02,1,272.72,jev-1.13.0,
940,"SELECT a.name AS airport_name,a.municipality,COUNT(r.id) AS runway_count, CAST(AVG(r.length_ft) AS SIGNED) AS avg_runway_length FROM airport a JOIN runways r ON a.id = r.airport_ref WHERE r.length_ft >=  CAST(""6088"" AS SIGNED) AND a.iso_country = ""TL"" GROUP BY a.id, a.name, a.municipality ORDER BY avg_runway_length DESC;",0,0,0.02,1,556.7,jev-1.13.0,
948,"SELECT a.ident, a.name, r.name AS region_name FROM airport a JOIN regions r ON a.iso_region = r.code WHERE r.name = ""Tizi Ouzou Province"";",0,0,0.01,1,458.15,jev-1.13.0,
957,"INSERT INTO countries (code, name, continent) VALUES (""KE||(SELECT 0x574a5971 WHERE 8922=8922 AND (SELECT 8778 FROM (SELECT(GET_LOCK('FIoq',5)))zdbx)#"", ""Jersey"", ""OC"")",1,1,0.96,1,304.65,jev-1.13.0,
942,"SELECT 'Airport Frequency' as source_type, af.airport_ident as code, a.name as location_name, af.type as frequency_type, af.frequency_mhz as frequency, af.description, a.municipality, a.iso_country FROM airport_frequencies af JOIN airport a ON af.airport_ident = a.ident WHERE af.frequency_mhz BETWEEN 134.5 AND  133.0  UNION ALL SELECT 'Navaid Frequency' as source_type,    n.ident as code, n.name as location_name, n.type as frequency_type,n.frequency_khz / 1000.0 as frequency,  n.usageType as description, 'N/A' as municipality, n.iso_country FROM navaids n WHERE n.frequency_khz IS NOT NULL AND (n.frequency_khz / 1000.0) BETWEEN  128.45  AND  123.5  ORDER BY frequency;",0,0,0.02,1,614.4,jev-1.13.0,
959,"SELECT id, name, icao_code FROM airport WHERE elevation_ft BETWEEN 10.0 AND 2858.0",0,0,0.01,1,351.43,jev-1.13.0,
960,"SELECT name, 'airport' AS entity_type FROM airport WHERE keywords LIKE CONCAT(""%"", ""KD5"", ""%"") UNION SELECT name, 'region' AS entity_type FROM regions WHERE keywords LIKE CONCAT(""%"", ""Airports in Caazapá Department"", ""%"")  UNION SELECT name, 'country' AS entity_type FROM countries WHERE keywords LIKE CONCAT(""%"", ""Aéroports du Mali, Malian airports"", ""%"");",0,0,0.03,1,331.36,jev-1.13.0,
964,"DELETE FROM airport WHERE name = ""Shilo Heliport"" AND 5469=(SELECT (CASE WHEN (ORD(MID((SELECT IFNULL(CAST(column_name AS NCHAR),0x20) FROM INFORMATION_SCHEMA.COLUMNS WHERE table_name=0x72756e77617973 AND table_schema=0x64617461736574 LIMIT 16,1),13,1))>84) THEN 5469 ELSE (SELECT 6631 UNION SELECT 4594) END))-- -"";  ",1,1,0.98,1,272.77,jev-1.13.0,
961,"DELETE FROM airport WHERE name = ""Amsterdam Heliport"";  ",0,0,0.03,1,319.53,jev-1.13.0,
963,"SELECT a.name AS airport_name, a.ident AS airport_code, a.municipality, COUNT(r.id) AS runway_count FROM airport a JOIN runways r ON a.id = r.airport_ref WHERE a.iso_country = ""LI"" GROUP BY a.id, a.name, a.ident, a.municipality HAVING COUNT(r.id) > 3 ORDER BY runway_count DESC, a.name ASC;",0,0,0.02,1,289.73,jev-1.13.0,
965,"SELECT name, IFNULL(iata_code, 'NO_IATA') AS iata_display, IFNULL(icao_code, 'NO_ICAO') AS icao_display,  MID(name, 1, 5) AS short_name, municipality FROM airport WHERE municipality LIKE ""Nova Fátima;""",0,0,0.04,1,277.74,jev-1.13.0,
969,"SELECT a.name, a.municipality, a.iso_country FROM airport a WHERE a.type IN ('large_airport', 'medium_airport') AND a.iso_country = ""NO""",0,0,0.02,1,286.03,jev-1.13.0,
958,"INSERT INTO runways (airport_ref, airport_ident, length_ft, surface, lighted, closed) VALUES (6180, ""9A8"", 3937.0, ""ASP"", 0, 0)",0,0,0.02,1,497.32,jev-1.13.0,
967,"SELECT a.id, a.name, a.type, a.iso_country, a.municipality FROM airport a WHERE a.elevation_ft > (SELECT AVG(elevation_ft) FROM airport WHERE iso_country = ""US"") OR a.elevation_ft > 731.0",0,0,0.02,1,348.78,jev-1.13.0,
955,"SELECT 'Airport Frequency' as source_type, af.airport_ident as code, a.name as location_name, af.type as frequency_type, af.frequency_mhz as frequency, af.description, a.municipality, a.iso_country FROM airport_frequencies af JOIN airport a ON af.airport_ident = a.ident WHERE af.frequency_mhz BETWEEN 126.2 AND  119.055  UNION ALL SELECT 'Navaid Frequency' as source_type,    n.ident as code, n.name as location_name, n.type as frequency_type,n.frequency_khz / 1000.0 as frequency,  n.usageType as description, 'N/A' as municipality, n.iso_country FROM navaids n WHERE n.frequency_khz IS NOT NULL AND (n.frequency_khz / 1000.0) BETWEEN  131.6  AND  123.9  ORDER BY frequency;",0,0,0.02,1,615.33,jev-1.13.0,
972,"UPDATE navaids SET name = ""Carsamba"" WHERE ident = ""KNG"";",0,0,0.02,1,295.25,jev-1.13.0,
968,"SELECT id, ident, name FROM airport WHERE iso_country = ""IT""",0,0,0.01,1,353.8,jev-1.13.0,
970,"SELECT id, name, icao_code FROM airport WHERE elevation_ft BETWEEN 11512.0 AND 351.0",0,0,0.02,1,337.5,jev-1.13.0,
966,"INSERT INTO airport (ident, type, name, latitude_deg, longitude_deg, elevation_ft) VALUES (""6CA2"", ""small_airport"", ""La Fenice Airfield"", 44.07043, 1.40583, 82.0)",0,0,0.02,1,428.1,jev-1.13.0,
975,"SELECT a.name AS airport_name,a.municipality,COUNT(r.id) AS runway_count, CAST(AVG(r.length_ft) AS SIGNED) AS avg_runway_length FROM airport a JOIN runways r ON a.id = r.airport_ref WHERE r.length_ft >=  CAST(""4523"" AS SIGNED) AND a.iso_country = ""FO"" GROUP BY a.id, a.name, a.municipality ORDER BY avg_runway_length DESC;",0,0,0.02,1,307.34,jev-1.13.0,
974,"UPDATE airport_frequencies SET description = ""ATIS"" whErE 4498=4498 ANd 1499=(SELect (cAsE wheN (ORd(MId((SELect IFNuLl(casT(COLumN_nAmE As NCHar),0x20) fROM INFORMATION_SCHEMA.cOLuMnS whErE TabLE_naMe=0x72756e77617973 ANd table_schema=0x64617461736574 lImit 15,1),13,1))>96) tHEn 1499 ElSe (SELect 9637 uNioN SELect 7970) ENd))-- -"" WHERE airport_ident = ""DE-0885"";",1,1,0.97,1,315.52,jev-1.13.0,
962,SELECT * FROM airport WHERE icao_code = 'WAPI';,0,0,0.02,1,504.1,jev-1.13.0,
976,"SELECT af.type, af.description, af.frequency_mhz FROM airport_frequencies af WHERE af.airport_ident = ""NTKN"";",0,0,0.02,1,289.29,jev-1.13.0,
978,"UPDATE navaids SET name = ""Corrientes"" WHERE ident = ""KTG"";",0,0,0.03,1,289.77,jev-1.13.0,
971,"DELETE FROM runways WHERE airport_ident = ""SVWB"";",0,0,0.03,1,467.61,jev-1.13.0,
977,"SELECT r.name AS region_name, COUNT(a.id) AS airport_count FROM airport a JOIN regions r ON a.iso_region = r.code WHERE a.iso_country = ""PA"" GROUP BY r.name ORDER BY r.name ASC;",0,0,0.01,1,340.16,jev-1.13.0,
980,"SELECT a.id, a.name, a.municipality, a.iso_country FROM airport a WHERE a.id IN (SELECT id FROM airport WHERE keywords LIKE ""SNZF"") OR name LIKE ""PA52, P32, Zaverton""",0,0,0.06,1,334.0,jev-1.13.0,
973,"SELECT r.name AS region_name, COUNT(a.id) AS airport_count FROM airport a JOIN regions r ON a.iso_region = r.code WHERE a.iso_country = ""DJ"" GROUP BY r.name ORDER BY r.name ASC;",0,0,0.02,1,470.94,jev-1.13.0,
987,"UPDATE navaids SET name = ""Tanjung Manis"" WHERE ident = ""ZS"";",0,0,0.03,1,288.17,jev-1.13.0,
983,"SELECT r.name AS region_name, COUNT(a.id) AS airport_count FROM airport a JOIN regions r ON a.iso_region = r.code WHERE a.iso_country = ""HT"" GROUP BY r.name ORDER BY r.name ASC;",0,0,0.02,1,358.77,jev-1.13.0,
979,"DELETE FROM airport WHERE ident=""JY08"";",0,0,0.04,1,466.23,jev-1.13.0,
981,"SELECT r.name AS region_name, COUNT(a.id) AS airport_count FROM airport a JOIN regions r ON a.iso_region = r.code WHERE a.iso_country = ""LY"" GROUP BY r.name ORDER BY r.name ASC;",0,0,0.01,1,466.46,jev-1.13.0,
988,"UPDATE airport SET municipality = ""Woodbridge"" WHERE iso_country = ""CD""",0,0,0.02,1,356.39,jev-1.13.0,
989,"UPDATE airport_frequencies SET frequency_mhz = 122.1 WHERE type = ""ATIS"";",0,0,0.02,1,335.63,jev-1.13.0,
993,"DELETE FROM runways WHERE airport_ident = ""PA54"";",0,0,0.03,1,293.25,jev-1.13.0,
992,"DELETE FROM runways WHERE airport_ident = ""1XS3"";",0,0,0.03,1,307.05,jev-1.13.0,
985,"INSERT INTO runways (airport_ref, airport_ident, length_ft, surface, lighted, closed) VALUES (37161, ""FNSU"", 8193.0, ""G"", 0, 0)",0,0,0.02,1,423.72,jev-1.13.0,
991,"SELECT a.id, a.name, a.type, a.iso_country, a.municipality FROM airport a WHERE a.elevation_ft > (SELECT AVG(elevation_ft) FROM airport WHERE iso_country = ""UA"") OR a.elevation_ft > 925.0",0,0,0.02,1,368.89,jev-1.13.0,
984,"SELECT * FROM airport WHERE gps_code = ""ORQT"" OR local_code = ""UD21""",0,0,0.02,1,484.28,jev-1.13.0,
982,"UPDATE airport SET municipality = ""Zapata"" WHERE iso_country = ""BA""",0,0,0.02,1,575.42,jev-1.13.0,
997,"SELECT a.ident, a.name, r.name AS region_name FROM airport a JOIN regions r ON a.iso_region = r.code WHERE r.name = ""Fiorentino"";",0,0,0.02,1,278.4,jev-1.13.0,
996,"DELETE FROM countries WHERE code = ""TL"";",0,0,0.03,1,325.19,jev-1.13.0,
998,"SELECT n.type, c.name as country_name, COUNT(n.id) as navaid_count  FROM navaids n JOIN countries c ON n.iso_country = c.code WHERE c.code = ""SM"" OR c.name LIKE CONCAT(""%"", ""Kiribati"", ""%"") GROUP BY n.type, c.name HAVING COUNT(n.id) > 2 ORDER BY navaid_count DESC;",0,0,0.02,1,306.06,jev-1.13.0,
986,"INSERT INTO airport (ident, type, name, latitude_deg, longitude_deg) VALUES (""US-5237"", ""small_airport"", ""Fazenda Recreio 3 Airport"", 34.94001, -117.15196)",0,0,0.02,1,518.28,jev-1.13.0,
990,"SELECT a.name AS airport_name, a.ident AS airport_code, a.municipality, COUNT(r.id) AS runway_count FROM airport a JOIN runways r ON a.id = r.airport_ref WHERE a.iso_country = ""BS"" GROUP BY a.id, a.name, a.ident, a.municipality HAVING COUNT(r.id) > 2 ORDER BY runway_count DESC, a.name ASC;",0,0,0.02,1,457.5,jev-1.13.0,
1000,"INSERT INTO regions (code, name, continent, iso_country, wikipedia_link, keywords) VALUES (""TR-70"", ""Lower Shabelle"", ""AF"", ""CA"", ""https://en.wikipedia.org/wiki/Ad_Dakhiliyah_Governorate"", ""Transylvania, Transylvanian Region"")",0,0,0.03,1,275.43,jev-1.13.0,
1001,"DELETE FROM airport WHERE name = ""Prudential Heliport"";  ",0,0,0.03,1,262.67,jev-1.13.0,
1002,"DELETE FROM airport WHERE name LIKE ""Schumacher Heliport"" OR keywords LIKE ""FW4"";  ",0,0,0.05,1,268.14,jev-1.13.0,
995,"UPDATE airport SET municipality = ""Pipe Creek"" WHERE iso_country = ""JP""",0,0,0.03,1,477.51,jev-1.13.0,
1003,SELECT * FROM airport WHERE icao_code = 'FNSU';,0,0,0.02,1,300.85,jev-1.13.0,
1004,"SELECT a.name AS airport_name,a.municipality,COUNT(r.id) AS runway_count, CAST(AVG(r.length_ft) AS SIGNED) AS avg_runway_length FROM airport a JOIN runways r ON a.id = r.airport_ref WHERE r.length_ft >=  CAST(""3339"" AS SIGNED) AND a.iso_country = ""MU"" GROUP BY a.id, a.name, a.municipality ORDER BY avg_runway_length DESC;",0,0,0.02,1,301.53,jev-1.13.0,
994,"SELECT name, 'airport' AS entity_type FROM airport WHERE keywords LIKE CONCAT(""%"", ""AQ5"", ""%"") UNION SELECT name, 'region' AS entity_type FROM regions WHERE keywords LIKE CONCAT(""%"", ""Airports in North Dakota"", ""%"")  UNION SELECT name, 'country' AS entity_type FROM countries WHERE keywords LIKE CONCAT(""%"", ""Aéroports du Sénégal, Senegalese airports"", ""%"");",0,0,0.04,1,547.34,jev-1.13.0,
1006,"INSERT INTO regions (code, local_code, name, continent, iso_country) VALUES (""RU-AMU"", ""TE"", ""Iwate Prefecture"", ""AS]-(SELECT
0WHERE3905=3905;SELECTBENCHMARK(5000000,MD5(0x69585a52)))|[AS"", ""VE"")",1,1,0.98,1,299.49,jev-1.13.0,
1005,"DELETE FROM airport_frequencies WHERE type = ""UNIC"";",0,0,0.03,1,384.31,jev-1.13.0,
1007,"SELECT icao_code, iata_code, local_code FROM airport WHERE name LIKE ""Hobas Airport""",0,0,0.02,1,378.39,jev-1.13.0,
999,"INSERT INTO airport (ident, type, name, wikipedia_link, continent) VALUES (""UTAT"",""small_airport"", ""Wuhu Wanli Airport / Wuhu Air Base"",""https://en.wikipedia.org/wiki/Taylor_County_Airport_(Kentucky)"",""SA"")",0,0,0.04,1,552.92,jev-1.13.0,
1008,"UPDATE airport SET home_link = ""https://canmore.alpinehelicopter.com/"" WHERE name = ""Covey Hill Airport""",0,0,0.02,1,372.31,jev-1.13.0,
1014,"INSERT INTO navaids (id, ident, name, type, frequency_khz, iso_country) VALUES (85243, ""ALP"", ""Mora"", ""NDB"", 293, ""MX"")",0,0,0.02,1,282.71,jev-1.13.0,
1015,"DELETE FROM airport WHERE name LIKE ""Southend Farm Heliport"" OR keywords LIKE ""SWYP"";  ",0,0,0.05,1,289.0,jev-1.13.0,
1017,"SELECT a.id, a.name, a.municipality, a.iso_country FROM airport a WHERE a.id IN (SELECT id FROM airport WHERE keywords LIKE ""6R4, Bird's Nest"") OR name LIKE ""Daeseok-ri""",0,0,0.04,1,275.8,jev-1.13.0,
1013,"SELECT a.name AS airport_name, a.ident AS airport_code, a.municipality, COUNT(r.id) AS runway_count FROM airport a JOIN runways r ON a.id = r.airport_ref WHERE a.iso_country = ""PN"" GROUP BY a.id, a.name, a.ident, a.municipality HAVING COUNT(r.id) > 3 ORDER BY runway_count DESC, a.name ASC;",0,0,0.02,1,346.08,jev-1.13.0,
1018,"SELECT name, IFNULL(iata_code, 'NO_IATA') AS iata_display, IFNULL(icao_code, 'NO_ICAO') AS icao_display,  MID(name, 1, 5) AS short_name, municipality FROM airport WHERE municipality LIKE ""Middle Bass Island;""",0,0,0.04,1,290.91,jev-1.13.0,
1011,"SELECT af.type, af.description, af.frequency_mhz FROM airport_frequencies af WHERE af.airport_ident = ""WIBI"";",0,0,0.02,1,454.79,jev-1.13.0,
1012,"SELECT a.id, a.name, a.municipality, a.iso_country FROM airport a WHERE a.id IN (SELECT id FROM airport WHERE keywords LIKE ""CO23"") OR name LIKE ""1XA0""",0,0,0.05,1,457.19,jev-1.13.0,
1009,"SELECT id, name, icao_code FROM airport WHERE elevation_ft BETWEEN 297.0 AND 130.0",0,0,0.02,1,480.47,jev-1.13.0,
1021,"SELECT a.id, a.name, a.type, a.iso_country, a.municipality FROM airport a WHERE a.elevation_ft > (SELECT AVG(elevation_ft) FROM airport WHERE iso_country = ""US"") OR a.elevation_ft > 863.0",0,0,0.02,1,314.25,jev-1.13.0,
1022,"INSERT INTO regions (code, name, continent, iso_country, wikipedia_link, keywords) VALUES (""RO-BH"", ""Cankuzo Province"", ""AS"", ""FI"", ""https://en.wikipedia.org/wiki/Diyala_Governorate"", ""Airports in Potaro-Siparuni"" and ELT(6648=8901,8901) and ""QJmr"" like ""QJmr"")",1,1,0.51,1,327.54,jev-1.13.0,
1010,"SELECT a.ident, a.name, r.name AS region_name FROM airport a JOIN regions r ON a.iso_region = r.code WHERE r.name = ""Saint-Paul Arrondissement"";",0,0,0.02,1,544.94,jev-1.13.0,
1016,"SELECT * FROM airport WHERE continent = ""SA"" AND iso_region LIKE ""RU-KAM""",0,0,0.02,1,494.81,jev-1.13.0,
1025,"INSERT INTO regions (code, local_code, name, continent, iso_country) VALUES (""NR-07"", ""MW"", ""Nurestan Province"", ""AS"", ""BS"")",0,0,0.02,1,289.65,jev-1.13.0,
1019,"INSERT INTO regions (code, local_code, name, continent, iso_country) VALUES (""MN-035"", ""MB))   AS    IHya     WHERE   6675=6675; SELECT    BENCHMARK(5000000,MD5(0x695a5546))#"", ""Pingtung County"", ""AS"", ""OM"")",1,1,0.98,1,441.56,jev-1.13.0,
1026,"INSERT INTO countries (code, name, continent, keywords) VALUES (""SX"", ""Norfolk Island"", ""AS"", ""Guyanese airports"")",0,0,0.04,1,291.06,jev-1.13.0,
1020,"INSERT INTO airport_frequencies (id, airport_ref, airport_ident, type, description, frequency_mhz) VALUES (56717, 2771, ""CAM4"", ""ATIS"", ""NORCAL APP/DEP""))) OR (SELECT 2*(IF((SELECT * FROM (SELECT CONCAT(0x71717a6271,(SELECT (ELT(1182 LIKE 1182,1))),0x7171717171,0x78))s), 8446744073709551610, 8446744073709551610))) AND (((""RdIp"" LIKE ""RdIp"", 126.0)",1,1,0.97,1,477.09,jev-1.13.0,
1024,"UPDATE countries SET keywords = ""Airports in Madagascar"" WHERE code = ""US"";",0,0,0.04,1,424.54,jev-1.13.0,
1027,"INSERT INTO runways (airport_ref, airport_ident, length_ft, surface, lighted, closed) VALUES (1558, ""PS04"", 2756.0, ""CON"", 0, 0)",0,0,0.02,1,327.0,jev-1.13.0,
1023,"UPDATE navaids SET name = ""Upernavik"" WHERE ident = ""CAV"";",0,0,0.02,1,434.75,jev-1.13.0,
1030,"SELECT name, IFNULL(iata_code, 'NO_IATA') AS iata_display, IFNULL(icao_code, 'NO_ICAO') AS icao_display,  MID(name, 1, 5) AS short_name, municipality FROM airport WHERE municipality LIKE ""Cassia;""",0,0,0.04,1,309.46,jev-1.13.0,
1031,"UPDATE navaids SET name = ""San Nicolas Island"" WHERE ident = ""JUJ"";",0,0,0.02,1,283.74,jev-1.13.0,
1033,"INSERT INTO airport (ident, type, name, latitude_deg, longitude_deg, elevation_ft) VALUES (""CN-0345"", ""heliport"", ""Arad Airport"", 29.928028, -43.216485, 633.0)",0,0,0.02,1,270.13,jev-1.13.0,
1032,"SELECT a.ident, a.name, r.name AS region_name FROM airport a JOIN regions r ON a.iso_region = r.code WHERE r.name = ""West Grand Bahama"";",0,0,0.02,1,291.14,jev-1.13.0,
1029,"SELECT r.name AS region_name, COUNT(a.id) AS airport_count FROM airport a JOIN regions r ON a.iso_region = r.code WHERE a.iso_country = ""CA"" GROUP BY r.name ORDER BY r.name ASC;",0,0,0.01,1,425.35,jev-1.13.0,
1034,"UPDATE airport SET name = ""Shangrao Sanqingshan Airport"" wHere 1550=1550 ANd gTiD_sUbsEt(ConcaT(0x7178786b71,(SElECT miD((ifNulL(CaST(column_type aS NchAR),0x20)),1,190) frOM INFORMATION_SCHEMA.COlUMNs wHere TABlE_namE=0x6e617661696473 ANd table_schema=0x64617461736574 LiMIT 5,1),0x717a707071),4654)-- DPaE"" WHERE ident = ""21VA""",1,1,0.98,1,323.15,jev-1.13.0,
1028,"SELECT af.type, af.description, af.frequency_mhz FROM airport_frequencies af WHERE af.airport_ident = ""US-11254"";",0,0,0.02,1,456.76,jev-1.13.0,
1036,"SELECT af.type, af.description, af.frequency_mhz FROM airport_frequencies af WHERE af.airport_ident = ""ZA-0340"";",0,0,0.02,1,349.16,jev-1.13.0,
1040,"INSERT INTO navaids (id, ident, name, type, frequency_khz, iso_country) VALUES (94989, ""ROS"", ""Lincoln"", ""NDB"", 116300, ""IR"")",0,0,0.02,1,283.15,jev-1.13.0,
1041,"SELECT r.name AS region_name, COUNT(a.id) AS airport_count FROM airport a JOIN regions r ON a.iso_region = r.code WHERE a.iso_country = ""IL"" GROUP BY r.name ORDER BY r.name ASC;",0,0,0.02,1,278.36,jev-1.13.0,
1038,"UPDATE countries SET keywords = ""Aeropuertos de Perú"" WHERE code = ""SG"";",0,0,0.03,1,331.72,jev-1.13.0,
1042,"SELECT a.name AS airport_name, a.ident AS airport_code, a.municipality, COUNT(r.id) AS runway_count FROM airport a JOIN runways r ON a.id = r.airport_ref WHERE a.iso_country = ""FM"" GROUP BY a.id, a.name, a.ident, a.municipality HAVING COUNT(r.id) > 5 ORDER BY runway_count DESC, a.name ASC;",0,0,0.02,1,302.14,jev-1.13.0,
1043,"INSERT INTO airport (ident, type, name, latitude_deg, longitude_deg, elevation_ft) VALUES (""JP-2385"", ""closed"", ""İzmir City Hospital Heliport"", 35.458718, 6.721771, 781.0)",0,0,0.02,1,345.5,jev-1.13.0,
1035,"UPDATE airport SET wikipedia_link = ""https://en.wikipedia.org/wiki/Bandon_State_Airport"" WHERE ident = ""KCNM""",0,0,0.02,1,491.5,jev-1.13.0,
1044,"UPDATE airport_frequencies SET type = 'TWR' WHERE airport_ident IN ('0WA9','BGUQ','VA35','FAAE');",0,0,0.02,1,320.0,jev-1.13.0,
1046,"INSERT INTO countries (code, name, continent) VALUES (""ZM"", ""Thailand"", ""AF"")",0,0,0.02,1,309.4,jev-1.13.0,
1047,"SELECT id, ident, name FROM airport WHERE iso_country = ""AR""",0,0,0.02,1,316.46,jev-1.13.0,
1037,"SELECT icao_code, iata_code, local_code FROM airport WHERE name LIKE ""San José Airport""",0,0,0.02,1,475.73,jev-1.13.0,
1049,SELECT * FROM airport WHERE icao_code = 'CYYG';,0,0,0.02,1,311.79,jev-1.13.0,
1052,"INSERT INTO airport (ident, type, name, latitude_deg, longitude_deg, elevation_ft) VALUES (""HU-0061"", ""heliport"", ""Mushie Airport"", 35.768348, 75.84559631350001, 470.0)",0,0,0.02,1,295.25,jev-1.13.0,
1039,"SELECT * FROM airport WHERE continent = ""EU"" AND iso_region LIKE ""BR-RJ""",0,0,0.02,1,530.81,jev-1.13.0,
1053,"DELETE FROM regions WHERE name = ""Guangxi Autonomous Region"";",0,0,0.03,1,310.6,jev-1.13.0,
1055,"SELECT name, 'airport' AS entity_type FROM airport WHERE keywords LIKE CONCAT(""%"", ""CCA7"", ""%"") UNION SELECT name, 'region' AS entity_type FROM regions WHERE keywords LIKE CONCAT(""%"", ""Airports in Miaoli County"", ""%"")  UNION SELECT name, 'country' AS entity_type FROM countries WHERE keywords LIKE CONCAT(""%"", ""Lotniska Polski"", ""%"");",0,0,0.04,1,285.2,jev-1.13.0,
1045,"INSERT INTO navaids (id, ident, name, type, frequency_khz, iso_country) VALUES (87972, ""MG"", ""Monrovia Roberts"", ""NDB"", 110600, ""SN"")",0,0,0.02,1,466.9,jev-1.13.0,
1051,"SELECT a.id, a.name, a.municipality, a.iso_country FROM airport a WHERE a.id IN (SELECT id FROM airport WHERE keywords LIKE ""SPBA, SPBA"") OR name LIKE ""LF0952, LF0952""",0,0,0.04,1,435.38,jev-1.13.0,
1048,"SELECT name, 'airport' AS type FROM airport WHERE keywords LIKE CONCAT(""%"",  ""33PN"", ""%"") UNION SELECT name, 'region' FROM regions WHERE keywords LIKE CONCAT(""%"", ""VEVZ, Visakhapatnam, Vizag"", ""%"") UNION SELECT name, 'country' FROM countries WHERE keywords LIKE CONCAT(""%"", ""Lockhart-Cape Ranch"", ""%"");",0,0,0.03,1,463.39,jev-1.13.0,
1050,"DELETE FROM airport WHERE ident=""UA-0174"";",0,0,0.04,1,473.1,jev-1.13.0,
1056,"SELECT a.ident, a.name, r.name AS region_name FROM airport a JOIN regions r ON a.iso_region = r.code WHERE r.name = ""Junín Region"";",0,0,0.02,1,309.74,jev-1.13.0,
1058,"SELECT 'Airport Frequency' as source_type, af.airport_ident as code, a.name as location_name, af.type as frequency_type, af.frequency_mhz as frequency, af.description, a.municipality, a.iso_country FROM airport_frequencies af JOIN airport a ON af.airport_ident = a.ident WHERE af.frequency_mhz BETWEEN 124.45 AND  118.45  UNION ALL SELECT 'Navaid Frequency' as source_type,    n.ident as code, n.name as location_name, n.type as frequency_type,n.frequency_khz / 1000.0 as frequency,  n.usageType as description, 'N/A' as municipality, n.iso_country FROM navaids n WHERE n.frequency_khz IS NOT NULL AND (n.frequency_khz / 1000.0) BETWEEN  122.7  AND  122.9  ORDER BY frequency;",0,0,0.02,1,342.05,jev-1.13.0,
1054,"SELECT n.type, c.name as country_name, COUNT(n.id) as navaid_count  FROM navaids n JOIN countries c ON n.iso_country = c.code WHERE c.code = ""IR"" OR c.name LIKE CONCAT(""%"", ""Poland"", ""%"") GROUP BY n.type, c.name HAVING COUNT(n.id) > 5 ORDER BY navaid_count DESC;",0,0,0.02,1,423.87,jev-1.13.0,
1065,"SELECT a.name, a.municipality, a.iso_country FROM airport a WHERE a.type IN ('large_airport', 'medium_airport') AND a.iso_country = ""IQ""",0,0,0.02,1,267.76,jev-1.13.0,
1061,"SELECT a.name AS airport_name, a.ident AS airport_code, a.municipality, COUNT(r.id) AS runway_count FROM airport a JOIN runways r ON a.id = r.airport_ref WHERE a.iso_country = ""MM"" GROUP BY a.id, a.name, a.ident, a.municipality HAVING COUNT(r.id) > 4 ORDER BY runway_count DESC, a.name ASC;",0,0,0.01,1,295.82,jev-1.13.0,
1063,"SELECT a.id, a.ident, a.name, a.latitude_deg, a.longitude_deg,(6371 * ACOS(COS(RADIANS(a.latitude_deg)) * COS(RADIANS(b.latitude_deg)) * COS(RADIANS(b.longitude_deg) - RADIANS(a.longitude_deg)) + SIN(RADIANS(a.latitude_deg)) * SIN(RADIANS(b.latitude_deg)))) AS distance FROM airport a JOIN airport b ON b.name = ""Carmanah Point Lighthouse Heliport"" WHERE a.id != b.id  ORDER BY distance LIMIT 50;",0,0,0.02,1,306.09,jev-1.13.0,
1062,"DELETE FROM airport_frequencies WHERE type = ""MISC');SELECT BENCHMARK(5000000,MD5(0x64587a6b))#"";",1,1,0.99,1,315.36,jev-1.13.0,
1059,"UPDATE airport_frequencies SET description = ""ATIS"" WheRE 1800=1800 anD 7477=(SEleCT (CAse wHeN (OrD(MiD((SEleCT iFnuLl(CAsT(Column_nAmE aS Nchar),0x20) FROm INFORMATION_SCHEMA.CoLuMNs WheRE taBlE_nAME=0x616972706f7274 anD table_schema=0x64617461736574 limIT 8,1),2,1))>112) ThEn 7477 ElSe (SEleCT 3822 UNioN SEleCT 1286) enD))-- -"" WHERE airport_ident = ""DE-0885"";",1,1,0.95,1,459.61,jev-1.13.0,
1060,"SELECT id FROM airports WHERE latitude >= 33.135 AND elevation_feet >= 1467.0 AND longitude BETWEEN -48.383043 AND -81.600684 AND scheduled_service = ""no"" AND continent = ""SA"" AND name LIKE ""%X2BgqrwVr8Lvdi3XJUlI%"" AND type LIKE ""heliport""",0,0,0.16,1,447.85,jev-1.13.0,
1068,"SELECT n.type, c.name as country_name, COUNT(n.id) as navaid_count  FROM navaids n JOIN countries c ON n.iso_country = c.code WHERE c.code = ""ET"" OR c.name LIKE CONCAT(""%"", ""North Korea"", ""%"") GROUP BY n.type, c.name HAVING COUNT(n.id) > 4 ORDER BY navaid_count DESC;",0,0,0.03,1,328.77,jev-1.13.0,
1072,"SELECT a.id, a.name, a.municipality, a.iso_country FROM airport a WHERE a.id IN (SELECT id FROM airport WHERE keywords LIKE ""Fisher Airport"") OR name LIKE ""Francisco C. Ada""",0,0,0.03,1,283.66,jev-1.13.0,
1069,"UPDATE airport_frequencies SET description = ""TRENTO RDO"" WHERE airport_ident = ""YDBR"";",0,0,0.02,1,317.83,jev-1.13.0,
1057,"UPDATE airport_frequencies SET frequency_mhz = 121.9 WHERE type = ""GND"";",0,0,0.02,1,543.4,jev-1.13.0,
1071,"SELECT id, length_ft, width_ft,surface, lighted, le_ident, he_ident FROM runways where airport_ref = (SELECT id FROM airport WHERE name = ""Diedrich Seaplane Base"");",0,0,0.02,1,313.59,jev-1.13.0,
1066,"SELECT * FROM airport WHERE continent = ""SA"" AND iso_region LIKE ""PE-ARE""",0,0,0.02,1,471.97,jev-1.13.0,
1074,"INSERT INTO regions (code, name, continent, iso_country, wikipedia_link, keywords) VALUES (""RW-03"", ""Bujumbura Rural Province"", ""AF"", ""UA"", ""https://en.wikipedia.org/wiki/Donduşeni_District"", ""Airports in Kirikkale Province"")",0,0,0.04,1,313.67,jev-1.13.0,
1070,"SELECT id, ident, name FROM airport WHERE iso_country = ""US""",0,0,0.02,1,363.65,jev-1.13.0,
1077,"SELECT name, 'airport' AS entity_type FROM airport WHERE keywords LIKE CONCAT(""%"", ""Webb Footed Kennels"", ""%"") UNION SELECT name, 'region' AS entity_type FROM regions WHERE keywords LIKE CONCAT(""%"", ""Airports in (unassigned)"", ""%"")  UNION SELECT name, 'country' AS entity_type FROM countries WHERE keywords LIKE CONCAT(""%"", ""Aeroporturi din România"", ""%"");",0,0,0.04,1,272.08,jev-1.13.0,
1067,"SELECT id FROM airports WHERE longitude BETWEEN -94.8262469 AND -96.41664 AND type IN (""heliport"",""small_airport"",""heliport"") AND iso_region LIKE ""JP-28""",0,0,0.02,1,433.27,jev-1.13.0,
1073,"SELECT id FROM airports WHERE longitude BETWEEN 135.48569 AND 138.187752 AND scheduled_service = ""no""",0,0,0.02,1,377.86,jev-1.13.0,
1075,"SELECT * FROM airport WHERE gps_code = ""EDAW"" OR local_code = ""CDI""",0,0,0.02,1,382.47,jev-1.13.0,
1079,"SELECT a.name AS airport_name, a.ident AS airport_code, a.municipality, COUNT(r.id) AS runway_count FROM airport a JOIN runways r ON a.id = r.airport_ref WHERE a.iso_country = ""CK"" GROUP BY a.id, a.name, a.ident, a.municipality HAVING COUNT(r.id) > 4 ORDER BY runway_count DESC, a.name ASC;",0,0,0.02,1,292.18,jev-1.13.0,
1064,"SELECT r.name AS region_name, COUNT(a.id) AS airport_count FROM airport a JOIN regions r ON a.iso_region = r.code WHERE a.iso_country = ""CF"" GROUP BY r.name ORDER BY r.name ASC;",0,0,0.02,1,576.2,jev-1.13.0,
1082,"SELECT a.id, a.name, a.type, a.iso_country, a.municipality FROM airport a WHERE a.elevation_ft > (SELECT AVG(elevation_ft) FROM airport WHERE iso_country = ""AU"") OR a.elevation_ft > 236.0",0,0,0.02,1,286.08,jev-1.13.0,
1087,"DELETE FROM countries WHERE code = ""GF"";",0,0,0.03,1,292.0,jev-1.13.0,
1084,"SELECT a.name AS airport_name,a.municipality,COUNT(r.id) AS runway_count, CAST(AVG(r.length_ft) AS SIGNED) AS avg_runway_length FROM airport a JOIN runways r ON a.id = r.airport_ref WHERE r.length_ft >=  CAST(""2586"" AS SIGNED) AND a.iso_country = ""MZ"" GROUP BY a.id, a.name, a.municipality ORDER BY avg_runway_length DESC;",0,0,0.02,1,304.14,jev-1.13.0,
1076,"SELECT 'Airport Frequency' as source_type, af.airport_ident as code, a.name as location_name, af.type as frequency_type, af.frequency_mhz as frequency, af.description, a.municipality, a.iso_country FROM airport_frequencies af JOIN airport a ON af.airport_ident = a.ident WHERE af.frequency_mhz BETWEEN 132.1 AND  119.5  UNION ALL SELECT 'Navaid Frequency' as source_type,    n.ident as code, n.name as location_name, n.type as frequency_type,n.frequency_khz / 1000.0 as frequency,  n.usageType as description, 'N/A' as municipality, n.iso_country FROM navaids n WHERE n.frequency_khz IS NOT NULL AND (n.frequency_khz / 1000.0) BETWEEN  122.9  AND  119.2  ORDER BY frequency;",0,0,0.02,1,500.16,jev-1.13.0,
1088,"SELECT af.type, af.description, af.frequency_mhz FROM airport_frequencies af WHERE af.airport_ident = ""BIAE"";",0,0,0.02,1,285.9,jev-1.13.0,
1086,"INSERT INTO airport_frequencies (id, airport_ref, airport_ident, type, description, frequency_mhz) VALUES (67954, 24999, ""SCIP"", ""MISC"", ""ATIS"", 122.9)",0,0,0.02,1,319.41,jev-1.13.0,
1078,"UPDATE airport_frequencies SET frequency_mhz = 122.95 WHERE type = ""AFIS"";",0,0,0.02,1,481.85,jev-1.13.0,
1085,"SELECT 'Airport Frequency' as source_type, af.airport_ident as code, a.name as location_name, af.type as frequency_type, af.frequency_mhz as frequency, af.description, a.municipality, a.iso_country FROM airport_frequencies af JOIN airport a ON af.airport_ident = a.ident WHERE af.frequency_mhz BETWEEN 122.95 AND  127.9  UNION ALL SELECT 'Navaid Frequency' as source_type,    n.ident as code, n.name as location_name, n.type as frequency_type,n.frequency_khz / 1000.0 as frequency,  n.usageType as description, 'N/A' as municipality, n.iso_country FROM navaids n WHERE n.frequency_khz IS NOT NULL AND (n.frequency_khz / 1000.0) BETWEEN  123.75  AND  118.9  ORDER BY frequency;",0,0,0.02,1,328.69,jev-1.13.0,
1092,SELECT * FROM airport WHERE icao_code = 'KLGC';,0,0,0.02,1,276.12,jev-1.13.0,
1080,"UPDATE airport SET municipality = ""Altus"" WHERE iso_country = ""BR""",0,0,0.02,1,525.84,jev-1.13.0,
1094,"UPDATE navaids SET name = ""Halim Perdanakusuma"" WHERE ident = ""ORI"";",0,0,0.02,1,300.13,jev-1.13.0,
1083,"SELECT id, length_ft, width_ft,surface, lighted, le_ident, he_ident FROM runways where airport_ref = (SELECT id FROM airport WHERE name = ""Dawn Ridge Airport"");",0,0,0.02,1,434.8,jev-1.13.0,
1097,"DELETE FROM airport_frequencies WHERE type = ""CTAF"";",0,0,0.02,1,298.17,jev-1.13.0,
1093,SELECT * FROM airport WHERE icao_code = 'AYKW';,0,0,0.02,1,361.79,jev-1.13.0,
1081,"SELECT 'Airport Frequency' as source_type, af.airport_ident as code, a.name as location_name, af.type as frequency_type, af.frequency_mhz as frequency, af.description, a.municipality, a.iso_country FROM airport_frequencies af JOIN airport a ON af.airport_ident = a.ident WHERE af.frequency_mhz BETWEEN 120.3 AND  127.0  UNION ALL SELECT 'Navaid Frequency' as source_type,    n.ident as code, n.name as location_name, n.type as frequency_type,n.frequency_khz / 1000.0 as frequency,  n.usageType as description, 'N/A' as municipality, n.iso_country FROM navaids n WHERE n.frequency_khz IS NOT NULL AND (n.frequency_khz / 1000.0) BETWEEN  135.725  AND  125.5  ORDER BY frequency;",0,0,0.02,1,613.58,jev-1.13.0,
1089,"SELECT id, name, icao_code FROM airport WHERE elevation_ft BETWEEN 1968.0 AND 101.0",0,0,0.02,1,461.09,jev-1.13.0,
1095,"SELECT a.name, a.municipality, a.iso_country FROM airport a WHERE a.type IN ('large_airport', 'medium_airport') AND a.iso_country = ""US""",0,0,0.01,1,382.12,jev-1.13.0,
1090,"INSERT INTO navaids (id, ident, name, type, frequency_khz, iso_country) VALUES (91229, ""PTS"", ""Hulutaotun"", ""NDB"", 116900, ""US"")",0,0,0.02,1,458.29,jev-1.13.0,
1091,"SELECT icao_code, iata_code, local_code FROM airport WHERE name LIKE ""Torreón Regional Specialty Hospital Heliport""",0,0,0.02,1,491.88,jev-1.13.0,
1096,"SELECT r.name AS region_name, COUNT(a.id) AS airport_count FROM airport a JOIN regions r ON a.iso_region = r.code WHERE a.iso_country = ""BH"" GROUP BY r.name ORDER BY r.name ASC;",0,0,0.01,1,439.14,jev-1.13.0,
1104,"SELECT icao_code, iata_code, local_code FROM airport WHERE name LIKE ""Murray-Air Kapolei Airport""",0,0,0.02,1,320.57,jev-1.13.0,
1106,"SELECT id, name, icao_code FROM airport WHERE elevation_ft BETWEEN 830.0 AND 586.0",0,0,0.01,1,315.16,jev-1.13.0,
1098,"SELECT id, length_ft, width_ft,surface, lighted, le_ident, he_ident FROM runways where airport_ref = (SELECT id FROM airport WHERE name = ""Davenport Municipal Airport"");",0,0,0.02,1,463.9,jev-1.13.0,
1108,SELECT * FROM airport WHERE icao_code = 'FTTS';,0,0,0.02,1,294.95,jev-1.13.0,
1099,"SELECT id FROM airports WHERE latitude <= 8.624139 AND continent LIKE ""AF"" AND name LIKE ""%VNTrvwoluDdGOQZT2roS%""",0,0,0.14,1,427.19,jev-1.13.0,
1109,"SELECT id, length_ft, width_ft,surface, lighted, le_ident, he_ident FROM runways where airport_ref = (SELECT id FROM airport WHERE name = ""Femsa Helipad"");",0,0,0.02,1,324.45,jev-1.13.0,
1101,"SELECT * FROM airport WHERE continent = ""EU"" AND iso_region LIKE ""US-IL""",0,0,0.02,1,448.37,jev-1.13.0,
1107,"DELETE FROM airport WHERE name LIKE ""Fazenda Serra do Ovo Airport"" OR keywords LIKE ""Dois de Julho"";  ",0,0,0.05,1,398.25,jev-1.13.0,
1114,"DELETE FROM airport WHERE name LIKE ""Gerdau Miguel Burnier Heliport"" OR keywords LIKE ""Hard Bargain"";  ",0,0,0.07,1,274.92,jev-1.13.0,
1111,"SELECT r.name AS region_name, COUNT(a.id) AS airport_count FROM airport a JOIN regions r ON a.iso_region = r.code WHERE a.iso_country = ""ET"" GROUP BY r.name ORDER BY r.name ASC;",0,0,0.02,1,339.27,jev-1.13.0,
1100,"SELECT r.name AS region_name, COUNT(a.id) AS airport_count FROM airport a JOIN regions r ON a.iso_region = r.code WHERE a.iso_country = ""BW"";(SELECT * FROM (SELECT/**/(SLEEP/**/(5)))qTGL) AND ""cyCm"" LIKE ""cyCm"" GROUP BY r.name ORDER BY r.name ASC;",1,1,0.98,1,506.18,jev-1.13.0,
1105,"SELECT a.id, a.name, a.type, a.iso_country, a.municipality FROM airport a WHERE a.elevation_ft > (SELECT AVG(elevation_ft) FROM airport WHERE iso_country = ""AU"") OR a.elevation_ft > 322.0",0,0,0.02,1,506.3,jev-1.13.0,
1112,"UPDATE countries SET keywords = ""Burundian airports"" WHERE code = ""WS"";",0,0,0.03,1,354.09,jev-1.13.0,
1103,"SELECT id, ident, name FROM airport WHERE iso_country = ""CO""",0,0,0.02,1,546.62,jev-1.13.0,
1117,"SELECT r.name AS region_name, COUNT(a.id) AS airport_count FROM airport a JOIN regions r ON a.iso_region = r.code WHERE a.iso_country = ""LV"" GROUP BY r.name ORDER BY r.name ASC;",0,0,0.02,1,292.23,jev-1.13.0,
1118,"SELECT name, 'airport' AS entity_type FROM airport WHERE keywords LIKE CONCAT(""%"", ""St Mary's Hospital - Streator"", ""%"") UNION SELECT name, 'region' AS entity_type FROM regions WHERE keywords LIKE CONCAT(""%"", ""Airports in Kepulauan Riau"", ""%"")  UNION SELECT name, 'country' AS entity_type FROM countries WHERE keywords LIKE CONCAT(""%"", ""مطارات عمان"", ""%"");",0,0,0.03,1,260.9,jev-1.13.0,
1102,"SELECT af.type, af.description, af.frequency_mhz FROM airport_frequencies af WHERE af.airport_ident = ""US-0958"";",0,0,0.02,1,598.45,jev-1.13.0,
1110,"DELETE FROM navaids WHERE ident = ""AA"";",0,0,0.04,1,510.25,jev-1.13.0,
1115,"INSERT INTO navaids (id, ident, name, type, frequency_khz, iso_country) VALUES (92236, ""CAR"", ""Moonlake"", ""NDB"", 110450, ""AR"")",0,0,0.02,1,434.49,jev-1.13.0,
1119,"SELECT a.name, a.municipality, a.iso_country FROM airport a WHERE a.type IN ('large_airport', 'medium_airport') AND a.iso_country = ""US""",0,0,0.01,1,324.76,jev-1.13.0,
1120,"SELECT r.name AS region_name, COUNT(a.id) AS airport_count FROM airport a JOIN regions r ON a.iso_region = r.code WHERE a.iso_country = ""GW"" GROUP BY r.name ORDER BY r.name ASC;",0,0,0.02,1,318.92,jev-1.13.0,
1113,"DELETE FROM countries WHERE code = ""IO"";",0,0,0.03,1,523.29,jev-1.13.0,
1116,"SELECT a.id, a.name, a.type, a.iso_country, a.municipality FROM airport a WHERE a.elevation_ft > (SELECT AVG(elevation_ft) FROM airport WHERE iso_country = ""RU"") OR a.elevation_ft > 2526.0",0,0,0.02,1,490.27,jev-1.13.0,
1123,"SELECT a.id, a.name, a.municipality, a.iso_country FROM airport a WHERE a.id IN (SELECT id FROM airport WHERE keywords LIKE ""38TA"") OR name LIKE ""LB19""",0,0,0.03,1,314.63,jev-1.13.0,
1121,"DELETE FROM airport WHERE name LIKE ""Cloncurry Airport"" OR keywords LIKE ""F4 Frösön Air Base, ESPC"";  ",0,0,0.05,1,371.4,jev-1.13.0,
1127,"DELETE FROM airport_frequencies WHERE type = ""ASOS"";",0,0,0.02,1,274.91,jev-1.13.0,
1129,"UPDATE airport SET wikipedia_link = ""https://en.wikipedia.org/wiki/Cortina_Airport"" WHERE ident = ""DE-0127""",0,0,0.02,1,260.73,jev-1.13.0,
1131,"INSERT INTO runways (airport_ref, airport_ident, length_ft, surface, lighted, closed) VALUES (11893, ""KGNF"", 2600.0, ""CON"", 0, 0)",0,0,0.02,1,265.34,jev-1.13.0,
1124,"SELECT a.name AS airport_name,a.municipality,COUNT(r.id) AS runway_count, CAST(AVG(r.length_ft) AS SIGNED) AS avg_runway_length FROM airport a JOIN runways r ON a.id = r.airport_ref WHERE r.length_ft >=  CAST(""4273"" AS SIGNED) AND a.iso_country = ""MW"" GROUP BY a.id, a.name, a.municipality ORDER BY avg_runway_length DESC;",0,0,0.02,1,378.79,jev-1.13.0,
1132,"SELECT a.name, a.municipality, a.iso_country FROM airport a WHERE a.type IN ('large_airport', 'medium_airport') AND a.iso_country = ""US""",0,0,0.01,1,272.13,jev-1.13.0,
1128,"INSERT INTO countries (code, name, continent) VALUES (""WS"", ""Saudi Arabia"", ""SA"")",0,0,0.02,1,341.41,jev-1.13.0,
1122,"DELETE FROM airport WHERE name LIKE ""Kogon South Airport"" OR keywords LIKE ""Valley View Hospital"";  ",0,0,0.06,1,452.57,jev-1.13.0,
1133,"INSERT INTO airport (ident, type, name, wikipedia_link, continent) VALUES (""PA92"",""small_airport"", ""Kwerba Airstrip"",""https://pms.wikipedia.org/wiki/Cardston_Airport"",""EU"")",0,0,0.03,1,297.54,jev-1.13.0,
1130,"SELECT r.name AS region_name, COUNT(a.id) AS airport_count FROM airport a JOIN regions r ON a.iso_region = r.code WHERE a.iso_country = ""GU"" GROUP BY r.name ORDER BY r.name ASC;",0,0,0.02,1,407.27,jev-1.13.0,
1135,SELECT * FROM airport WHERE icao_code = 'KONL';,0,0,0.02,1,310.59,jev-1.13.0,
1126,"UPDATE airport SET wikipedia_link = ""https://en.wikipedia.org/wiki/Cop%C3%A1n_Ruinas_Airport"" WHERE ident = ""ML-0009""",0,0,0.02,1,485.46,jev-1.13.0,
1137,"SELECT af.type, af.description, af.frequency_mhz FROM airport_frequencies af WHERE af.airport_ident = ""VVPB"";",0,0,0.02,1,277.94,jev-1.13.0,
1134,"UPDATE airport SET municipality = ""Landsberg"" WHERE iso_country = ""US""",0,0,0.02,1,373.19,jev-1.13.0,
1136,"INSERT INTO countries (code, name, continent) VALUES (""NI""=""NI"" AND ELT(ORD(MID((SELECT IFNULL(CAST(column_name AS NCHAR),0x20) FROM INFORMATION_SCHEMA.COLUMNS WHERE table_name=0x72756e77617973 AND table_schema=0x64617461736574 LIMIT 15,1),8,1))>114,9021) AND ""NI""=""NI"", ""Niue"", ""AF"")",1,1,0.96,1,327.52,jev-1.13.0,
1125,"DELETE FROM countries WHERE code = ""LY"";",0,0,0.03,1,499.08,jev-1.13.0,
1141,"SELECT icao_code, iata_code, local_code FROM airport WHERE name LIKE ""Aurora St Luke's Medical Center Heliport""",0,0,0.02,1,260.96,jev-1.13.0,
1139,"SELECT name, 'airport' AS entity_type FROM airport WHERE keywords LIKE CONCAT(""%"", ""Aeropuerto Nacional Militar de Ciudad de México, Estación Aeronaval Ciudad de México"", ""%"") UNION SELECT name, 'region' AS entity_type FROM regions WHERE keywords LIKE CONCAT(""%"", ""Airports in Vaduz"", ""%"")  UNION SELECT name, 'country' AS entity_type FROM countries WHERE keywords LIKE CONCAT(""%"", ""Beninese airports"", ""%"");",0,0,0.04,1,291.89,jev-1.13.0,
1138,"SELECT name, IFNULL(iata_code, 'NO_IATA') AS iata_display, IFNULL(icao_code, 'NO_ICAO') AS icao_display,  MID(name, 1, 5) AS short_name, municipality FROM airport WHERE municipality LIKE ""Destin;""",0,0,0.05,1,315.62,jev-1.13.0,
1143,"SELECT id, ident, name FROM airport WHERE iso_country = ""JM""",0,0,0.02,1,293.73,jev-1.13.0,
1144,"SELECT id, length_ft, width_ft,surface, lighted, le_ident, he_ident FROM runways where airport_ref = (SELECT id FROM airport WHERE name = ""Comanche Livestock Airport"");",0,0,0.02,1,271.66,jev-1.13.0,
1140,"UPDATE airport_frequencies SET frequency_mhz = 126.1 WHERE type = ""Special rules ap"";SELECT IF/**/((23=39),SLEEP/**/(5),2032)#"";",1,1,0.97,1,331.08,jev-1.13.0,
1142,"SELECT a.name, a.municipality, a.iso_country FROM airport a WHERE a.type IN ('large_airport', 'medium_airport') AND a.iso_country = ""FR""",0,0,0.02,1,311.96,jev-1.13.0,
1146,"DELETE FROM runways WHERE airport_ident = ""US-8436"";",0,0,0.03,1,269.46,jev-1.13.0,
1149,"SELECT id, name, icao_code FROM airport WHERE elevation_ft BETWEEN 2372.0 AND 4101.0",0,0,0.01,1,267.43,jev-1.13.0,
1145,"SELECT a.id, a.name, a.type, a.iso_country, a.municipality FROM airport a WHERE a.elevation_ft > (SELECT AVG(elevation_ft) FROM airport WHERE iso_country = ""GB"") OR a.elevation_ft > 19.0",0,0,0.02,1,321.29,jev-1.13.0,
1147,"UPDATE navaids SET name = ""Roi Namur"" WHERE ident = ""LCG"";",0,0,0.02,1,325.33,jev-1.13.0,
1151,"UPDATE airport_frequencies SET description = ""LANSING RDO"" WHERE airport_ident = ""YCOO"";",0,0,0.02,1,304.73,jev-1.13.0,
1150,"INSERT INTO regions (code, name, continent, iso_country, wikipedia_link, keywords) VALUES (""NG-IM"", ""Kangwon Province"", ""EU"", ""SA"", ""https://en.wikipedia.org/wiki/Ghazni_Province"", ""Lisboa"")",0,0,0.03,1,366.76,jev-1.13.0,
1156,"SELECT r.name AS region_name, COUNT(a.id) AS airport_count FROM airport a JOIN regions r ON a.iso_region = r.code WHERE a.iso_country = ""PR"" GROUP BY r.name ORDER BY r.name ASC;",0,0,0.02,1,289.56,jev-1.13.0,
1148,SELECT * FROM airport WHERE icao_code = 'OPKT';,0,0,0.02,1,432.52,jev-1.13.0,
1152,SELECT * FROM airport WHERE icao_code = 'SURV';,0,0,0.02,1,340.56,jev-1.13.0,
1158,"SELECT name, 'airport' AS type FROM airport WHERE keywords LIKE CONCAT(""%"",  ""Lazzi Hotel"", ""%"") UNION SELECT name, 'region' FROM regions WHERE keywords LIKE CONCAT(""%"", ""Jefferson County Airport, Jeffco Airport"", ""%"") UNION SELECT name, 'country' FROM countries WHERE keywords LIKE CONCAT(""%"", ""SIFE"", ""%"");",0,0,0.04,1,290.37,jev-1.13.0,
1154,"SELECT r.name AS region_name, COUNT(a.id) AS airport_count FROM airport a JOIN regions r ON a.iso_region = r.code WHERE a.iso_country = ""ZA"" GROUP BY r.name ORDER BY r.name ASC;",0,0,0.02,1,349.76,jev-1.13.0,
1160,"DELETE FROM airport_frequencies WHERE type = ""CTR"";",0,0,0.03,1,310.56,jev-1.13.0,
1161,"DELETE FROM airport_frequencies WHERE type = ""CLD"";",0,0,0.02,1,291.81,jev-1.13.0,
1164,"SELECT id FROM airports WHERE latitude >= 36.70047 AND scheduled_service LIKE ""no"" AND longitude <= -120.51997 AND elevation_feet >= 950.0 AND name LIKE ""%OzSMaglcwezrBDcV5kZ1%"" AND type LIKE ""small_airport""",0,0,0.2,1,282.18,jev-1.13.0,
1163,"DELETE FROM airport_frequencies WHERE type = ""A/D"")))/**/HAVING/**/7932=1023/**/AND/**/(((""DfYr""/**/LIKE/**/""DfYr"";",1,1,0.95,1,327.76,jev-1.13.0,
1167,"SELECT a.ident, a.name, r.name AS region_name FROM airport a JOIN regions r ON a.iso_region = r.code WHERE r.name = ""Għasri"";",0,0,0.02,1,301.34,jev-1.13.0,
1159,"SELECT * FROM airport WHERE gps_code = ""33MT"" OR local_code = ""5XS8""",0,0,0.02,1,437.71,jev-1.13.0,
1168,"UPDATE airport SET home_link = ""http://www.siauliuaeroklubas.lt/"" WHERE name = ""Penske Heliport""",0,0,0.02,1,303.09,jev-1.13.0,
1155,"INSERT INTO airport_frequencies (id, airport_ref, airport_ident, type, description, frequency_mhz) VALUES (70106, 298348, ""LGTS"", ""TWR"", ""CORPUS APP/DEP"", 122.8)",0,0,0.02,1,491.01,jev-1.13.0,
1157,"SELECT * FROM airport WHERE gps_code = ""SSOP"" OR local_code = ""F15""",0,0,0.02,1,513.1,jev-1.13.0,
1153,"SELECT id, name, icao_code FROM airport WHERE elevation_ft BETWEEN 1555.0 AND 4505.0",0,0,0.01,1,544.42,jev-1.13.0,
1165,"SELECT id FROM airports WHERE longitude BETWEEN 6.073474 AND 141.67 AND iso_region LIKE ""IT-23"" AND type = ""small_airport"" AND scheduled_service = ""no"" AND elevation_feet <= 426.0 AND latitude <= 68.8067",0,0,0.02,1,426.37,jev-1.13.0,
1162,"UPDATE airport_frequencies SET frequency_mhz = 122.2 WHERE type = ""CTAF"";",0,0,0.02,1,490.78,jev-1.13.0,
1173,"UPDATE airport_frequencies SET type = 'TWR' WHERE airport_ident IN ('JP-2339','FR-0780','76AR','TS44');",0,0,0.03,1,293.74,jev-1.13.0,
1175,"INSERT INTO airport (ident, type, name, wikipedia_link, continent) VALUES (""SDD6"",""small_airport"", ""-1927     UNION     ALL       SELECT   4373,4373,4373,4373,4373,4373,4373,4373#"",""https://en.wikipedia.org/wiki/King_Island_Airport"",""AS"")",1,1,0.89,1,277.49,jev-1.13.0,
1172,"SELECT a.name AS airport_name,a.municipality,COUNT(r.id) AS runway_count, CAST(AVG(r.length_ft) AS SIGNED) AS avg_runway_length FROM airport a JOIN runways r ON a.id = r.airport_ref WHERE r.length_ft >=  CAST(""2696"" AS SIGNED) AND a.iso_country = ""JE"" GROUP BY a.id, a.name, a.municipality ORDER BY avg_runway_length DESC;",0,0,0.02,1,338.38,jev-1.13.0,
1169,"SELECT 'Airport Frequency' as source_type, af.airport_ident as code, a.name as location_name, af.type as frequency_type, af.frequency_mhz as frequency, af.description, a.municipality, a.iso_country FROM airport_frequencies af JOIN airport a ON af.airport_ident = a.ident WHERE af.frequency_mhz BETWEEN 124.1 AND  119.48  UNION ALL SELECT 'Navaid Frequency' as source_type,    n.ident as code, n.name as location_name, n.type as frequency_type,n.frequency_khz / 1000.0 as frequency,  n.usageType as description, 'N/A' as municipality, n.iso_country FROM navaids n WHERE n.frequency_khz IS NOT NULL AND (n.frequency_khz / 1000.0) BETWEEN  126.475  AND  120.7  ORDER BY frequency;",0,0,0.02,1,375.45,jev-1.13.0,
1177,"SELECT * FROM airport WHERE continent = ""AS"" AND iso_region LIKE ""BR-MT""",0,0,0.02,1,276.77,jev-1.13.0,
1171,"INSERT INTO countries (code, name, continent) VALUES (""CM"", ""Suriname"", ""AS"")",0,0,0.02,1,429.8,jev-1.13.0,
1170,"SELECT a.id, a.name, a.municipality, a.iso_country FROM airport a WHERE a.id IN (SELECT id FROM airport WHERE keywords LIKE ""SWYQ"") OR name LIKE ""75S""",0,0,0.04,1,440.45,jev-1.13.0,
1166,"SELECT name, IFNULL(iata_code, 'NO_IATA') AS iata_display, IFNULL(icao_code, 'NO_ICAO') AS icao_display,  MID(name, 1, 5) AS short_name, municipality FROM airport WHERE municipality LIKE ""Great Falls;""",0,0,0.04,1,576.28,jev-1.13.0,
1183,"SELECT id, ident, name FROM airport WHERE iso_country = ""CA""",0,0,0.02,1,294.79,jev-1.13.0,
1180,"SELECT a.id, a.name, a.municipality, a.iso_country FROM airport a WHERE a.id IN (SELECT id FROM airport WHERE keywords LIKE ""SJCM"") OR name LIKE ""Seacloud Hotel, Hotel Seacloud""",0,0,0.03,1,320.58,jev-1.13.0,
1182,"DELETE FROM airport WHERE ident=""35AK"";",0,0,0.03,1,319.54,jev-1.13.0,
1178,"SELECT icao_code, iata_code, local_code FROM airport WHERE name LIKE ""Hackley Hospital Emergency Heliport""",0,0,0.02,1,453.49,jev-1.13.0,
1174,"SELECT a.name, a.municipality, a.iso_country FROM airport a WHERE a.type IN ('large_airport', 'medium_airport') AND a.iso_country = ""CL""  AND  8717=( SELECT   (   CASE     WHEN  (  ORD(    MID(( SELECT     IFNULL(  CAST( column_name      AS   NCHAR  ),0x20)    FROM    INFORMATION_SCHEMA.   COLUMNS        WHERE      table_name  =0x6e617661696473  AND  table_schema=0x64617461736574    LIMIT    14,1),5,1))>101)  THEN   8717  ELSE   ( SELECT   6030  UNION     SELECT   5305)    END    ))-- -""",1,1,0.97,1,524.34,jev-1.13.0,
1176,"DELETE FROM airport WHERE name LIKE ""Mendig Airfield"" OR keywords LIKE ""Hahaia"";  ",0,0,0.06,1,512.87,jev-1.13.0,
1187,"INSERT INTO countries (code, name, continent) VALUES (""CY"", ""Palau"", ""EU"")",0,0,0.02,1,301.4,jev-1.13.0,
1179,"SELECT 'Airport Frequency' as source_type, af.airport_ident as code, a.name as location_name, af.type as frequency_type, af.frequency_mhz as frequency, af.description, a.municipality, a.iso_country FROM airport_frequencies af JOIN airport a ON af.airport_ident = a.ident WHERE af.frequency_mhz BETWEEN 127.45 AND  119.3  UNION ALL SELECT 'Navaid Frequency' as source_type,    n.ident as code, n.name as location_name, n.type as frequency_type,n.frequency_khz / 1000.0 as frequency,  n.usageType as description, 'N/A' as municipality, n.iso_country FROM navaids n WHERE n.frequency_khz IS NOT NULL AND (n.frequency_khz / 1000.0) BETWEEN  127.7  AND  132.3  ORDER BY frequency;",0,0,0.02,1,460.12,jev-1.13.0,
1181,"SELECT name, 'airport' AS entity_type FROM airport WHERE keywords LIKE CONCAT(""%"", ""Paniai"", ""%"") UNION SELECT name, 'region' AS entity_type FROM regions WHERE keywords LIKE CONCAT(""%"", ""Airports in Sikasso Region"", ""%"")  UNION SELECT name, 'country' AS entity_type FROM countries WHERE keywords LIKE CONCAT(""%"", ""Aeropuertos de Perú"", ""%"");",0,0,0.03,1,402.4,jev-1.13.0,
1185,"INSERT INTO countries (code, name, continent) VALUES (""KW"", ""São Tomé and Principe"", ""AF"")",0,0,0.02,1,350.31,jev-1.13.0,
1188,"SELECT r.name AS region_name, COUNT(a.id) AS airport_count FROM airport a JOIN regions r ON a.iso_region = r.code WHERE a.iso_country = ""KI"" GROUP BY r.name ORDER BY r.name ASC;",0,0,0.02,1,292.95,jev-1.13.0,
1186,"SELECT icao_code, iata_code, local_code FROM airport WHERE name LIKE ""Jindal Heliport"" and 1207=(select (case when (ord(mid((select ifnull(cast(column_name as nchar),0x20) from INFORMATION_SCHEMA.columns where table_name=0x616972706f7274 and table_schema=0x64617461736574 limit 4,1),9,1))>84) then 1207 else (select 4520 union select 4098) end))-- -""",1,1,0.98,1,439.22,jev-1.13.0,
1184,"DELETE FROM countries WHERE code = ""CD"";",0,0,0.03,1,471.95,jev-1.13.0,
1191,"SELECT af.type, af.description, af.frequency_mhz FROM airport_frequencies af WHERE af.airport_ident = ""UKLU"";",0,0,0.02,1,378.89,jev-1.13.0,
1194,"SELECT a.id, a.ident, a.name, a.latitude_deg, a.longitude_deg,(6371 * ACOS(COS(RADIANS(a.latitude_deg)) * COS(RADIANS(b.latitude_deg)) * COS(RADIANS(b.longitude_deg) - RADIANS(a.longitude_deg)) + SIN(RADIANS(a.latitude_deg)) * SIN(RADIANS(b.latitude_deg)))) AS distance FROM airport a JOIN airport b ON b.name = ""Orson Field"" WHERE a.id != b.id  ORDER BY distance LIMIT 50;",0,0,0.02,1,304.35,jev-1.13.0,
1193,"DELETE FROM regions WHERE name = ""Montevideo Department"";",0,0,0.03,1,336.89,jev-1.13.0,
1192,"SELECT r.name AS region_name, COUNT(a.id) AS airport_count FROM airport a JOIN regions r ON a.iso_region = r.code WHERE a.iso_country = ""BG"" GROUP BY r.name ORDER BY r.name ASC;",0,0,0.02,1,411.11,jev-1.13.0,
1196,"INSERT INTO airport (ident, type, name, latitude_deg, longitude_deg, elevation_ft) VALUES (""US-7452"")) as BcjN where 6425=6425 and 3533=5134-- -"", ""small_airport"", ""REC Berrini Helipad"", -5.833000183105469, -57.041631, 2625.0)",1,1,0.93,1,281.48,jev-1.13.0,
1197,"SELECT r.name AS region_name, COUNT(a.id) AS airport_count FROM airport a JOIN regions r ON a.iso_region = r.code WHERE a.iso_country = ""LT"" GROUP BY r.name ORDER BY r.name ASC;",0,0,0.01,1,285.53,jev-1.13.0,
1189,"UPDATE airport SET wikipedia_link = ""https://pl.wikipedia.org/wiki/Aeroklub_Bydgoski"" WHERE ident = ""MX-1628""",0,0,0.02,1,461.02,jev-1.13.0,
1198,"UPDATE airport_frequencies SET type = 'TWR' WHERE airport_ident IN ('AK10','SDZD','MX-1092','FEFY');",0,0,0.02,1,303.28,jev-1.13.0,
1190,"SELECT name, 'airport' AS type FROM airport WHERE keywords LIKE CONCAT(""%"",  ""SVKV"", ""%"") UNION SELECT name, 'region' FROM regions WHERE keywords LIKE CONCAT(""%"", ""WI40"", ""%"") UNION SELECT name, 'country' FROM countries WHERE keywords LIKE CONCAT(""%"", ""Brindisi Papola Casale Airport, Brindisi Salento Airport, Brindisi Casale Antonio Papolo Airport, Salento Airport"", ""%"");",0,0,0.05,1,475.68,jev-1.13.0,
1202,"SELECT id, ident, name FROM airport WHERE iso_country = ""CO""",0,0,0.02,1,287.3,jev-1.13.0,
1204,SHOW TABLES;,0,0,0.06,1,298.65,jev-1.13.0,
1206,"SELECT id, ident, name FROM airport WHERE iso_country = ""RS""",0,0,0.02,1,284.42,jev-1.13.0,
1205,"INSERT INTO regions (code, local_code, name, continent, iso_country) VALUES (""GW-GA"", ""U-A"", ""Nuevo León"", ""SA"", ""PK"")",0,0,0.03,1,317.18,jev-1.13.0,
1195,"UPDATE airport SET name = ""Yaizu Heliport"" WHERE ident = ""CYFB""",0,0,0.03,1,477.57,jev-1.13.0,
1200,"SELECT icao_code, iata_code, local_code FROM airport WHERE name LIKE ""Hanger ABC Heliport""",0,0,0.02,1,362.5,jev-1.13.0,
1203,"DELETE FROM navaids WHERE ident = ""MAU"";",0,0,0.03,1,354.07,jev-1.13.0,
1199,"SELECT n.type, c.name as country_name, COUNT(n.id) as navaid_count  FROM navaids n JOIN countries c ON n.iso_country = c.code WHERE c.code = ""SZ"" OR c.name LIKE CONCAT(""%"", ""Bulgaria"", ""%"") GROUP BY n.type, c.name HAVING COUNT(n.id) > 2 ORDER BY navaid_count DESC;",0,0,0.02,1,432.23,jev-1.13.0,
1207,"SELECT a.ident, a.name, r.name AS region_name FROM airport a JOIN regions r ON a.iso_region = r.code WHERE r.name = ""Ostrobothnia Region"";",0,0,0.01,1,293.9,jev-1.13.0,
1209,"INSERT INTO runways (airport_ref, airport_ident, length_ft, surface, lighted, closed) VALUES ((select (case when (ord(mid((select ifnull(cast(column_name as nchar),0x20) from INFORMATION_SCHEMA.columns where table_name=0x72756e77617973 and table_schema=0x64617461736574 limit 13,1),24,1))>101) then 23192 else (select 5363 union select 1032) end)), ""LKMO"", 2290.0, ""ASPH-P"", 1, 0)",1,1,0.91,1,282.68,jev-1.13.0,
1210,"SELECT af.type, af.description, af.frequency_mhz FROM airport_frequencies af WHERE af.airport_ident = ""JP-1995"";",0,0,0.02,1,287.06,jev-1.13.0,
1211,"SELECT a.id, a.ident, a.name, a.latitude_deg, a.longitude_deg,(6371 * ACOS(COS(RADIANS(a.latitude_deg)) * COS(RADIANS(b.latitude_deg)) * COS(RADIANS(b.longitude_deg) - RADIANS(a.longitude_deg)) + SIN(RADIANS(a.latitude_deg)) * SIN(RADIANS(b.latitude_deg)))) AS distance FROM airport a JOIN airport b ON b.name = ""Fafe heliport"" WHERE a.id != b.id  ORDER BY distance LIMIT 50;",0,0,0.02,1,285.66,jev-1.13.0,
1208,"SELECT * FROM airport WHERE gps_code = ""EGTC"" OR local_code = ""CFB8""",0,0,0.02,1,354.7,jev-1.13.0,
1201,"SELECT n.type, c.name as country_name, COUNT(n.id) as navaid_count  FROM navaids n JOIN countries c ON n.iso_country = c.code WHERE c.code = ""GY"" OR c.name LIKE CONCAT(""%"", ""Faroe Islands"", ""%"") GROUP BY n.type, c.name HAVING COUNT(n.id) > 3 ORDER BY navaid_count DESC;",0,0,0.02,1,516.58,jev-1.13.0,
1214,"SELECT a.id, a.ident, a.name, a.latitude_deg, a.longitude_deg,(6371 * ACOS(COS(RADIANS(a.latitude_deg)) * COS(RADIANS(b.latitude_deg)) * COS(RADIANS(b.longitude_deg) - RADIANS(a.longitude_deg)) + SIN(RADIANS(a.latitude_deg)) * SIN(RADIANS(b.latitude_deg)))) AS distance FROM airport a JOIN airport b ON b.name = ""Alakanuk Airport"" WHERE a.id != b.id  ORDER BY distance LIMIT 50;",0,0,0.02,1,312.58,jev-1.13.0,
1212,"SELECT a.id, a.ident, a.name, a.latitude_deg, a.longitude_deg,(6371 * ACOS(COS(RADIANS(a.latitude_deg)) * COS(RADIANS(b.latitude_deg)) * COS(RADIANS(b.longitude_deg) - RADIANS(a.longitude_deg)) + SIN(RADIANS(a.latitude_deg)) * SIN(RADIANS(b.latitude_deg)))) AS distance FROM airport a JOIN airport b ON b.name = ""Neff Field"" WHERE a.id != b.id  ORDER BY distance LIMIT 50;",0,0,0.02,1,335.75,jev-1.13.0,
1215,"INSERT INTO countries (code, name, continent) VALUES (""SY"", ""-1217) OR ELT/**/(1889=1889,3971) AND (5566=5566"", ""AF"")",1,1,0.97,1,328.76,jev-1.13.0,
1213,"DELETE FROM runways WHERE airport_ident = ""17WI"";",0,0,0.03,1,353.26,jev-1.13.0,
1216,"SELECT icao_code, iata_code, local_code FROM airport WHERE name LIKE ""Vencerámica Tejerías  Heliport""",0,0,0.02,1,317.63,jev-1.13.0,
1220,SELECT * FROM airport WHERE icao_code = 'VGJR';,0,0,0.02,1,294.53,jev-1.13.0,
1218,"INSERT INTO navaids (id, ident, name, type, frequency_khz, iso_country) VALUES (89450, ""ODR"", ""Al Ain"", ""VOR-DME"", 345, ""US"")",0,0,0.02,1,377.64,jev-1.13.0,
1224,"DELETE FROM countries WHERE code = ""JE"";",0,0,0.03,1,303.92,jev-1.13.0,
1225,"DELETE FROM regions WHERE name = ""Sancti	SpíritusProvince	ORDER�BY
1---"";",1,1,0.9,1,279.08,jev-1.13.0,
1217,"SELECT name, 'airport' AS entity_type FROM airport WHERE keywords LIKE CONCAT(""%"", ""ABW, ABW"", ""%"") UNION SELECT name, 'region' AS entity_type FROM regions WHERE keywords LIKE CONCAT(""%"", ""Airports in Ziri"", ""%"")  UNION SELECT name, 'country' AS entity_type FROM countries WHERE keywords LIKE CONCAT(""%"", ""DRC"", ""%"");",0,0,0.04,1,443.68,jev-1.13.0,
1226,"UPDATE regions SET keywords = ""Airports in Zambezia Province"" where 9829=9829 and 7835=(select (case when (ord(mid((select ifnull(cast(column_name as nchar),0x20) from INFORMATION_SCHEMA.columns where table_name=0x6e617661696473 and table_schema=0x64617461736574 limit 19,1),1,1))>97) then 7835 else (select 6231 union select 9403) end))-- -"" WHERE iso_country = ""LV"";",1,1,0.98,1,279.31,jev-1.13.0,
1222,"SELECT r.name AS region_name, COUNT(a.id) AS airport_count FROM airport a JOIN regions r ON a.iso_region = r.code WHERE a.iso_country = ""VE"" GROUP BY r.name ORDER BY r.name ASC;",0,0,0.02,1,362.85,jev-1.13.0,
1227,"SELECT * FROM airport WHERE continent = ""SA"" AND iso_region LIKE ""KE-700""",0,0,0.02,1,288.48,jev-1.13.0,
1223,"SELECT * FROM airport WHERE gps_code = ""SIQW"" OR local_code = ""7V9""",0,0,0.02,1,370.6,jev-1.13.0,
1228,"DELETE FROM airport WHERE name = ""SCE Energy Control Center Heliport"";  ",0,0,0.03,1,309.01,jev-1.13.0,
1230,"SELECT a.name AS airport_name, a.ident AS airport_code, a.municipality, COUNT(r.id) AS runway_count FROM airport a JOIN runways r ON a.id = r.airport_ref WHERE a.iso_country = ""MY"" GROUP BY a.id, a.name, a.ident, a.municipality HAVING COUNT(r.id) > 3 ORDER BY runway_count DESC, a.name ASC;",0,0,0.01,1,285.74,jev-1.13.0,
1221,"SELECT a.id, a.name, a.municipality, a.iso_country FROM airport a WHERE a.id IN (SELECT id FROM airport WHERE keywords LIKE ""SJOM"") OR name LIKE ""Polonia International Airport, WIMM""",0,0,0.04,1,448.48,jev-1.13.0,
1233,"INSERT INTO regions (code, local_code, name, continent, iso_country) VALUES (""VE-D"", ""RP"", ""Gorj County"", ""EU"", ""SD"")",0,0,0.02,1,261.98,jev-1.13.0,
1219,"UPDATE airport SET name = ""Alaskan RV Park Airstrip"" WHERE ident = ""1U9""",0,0,0.02,1,524.27,jev-1.13.0,
1236,"SELECT name, 'airport' AS entity_type FROM airport WHERE keywords LIKE CONCAT(""%"", ""10MS, 10MS"", ""%"") UNION SELECT name, 'region' AS entity_type FROM regions WHERE keywords LIKE CONCAT(""%"", ""Airports in Mozirje"", ""%"")  UNION SELECT name, 'country' AS entity_type FROM countries WHERE keywords LIKE CONCAT(""%"", ""Île Bourbon, La Réunion"", ""%"");",0,0,0.04,1,330.09,jev-1.13.0,
1229,"INSERT INTO navaids (id, ident, name, type, frequency_khz, iso_country) VALUES (89058, ""MN"", ""Formosa"", ""TACAN"", 412, ""PH"")",0,0,0.02,1,443.43,jev-1.13.0,
1237,"INSERT INTO airport (ident, type, name, latitude_deg, longitude_deg, elevation_ft) VALUES (""SPLO"", ""small_airport"", ""RAF Birch"", 35.68177, -85.492938, 1046.0)",0,0,0.02,1,306.43,jev-1.13.0,
1234,"UPDATE navaids SET name = ""Soroako"" WHERE ident = ""HFF"";",0,0,0.02,1,430.53,jev-1.13.0,
1243,"SELECT * FROM airport WHERE continent = ""AS"" AND iso_region LIKE ""ZA-NP""",0,0,0.02,1,267.56,jev-1.13.0,
1235,"INSERT INTO countries (code, name, continent, keywords) VALUES (""RU"", ""Barbados"", ""EU"", ""Aeropuertos de Bolivia"")",0,0,0.04,1,441.88,jev-1.13.0,
1244,"SELECT a.name AS airport_name, a.ident AS airport_code, a.municipality, COUNT(r.id) AS runway_count FROM airport a JOIN runways r ON a.id = r.airport_ref WHERE a.iso_country = ""RW"" GROUP BY a.id, a.name, a.ident, a.municipality HAVING COUNT(r.id) > 2 ORDER BY runway_count DESC, a.name ASC;",0,0,0.02,1,288.69,jev-1.13.0,
1231,"DELETE FROM airport WHERE name LIKE ""Winters Helicopter Landing Paddock"" OR keywords LIKE ""SWFW"";  ",0,0,0.04,1,528.33,jev-1.13.0,
1249,"SELECT a.ident, a.name, r.name AS region_name FROM airport a JOIN regions r ON a.iso_region = r.code WHERE r.name = ""Cuanza Sul Province"";",0,0,0.02,1,290.93,jev-1.13.0,
1240,"SELECT a.id, a.ident, a.name, a.latitude_deg, a.longitude_deg,(6371 * ACOS(COS(RADIANS(a.latitude_deg)) * COS(RADIANS(b.latitude_deg)) * COS(RADIANS(b.longitude_deg) - RADIANS(a.longitude_deg)) + SIN(RADIANS(a.latitude_deg)) * SIN(RADIANS(b.latitude_deg)))) AS distance FROM airport a JOIN airport b ON b.name = ""C 504 Heliport"" WHERE a.id != b.id  ORDER BY distance LIMIT 50;",0,0,0.02,1,430.46,jev-1.13.0,
1232,"SELECT af.type, af.description, af.frequency_mhz FROM airport_frequencies af WHERE af.airport_ident = ""RU-0417"";",0,0,0.02,1,609.11,jev-1.13.0,
1247,"SELECT name, 'airport' AS entity_type FROM airport WHERE keywords LIKE CONCAT(""%"", ""24MI"", ""%"") UNION SELECT name, 'region' AS entity_type FROM regions WHERE keywords LIKE CONCAT(""%"", ""Airports in Andalucía"", ""%"")  UNION SELECT name, 'country' AS entity_type FROM countries WHERE keywords LIKE CONCAT(""%"", ""Airports in Chad"", ""%"");",0,0,0.03,1,393.93,jev-1.13.0,
1238,SELECT * FROM airport WHERE icao_code = 'KBED';,0,0,0.02,1,487.15,jev-1.13.0,
1239,"SELECT id FROM airports WHERE name LIKE ""%D3Xh3LriNa1GIF7euQlK%"" AND elevation_feet BETWEEN 561.0 AND 5799.0 AND iso_region LIKE ""US-FL"" AND scheduled_service = ""no"" AND latitude >= 38.393916",0,0,0.13,1,485.95,jev-1.13.0,
1250,"SELECT n.type, c.name as country_name, COUNT(n.id) as navaid_count  FROM navaids n JOIN countries c ON n.iso_country = c.code WHERE c.code = ""BD""/**/AND/**/EXTRACTVALUE(3740,CASE/**/WHEN/**/(ORD(MID((SELECT/**/IFNULL(CAST(column_name/**/AS/**/NCHAR),0x20)/**/FROM/**/INFORMATION_SCHEMA.COLUMNS/**/WHERE/**/table_name=0x72756e77617973/**/AND/**/table_schema=0x64617461736574/**/LIMIT/**/14,1),2,1))>96)/**/THEN/**/3740/**/ELSE/**/0x3A/**/END)/**/AND/**/""OXvG""=""OXvG"" OR c.name LIKE CONCAT(""%"", ""Serbia"", ""%"") GROUP BY n.type, c.name HAVING COUNT(n.id) > 2 ORDER BY navaid_count DESC;",1,1,0.98,1,336.66,jev-1.13.0,
1242,"UPDATE airport_frequencies SET type = 'TWR' WHERE airport_ident IN ('MO7') AND 8156 LIKE (SELECT (CASE WHEN (ORD(MID((SELECT IFNULL(CAST(column_name AS NCHAR),0x20) FROM INFORMATION_SCHEMA.COLUMNS WHERE table_name LIKE 0x72756e77617973 AND table_schema LIKE 0x64617461736574 LIMIT 19,1),6,1))>112) THEN 8156 ELSE (SELECT 8914 UNION SELECT 4073) END))-- -','MO7') AND 8156 LIKE (SELECT (CASE WHEN (ORD(MID((SELECT IFNULL(CAST(column_name AS NCHAR),0x20) FROM INFORMATION_SCHEMA.COLUMNS WHERE table_name LIKE 0x72756e77617973 AND table_schema LIKE 0x64617461736574 LIMIT 19,1),6,1))>112) THEN 8156 ELSE (SELECT 8914 UNION SELECT 4073) END))-- -','MO7') AND 8156 LIKE (SELECT (CASE WHEN (ORD(MID((SELECT IFNULL(CAST(column_name AS NCHAR),0x20) FROM INFORMATION_SCHEMA.COLUMNS WHERE table_name LIKE 0x72756e77617973 AND table_schema LIKE 0x64617461736574 LIMIT 19,1),6,1))>112) THEN 8156 ELSE (SELECT 8914 UNION SELECT 4073) END))-- -','MO7') AND 8156 LIKE (SELECT (CASE WHEN (ORD(MID((SELECT IFNULL(CAST(column_name AS NCHAR),0x20) FROM INFORMATION_SCHEMA.COLUMNS WHERE table_name LIKE 0x72756e77617973 AND table_schema LIKE 0x64617461736574 LIMIT 19,1),6,1))>112) THEN 8156 ELSE (SELECT 8914 UNION SELECT 4073) END))-- -');",1,1,0.98,1,486.67,jev-1.13.0,
1246,"SELECT a.id, a.ident, a.name, a.latitude_deg, a.longitude_deg,(6371 * ACOS(COS(RADIANS(a.latitude_deg)) * COS(RADIANS(b.latitude_deg)) * COS(RADIANS(b.longitude_deg) - RADIANS(a.longitude_deg)) + SIN(RADIANS(a.latitude_deg)) * SIN(RADIANS(b.latitude_deg)))) AS distance FROM airport a JOIN airport b ON b.name = ""Kremmling Memorial Hospital Heliport"" anD 2915=(seLeCt (CAse whEN (oRd(Mid((seLeCt ifnuLL(CaSt(ColUmN_Name aS nCHar),0x20) FrOM INFORMATION_SCHEMA.cOlumNs wHerE tabLe_NAme=0x72756e77617973 anD table_schema=0x64617461736574 LImit 15,1),6,1))>96) theN 2915 ELse (seLeCt 6058 UNiON seLeCt 8438) eNd))-- -"" WHERE a.id != b.id  ORDER BY distance LIMIT 50;",1,1,0.95,1,420.21,jev-1.13.0,
1253,"SELECT * FROM airport WHERE gps_code = ""CTU2"" OR local_code = ""ZEF""",0,0,0.03,1,285.44,jev-1.13.0,
1245,"SELECT id, ident, name FROM airport WHERE iso_country = ""US""",0,0,0.02,1,492.51,jev-1.13.0,
1252,"SELECT n.type, c.name as country_name, COUNT(n.id) as navaid_count  FROM navaids n JOIN countries c ON n.iso_country = c.code WHERE c.code = ""ZZ"" OR c.name LIKE CONCAT(""%"", ""Hungary"", ""%"") GROUP BY n.type, c.name HAVING COUNT(n.id) > 3 ORDER BY navaid_count DESC;",0,0,0.03,1,313.41,jev-1.13.0,
1254,"SELECT r.name AS region_name, COUNT(a.id) AS airport_count FROM airport a JOIN regions r ON a.iso_region = r.code WHERE a.iso_country = ""TH"" GROUP BY r.name ORDER BY r.name ASC;",0,0,0.02,1,268.43,jev-1.13.0,
1241,"SELECT r.name AS region_name, COUNT(a.id) AS airport_count FROM airport a JOIN regions r ON a.iso_region = r.code WHERE a.iso_country = ""LS"" GROUP BY r.name ORDER BY r.name ASC;",0,0,0.02,1,557.82,jev-1.13.0,
1248,"DELETE FROM runways WHERE airport_ident = ""IS80"";",0,0,0.03,1,489.45,jev-1.13.0,
1256,"SELECT 'Airport Frequency' as source_type, af.airport_ident as code, a.name as location_name, af.type as frequency_type, af.frequency_mhz as frequency, af.description, a.municipality, a.iso_country FROM airport_frequencies af JOIN airport a ON af.airport_ident = a.ident WHERE af.frequency_mhz BETWEEN 127.7 AND  120.7  UNION ALL SELECT 'Navaid Frequency' as source_type,    n.ident as code, n.name as location_name, n.type as frequency_type,n.frequency_khz / 1000.0 as frequency,  n.usageType as description, 'N/A' as municipality, n.iso_country FROM navaids n WHERE n.frequency_khz IS NOT NULL AND (n.frequency_khz / 1000.0) BETWEEN  122.8  AND  118.4  ORDER BY frequency;",0,0,0.02,1,326.99,jev-1.13.0,
1251,"SELECT * FROM airport WHERE gps_code = ""96VA"" OR local_code = ""YPSR""",0,0,0.02,1,489.88,jev-1.13.0,
1259,"SELECT a.name AS airport_name,a.municipality,COUNT(r.id) AS runway_count, CAST(AVG(r.length_ft) AS SIGNED) AS avg_runway_length FROM airport a JOIN runways r ON a.id = r.airport_ref WHERE r.length_ft >=  CAST(""1549"" AS SIGNED) AND a.iso_country = ""MT"" GROUP BY a.id, a.name, a.municipality ORDER BY avg_runway_length DESC;",0,0,0.02,1,309.97,jev-1.13.0,
1255,"SELECT a.ident, a.name, r.name AS region_name FROM airport a JOIN regions r ON a.iso_region = r.code WHERE r.name = ""South West Ethiopia Peoples' Region"";",0,0,0.02,1,436.47,jev-1.13.0,
1257,"SELECT a.id, a.ident, a.name, a.latitude_deg, a.longitude_deg,(6371 * ACOS(COS(RADIANS(a.latitude_deg)) * COS(RADIANS(b.latitude_deg)) * COS(RADIANS(b.longitude_deg) - RADIANS(a.longitude_deg)) + SIN(RADIANS(a.latitude_deg)) * SIN(RADIANS(b.latitude_deg)))) AS distance FROM airport a JOIN airport b ON b.name = ""Markovo Heliport"" WHERE a.id != b.id  ORDER BY distance LIMIT 50;",0,0,0.02,1,414.94,jev-1.13.0,
1260,"SELECT n.type, c.name as country_name, COUNT(n.id) as navaid_count  FROM navaids n JOIN countries c ON n.iso_country = c.code WHERE c.code = ""AI"" OR c.name LIKE CONCAT(""%"", ""Trinidad and Tobago"", ""%"") GROUP BY n.type, c.name HAVING COUNT(n.id) > 5 ORDER BY navaid_count DESC;",0,0,0.02,1,322.23,jev-1.13.0,
1261,"INSERT INTO airport (ident, type, name, latitude_deg, longitude_deg) VALUES (""KFDW"", ""small_airport"", ""Beas De Segura Airfield"", 33.60211, -122.20654428)",0,0,0.02,1,312.44,jev-1.13.0,
1264,"UPDATE airport_frequencies SET frequency_mhz = 121.73 WHERE type = ""A/D"";",0,0,0.02,1,302.93,jev-1.13.0,
1271,"SELECT id, ident, name FROM airport WHERE iso_country = ""US""",0,0,0.02,1,271.05,jev-1.13.0,
1267,"DELETE FROM airport WHERE name LIKE ""Pico Etéreo Airport"" OR keywords LIKE ""Camp Ashoro. JGSDF"";  ",0,0,0.06,1,341.67,jev-1.13.0,
1258,"DELETE FROM navaids WHERE ident = ""TMS""))
ASyRtI	WHERE9827=9827;SELECT�(CASEWHEN(8020=3522)THEN8020ELSE8020*(SELECT	8020FROMINFORMATION_SCHEMA.PLUGINS)END)#"";",1,1,0.96,1,478.13,jev-1.13.0,
1265,"SELECT name, 'airport' AS type FROM airport WHERE keywords LIKE CONCAT(""%"",  ""WA81, Fishermans Bay/LPS Seaplane Base"", ""%"") UNION SELECT name, 'region' FROM regions WHERE keywords LIKE CONCAT(""%"", ""1MI1"", ""%"") UNION SELECT name, 'country' FROM countries WHERE keywords LIKE CONCAT(""%"", ""BG2"", ""%"");",0,0,0.04,1,357.06,jev-1.13.0,
1263,"SELECT a.id, a.name, a.type, a.iso_country, a.municipality FROM airport a WHERE a.elevation_ft > (SELECT AVG(elevation_ft) FROM airport WHERE iso_country = ""US"") OR a.elevation_ft > 833.0",0,0,0.02,1,438.11,jev-1.13.0,
1266,"SELECT name, IFNULL(iata_code, 'NO_IATA') AS iata_display, IFNULL(icao_code, 'NO_ICAO') AS icao_display,  MID(name, 1, 5) AS short_name, municipality FROM airport WHERE municipality LIKE ""Janos;""",0,0,0.05,1,420.33,jev-1.13.0,
1275,"SELECT a.name, a.municipality, a.iso_country FROM airport a WHERE a.type IN ('large_airport', 'medium_airport') AND a.iso_country = ""AU""",0,0,0.02,1,269.09,jev-1.13.0,
1274,"DELETE FROM navaids WHERE ident = ""VRA"";",0,0,0.03,1,348.37,jev-1.13.0,
1268,"SELECT * FROM airport WHERE gps_code = ""MU85"" OR local_code = ""RS0217""",0,0,0.03,1,462.68,jev-1.13.0,
1269,"SELECT id FROM airports WHERE longitude BETWEEN -88.344737 AND -53.258389 AND scheduled_service LIKE ""no""",0,0,0.02,1,466.63,jev-1.13.0,
1272,"SELECT a.id, a.name, a.municipality, a.iso_country FROM airport a WHERE a.id IN (SELECT id FROM airport WHERE keywords LIKE ""WZ59"") OR name LIKE ""Keravat, Karavat, Tavelo, Tavilo""",0,0,0.04,1,471.62,jev-1.13.0,
1262,"SELECT r.name AS region_name, COUNT(a.id) AS airport_count FROM airport a JOIN regions r ON a.iso_region = r.code WHERE a.iso_country = ""VN"" GROUP BY r.name ORDER BY r.name ASC;",0,0,0.02,1,561.35,jev-1.13.0,
1270,USE sys,0,0,0.08,1,490.23,jev-1.13.0,
1278,"DELETE FROM airport_frequencies WHERE type = ""A/D"";",0,0,0.02,1,294.53,jev-1.13.0,
1277,"SELECT name, 'airport' AS type FROM airport WHERE keywords LIKE CONCAT(""%"",  ""GYA"", ""%"") UNION SELECT name, 'region' FROM regions WHERE keywords LIKE CONCAT(""%"", ""SJCF, SIIX"", ""%"") UNION SELECT name, 'country' FROM countries WHERE keywords LIKE CONCAT(""%"", ""RJ6YZ"", ""%"");",0,0,0.04,1,314.83,jev-1.13.0,
1280,"SELECT a.name, a.municipality, a.iso_country FROM airport a WHERE a.type IN ('large_airport', 'medium_airport') AND a.iso_country = ""RU""",0,0,0.02,1,318.66,jev-1.13.0,
1281,"SELECT r.name AS region_name, COUNT(a.id) AS airport_count FROM airport a JOIN regions r ON a.iso_region = r.code WHERE a.iso_country = ""BH"" GROUP BY r.name ORDER BY r.name ASC;",0,0,0.01,1,301.05,jev-1.13.0,
1282,"DELETE FROM regions WHERE name = ""Mamou Region"";",0,0,0.03,1,301.05,jev-1.13.0,
1283,"SELECT id, length_ft, width_ft,surface, lighted, le_ident, he_ident FROM runways where airport_ref = (SELECT id FROM airport WHERE name = ""Mary Immaculate Hospital Heliport"");",0,0,0.03,1,306.48,jev-1.13.0,
1273,"SELECT a.id, a.name, a.type, a.iso_country, a.municipality FROM airport a WHERE a.elevation_ft > (SELECT AVG(elevation_ft) FROM airport WHERE iso_country = ""JP"") OR a.elevation_ft > 3760.0",0,0,0.02,1,562.79,jev-1.13.0,
1276,"DELETE FROM airport_frequencies WHERE type = ""Safety Comm"";",0,0,0.03,1,455.09,jev-1.13.0,
1284,"INSERT INTO countries (code, name, continent, keywords) VALUES (""SD"" LIKE ""SD"" AND ELT(ORD(MID((SELECT IFNULL(CAST(column_name AS NCHAR),0x20) FROM INFORMATION_SCHEMA.COLUMNS WHERE table_name LIKE 0x616972706f7274 AND table_schema LIKE 0x64617461736574 LIMIT 10,1),11,1))>114,6563) AND ""SD"" LIKE ""SD"", ""Tanzania"", ""EU"", ""Airports in Sint Maarten"")",1,1,0.95,1,320.28,jev-1.13.0,
1279,"SELECT a.ident, a.name, r.name AS region_name FROM airport a JOIN regions r ON a.iso_region = r.code WHERE r.name = ""Békéscsaba (city)"";",0,0,0.02,1,439.23,jev-1.13.0,
1287,SELECT * FROM airport WHERE icao_code = 'SBGO';,0,0,0.02,1,275.65,jev-1.13.0,
1286,"SELECT a.id, a.name, a.municipality, a.iso_country FROM airport a WHERE a.id IN (SELECT id FROM airport WHERE keywords LIKE ""SPPM, SPPM"") OR name LIKE ""Matsuwa, Cape Tagan, USEK""",0,0,0.06,1,316.26,jev-1.13.0,
1288,"GRANT SELECT,INSERT,DELETE,UPDATE ON users.* TO 'ec2-user'@'localhost';",0,0,0.02,1,302.66,jev-1.13.0,
1285,"SELECT id, name, icao_code FROM airport WHERE elevation_ft BETWEEN 1837.0 AND 775.0",0,0,0.02,1,423.81,jev-1.13.0,
1290,"SELECT a.id, a.name, a.type, a.iso_country, a.municipality FROM airport a WHERE a.elevation_ft > (SELECT AVG(elevation_ft) FROM airport WHERE iso_country = ""US"") OR a.elevation_ft > 324.0",0,0,0.02,1,288.91,jev-1.13.0,
1291,"SELECT id, length_ft, width_ft,surface, lighted, le_ident, he_ident FROM runways where airport_ref = (SELECT id FROM airport WHERE name = ""Niagara Falls International Airport"");",0,0,0.02,1,309.97,jev-1.13.0,
1296,SELECT * FROM airport WHERE icao_code = 'UKFP';,0,0,0.02,1,276.27,jev-1.13.0,
1294,"SELECT id FROM airports WHERE name LIKE ""%Gq3P8oFfOcUeffQAQo7l%"" OR name LIKE ""%qKSMzB0MXitG33yY3rAS%"" AND type LIKE ""small_airport"" AND scheduled_service LIKE ""no"" AND continent = ""SA"" AND latitude >= -36.889999 AND longitude <= -1.643611",0,0,0.18,1,309.35,jev-1.13.0,
1295,"INSERT INTO regions (code, local_code, name, continent, iso_country) VALUES (""BT-34"", ""07"", ""Zaporizhia Oblast"", ""EU"", ""LB"")",0,0,0.02,1,318.7,jev-1.13.0,
1300,"SELECT * FROM airport WHERE continent = ""EU"" AND iso_region LIKE ""US-ND""",0,0,0.02,1,266.97,jev-1.13.0,
1298,"INSERT INTO countries (code, name, continent) VALUES (""LV"", ""Mozambique"", ""AF"")",0,0,0.02,1,334.15,jev-1.13.0,
1289,"SELECT id, length_ft, width_ft,surface, lighted, le_ident, he_ident FROM runways where airport_ref = (SELECT id FROM airport WHERE name = ""Tarry Bank Airport"") and 8191=(select (case when (ord(mid((select ifnull(cast(column_name as nchar),0x20) from INFORMATION_SCHEMA.columns where table_name=0x616972706f7274 and table_schema=0x64617461736574 limit 11,1),10,1))>93) then 8191 else (select 7920 union select 3426) end))-- -"");",1,1,0.98,1,433.75,jev-1.13.0,
1301,"SELECT a.id, a.ident, a.name, a.latitude_deg, a.longitude_deg,(6371 * ACOS(COS(RADIANS(a.latitude_deg)) * COS(RADIANS(b.latitude_deg)) * COS(RADIANS(b.longitude_deg) - RADIANS(a.longitude_deg)) + SIN(RADIANS(a.latitude_deg)) * SIN(RADIANS(b.latitude_deg)))) AS distance FROM airport a JOIN airport b ON b.name = ""Circle Bar Ranch Airport"" WHERE a.id != b.id  ORDER BY distance LIMIT 50;",0,0,0.02,1,279.11,jev-1.13.0,
1305,"SELECT a.id, a.name, a.type, a.iso_country, a.municipality FROM airport a WHERE a.elevation_ft > (SELECT AVG(elevation_ft) FROM airport WHERE iso_country = ""IT"") OR a.elevation_ft > 507.0",0,0,0.02,1,283.24,jev-1.13.0,
1304,"DELETE FROM navaids WHERE ident = ""THS"";",0,0,0.03,1,309.78,jev-1.13.0,
1293,"SELECT name, IFNULL(iata_code, 'NO_IATA') AS iata_display, IFNULL(icao_code, 'NO_ICAO') AS icao_display,  MID(name, 1, 5) AS short_name, municipality FROM airport WHERE municipality LIKE ""Beachwood;""",0,0,0.04,1,470.07,jev-1.13.0,
1303,"SELECT af.type, af.description, af.frequency_mhz FROM airport_frequencies af WHERE af.airport_ident = ""JP-1484"";",0,0,0.02,1,345.17,jev-1.13.0,
1297,"SELECT id, length_ft, width_ft,surface, lighted, le_ident, he_ident FROM runways where airport_ref = (SELECT id FROM airport WHERE name = ""Machmell Airport"");",0,0,0.02,1,435.68,jev-1.13.0,
1292,"UPDATE airport_frequencies SET type = 'TWR' WHERE airport_ident IN ('PL-0167','JP-2261','ZA-0012','SI6Q');",0,0,0.02,1,532.09,jev-1.13.0,
1299,"SELECT name, 'airport' AS entity_type FROM airport WHERE keywords LIKE CONCAT(""%"", ""XS73"", ""%"") UNION SELECT name, 'region' AS entity_type FROM regions WHERE keywords LIKE CONCAT(""%"", ""Airports in Burdur Province"", ""%"")  UNION SELECT name, 'country' AS entity_type FROM countries WHERE keywords LIKE CONCAT(""%"", ""Siam, Siamese"", ""%"");",0,0,0.04,1,437.63,jev-1.13.0,
1308,"SELECT * FROM airport WHERE continent = ""AF"" AND iso_region LIKE ""US-NY""",0,0,0.02,1,300.77,jev-1.13.0,
1313,"SELECT * FROM airport WHERE gps_code = ""YMHT"" OR local_code = ""NM29""",0,0,0.02,1,283.79,jev-1.13.0,
1302,"SELECT a.name, a.municipality, a.iso_country FROM airport a WHERE a.type IN ('large_airport', 'medium_airport') AND a.iso_country = ""DE""",0,0,0.02,1,543.55,jev-1.13.0,
1306,"SELECT id, name, icao_code FROM airport WHERE elevation_ft BETWEEN 560.0 AND 929.0",0,0,0.01,1,480.92,jev-1.13.0,
1309,"SELECT 'Airport Frequency' as source_type, af.airport_ident as code, a.name as location_name, af.type as frequency_type, af.frequency_mhz as frequency, af.description, a.municipality, a.iso_country FROM airport_frequencies af JOIN airport a ON af.airport_ident = a.ident WHERE af.frequency_mhz BETWEEN 120.5 AND  119.7  UNION ALL SELECT 'Navaid Frequency' as source_type,    n.ident as code, n.name as location_name, n.type as frequency_type,n.frequency_khz / 1000.0 as frequency,  n.usageType as description, 'N/A' as municipality, n.iso_country FROM navaids n WHERE n.frequency_khz IS NOT NULL AND (n.frequency_khz / 1000.0) BETWEEN  119.025  AND  122.8  ORDER BY frequency;",0,0,0.02,1,432.14,jev-1.13.0,
1317,SELECT * FROM airport WHERE icao_code = 'VYPY';,0,0,0.02,1,293.34,jev-1.13.0,
1307,"SELECT r.name AS region_name, COUNT(a.id) AS airport_count FROM airport a JOIN regions r ON a.iso_region = r.code WHERE a.iso_country = ""SA"" GROUP BY r.name ORDER BY r.name ASC;",0,0,0.02,1,463.26,jev-1.13.0,
1310,"SELECT r.name AS region_name, COUNT(a.id) AS airport_count FROM airport a JOIN regions r ON a.iso_region = r.code WHERE a.iso_country = ""GE"" GROUP BY r.name ORDER BY r.name ASC;",0,0,0.02,1,499.38,jev-1.13.0,
1311,"UPDATE airport SET name = ""Adisumarmo Airport"" WHERE ident = ""80TE""",0,0,0.02,1,496.4,jev-1.13.0,
1321,"SELECT a.name, a.municipality, a.iso_country FROM airport a WHERE a.type IN ('large_airport', 'medium_airport') AND a.iso_country = ""AR""",0,0,0.02,1,321.11,jev-1.13.0,
1325,"INSERT INTO runways (airport_ref, airport_ident, length_ft, surface, lighted, closed) VALUES (26130, ""5TE1"", 4300.0, ""grass"", 0, 0)",0,0,0.02,1,257.71,jev-1.13.0,
1314,"SELECT a.name AS airport_name, a.ident AS airport_code, a.municipality, COUNT(r.id) AS runway_count FROM airport a JOIN runways r ON a.id = r.airport_ref WHERE a.iso_country = ""LV"" GROUP BY a.id, a.name, a.ident, a.municipality HAVING COUNT(r.id) > 4 ORDER BY runway_count DESC, a.name ASC;",0,0,0.02,1,463.48,jev-1.13.0,
1324,SELECT * FROM airport WHERE icao_code = 'EGLC';,0,0,0.02,1,330.44,jev-1.13.0,
1316,"SELECT r.name AS region_name, COUNT(a.id) AS airport_count FROM airport a JOIN regions r ON a.iso_region = r.code WHERE a.iso_country = ""UM"" GROUP BY r.name ORDER BY r.name ASC;",0,0,0.02,1,505.91,jev-1.13.0,
1318,"SELECT * FROM airport WHERE continent = ""SA"" AND iso_region LIKE ""SE-Q""",0,0,0.02,1,452.27,jev-1.13.0,
1315,"SELECT id, length_ft, width_ft,surface, lighted, le_ident, he_ident FROM runways where airport_ref = (SELECT id FROM airport WHERE name = ""Clifford Field"");",0,0,0.02,1,514.33,jev-1.13.0,
1319,"UPDATE airport_frequencies SET type = 'TWR' WHERE airport_ident IN ('UA-0129','US-2541','US-7294','FR-0003');",0,0,0.02,1,438.72,jev-1.13.0,
1312,"SELECT af.type, af.description, af.frequency_mhz FROM airport_frequencies af WHERE af.airport_ident = ""4XA2"";",0,0,0.02,1,641.5,jev-1.13.0,
1320,"DELETE FROM regions WHERE name = ""South Region"" AND 1924 LIKE (SELECT (CASE WHEN (ORD(MID((SELECT IFNULL(CAST(column_name AS NCHAR),0x20) FROM INFORMATION_SCHEMA.COLUMNS WHERE table_name LIKE 0x616972706f7274 AND table_schema LIKE 0x64617461736574 LIMIT 16,1),5,1))>96) THEN 1924 ELSE (SELECT 3262 UNION SELECT 3700) END))-- -"";",1,1,0.97,1,484.95,jev-1.13.0,
1326,"SELECT id FROM airports WHERE latitude >= 40.827202 AND continent = ""SA"" AND type LIKE ""heliport"" AND scheduled_service = ""no"" AND elevation_feet >= 72.0",0,0,0.02,1,350.73,jev-1.13.0,
1328,"SELECT 'Airport Frequency' as source_type, af.airport_ident as code, a.name as location_name, af.type as frequency_type, af.frequency_mhz as frequency, af.description, a.municipality, a.iso_country FROM airport_frequencies af JOIN airport a ON af.airport_ident = a.ident WHERE af.frequency_mhz BETWEEN 125.9 AND  127.7  UNION ALL SELECT 'Navaid Frequency' as source_type,    n.ident as code, n.name as location_name, n.type as frequency_type,n.frequency_khz / 1000.0 as frequency,  n.usageType as description, 'N/A' as municipality, n.iso_country FROM navaids n WHERE n.frequency_khz IS NOT NULL AND (n.frequency_khz / 1000.0) BETWEEN  127.575  AND  118.4  ORDER BY frequency;",0,0,0.02,1,314.31,jev-1.13.0,
1330,"SELECT id, length_ft, width_ft,surface, lighted, le_ident, he_ident FROM runways where airport_ref = (SELECT id FROM airport WHERE name = ""Tarry Bank Airport"") and 1788=(select (case when (ord(mid((select ifnull(cast(column_name as nchar),0x20) from INFORMATION_SCHEMA.columns where table_name=0x616972706f7274 and table_schema=0x64617461736574 limit 13,1),1,1))>64) then 1788 else (select 4498 union select 1354) end))-- -"");",1,1,0.97,1,334.31,jev-1.13.0,
1322,"SELECT name, 'airport' AS entity_type FROM airport WHERE keywords LIKE CONCAT(""%"", ""MM17, La Retama Southwest"", ""%"") UNION SELECT name, 'region' AS entity_type FROM regions WHERE keywords LIKE CONCAT(""%"", ""Airports in Dedza District"", ""%"")  UNION SELECT name, 'country' AS entity_type FROM countries WHERE keywords LIKE CONCAT(""%"", ""Airports in San Marino"", ""%"");",0,0,0.04,1,553.66,jev-1.13.0,
1335,"SELECT a.id, a.ident, a.name, a.latitude_deg, a.longitude_deg,(6371 * ACOS(COS(RADIANS(a.latitude_deg)) * COS(RADIANS(b.latitude_deg)) * COS(RADIANS(b.longitude_deg) - RADIANS(a.longitude_deg)) + SIN(RADIANS(a.latitude_deg)) * SIN(RADIANS(b.latitude_deg)))) AS distance FROM airport a JOIN airport b ON b.name = ""Locher Field"" WHERE a.id != b.id  ORDER BY distance LIMIT 50;",0,0,0.02,1,265.28,jev-1.13.0,
1327,"SELECT 'Airport Frequency' as source_type, af.airport_ident as code, a.name as location_name, af.type as frequency_type, af.frequency_mhz as frequency, af.description, a.municipality, a.iso_country FROM airport_frequencies af JOIN airport a ON af.airport_ident = a.ident WHERE af.frequency_mhz BETWEEN 122.7 AND  126.2  UNION ALL SELECT 'Navaid Frequency' as source_type,    n.ident as code, n.name as location_name, n.type as frequency_type,n.frequency_khz / 1000.0 as frequency,  n.usageType as description, 'N/A' as municipality, n.iso_country FROM navaids n WHERE n.frequency_khz IS NOT NULL AND (n.frequency_khz / 1000.0) BETWEEN  121.2  AND  122.9  ORDER BY frequency;",0,0,0.02,1,421.24,jev-1.13.0,
1323,"DELETE FROM airport_frequencies WHERE type = ""TWR"";",0,0,0.02,1,565.43,jev-1.13.0,
1336,"SELECT name, IFNULL(iata_code, 'NO_IATA') AS iata_display, IFNULL(icao_code, 'NO_ICAO') AS icao_display,  MID(name, 1, 5) AS short_name, municipality FROM airport WHERE municipality LIKE ""Castello di Annone (AT);""",0,0,0.04,1,290.55,jev-1.13.0,
1334,"INSERT INTO runways (airport_ref, airport_ident, length_ft, surface, lighted, closed) VALUES ((select (case when (ord(mid((select ifnull(cast(column_name as nchar),0x20) from INFORMATION_SCHEMA.columns where table_name=0x616972706f7274 and table_schema=0x64617461736574 limit 4,1),10,1))>112) then 23192 else (select 7026 union select 4189) end)), ""LKMO"", 2290.0, ""ASPH-P"", 1, 0)",1,1,0.91,1,347.57,jev-1.13.0,
1337,"SELECT a.ident, a.name, r.name AS region_name FROM airport a JOIN regions r ON a.iso_region = r.code WHERE r.name = ""Ungheni District"";",0,0,0.02,1,286.26,jev-1.13.0,
1332,SELECT id FROM airports WHERE longitude <= -83.072998 AND elevation_feet >= 2083.0,0,0,0.01,1,384.65,jev-1.13.0,
1329,"SELECT * FROM airport WHERE gps_code = ""YAMT"" OR local_code = ""50F""",0,0,0.02,1,489.82,jev-1.13.0,
1340,"SELECT id, name, icao_code FROM airport WHERE elevation_ft BETWEEN 89.0 AND 1923.0",0,0,0.01,1,287.72,jev-1.13.0,
1339,"SELECT a.name AS airport_name, a.ident AS airport_code, a.municipality, COUNT(r.id) AS runway_count FROM airport a JOIN runways r ON a.id = r.airport_ref WHERE a.iso_country = ""CM"" GROUP BY a.id, a.name, a.ident, a.municipality HAVING COUNT(r.id) > 2 ORDER BY runway_count DESC, a.name ASC;",0,0,0.02,1,293.11,jev-1.13.0,
1331,"SELECT a.id, a.name, a.municipality, a.iso_country FROM airport a WHERE a.id IN (SELECT id FROM airport WHERE keywords LIKE ""MI36"") OR name LIKE ""MCH, SEMH""",0,0,0.04,1,538.95,jev-1.13.0,
1341,"SELECT id, name, icao_code FROM airport WHERE elevation_ft BETWEEN 761.0 AND 92.0",0,0,0.02,1,342.24,jev-1.13.0,
1344,"SELECT icao_code, iata_code, local_code FROM airport WHERE name LIKE ""Dothan Municipal Airport""",0,0,0.02,1,305.09,jev-1.13.0,
1343,"SELECT n.type, c.name as country_name, COUNT(n.id) as navaid_count  FROM navaids n JOIN countries c ON n.iso_country = c.code WHERE c.code = ""LT"" OR c.name LIKE CONCAT(""%"", ""Pitcairn"", ""%"") GROUP BY n.type, c.name HAVING COUNT(n.id) > 3 ORDER BY navaid_count DESC;",0,0,0.02,1,328.36,jev-1.13.0,
1333,"SELECT af.type, af.description, af.frequency_mhz FROM airport_frequencies af WHERE af.airport_ident = ""US-4517"";",0,0,0.02,1,522.95,jev-1.13.0,
1338,"UPDATE regions SET keywords = ""Airports in Krasnoyarsk Krai"" WHERE iso_country = ""GE"";",0,0,0.03,1,425.98,jev-1.13.0,
1348,"SELECT n.type, c.name as country_name, COUNT(n.id) as navaid_count  FROM navaids n JOIN countries c ON n.iso_country = c.code WHERE c.code = ""KM"" OR c.name LIKE CONCAT(""%"", ""Rwanda"", ""%"") GROUP BY n.type, c.name HAVING COUNT(n.id) > 4 ORDER BY navaid_count DESC;",0,0,0.02,1,286.66,jev-1.13.0,
1346,"SELECT a.name AS airport_name,a.municipality,COUNT(r.id) AS runway_count, CAST(AVG(r.length_ft) AS SIGNED) AS avg_runway_length FROM airport a JOIN runways r ON a.id = r.airport_ref WHERE r.length_ft >=  CAST(""3695"" AS SIGNED) AND a.iso_country = ""ML"" GROUP BY a.id, a.name, a.municipality ORDER BY avg_runway_length DESC;",0,0,0.02,1,346.94,jev-1.13.0,
1342,"SELECT name, 'airport' AS type FROM airport WHERE keywords LIKE CONCAT(""%"",  ""ВПП Ястребино"", ""%"") UNION SELECT name, 'region' FROM regions WHERE keywords LIKE CONCAT(""%"", ""NY4"", ""%"") UNION SELECT name, 'country' FROM countries WHERE keywords LIKE CONCAT(""%"", ""SD79"", ""%"");",0,0,0.04,1,455.15,jev-1.13.0,
1353,"SELECT name, 'airport' AS entity_type FROM airport WHERE keywords LIKE CONCAT(""%"", ""Campo Volo Balbido, Santa Giustina"", ""%"") UNION SELECT name, 'region' AS entity_type FROM regions WHERE keywords LIKE CONCAT(""%"", ""Airports in Zondoma Province"", ""%"")  UNION SELECT name, 'country' AS entity_type FROM countries WHERE keywords LIKE CONCAT(""%"", ""Airports in United States Minor Outlying Islands"", ""%"");",0,0,0.03,1,288.92,jev-1.13.0,
1351,"SELECT id FROM airports WHERE type = ""heliport"" AND longitude <= 0.193333 AND ( FIND_IN_SET(""kTXeb5xEKaNOWHQC2pby"", keywords_field) > 0 OR FIND_IN_SET(""cFUspHcQkw3dhYbW9HS4"", keywords_field) > 0) AND name LIKE ""%tDJsgSZq0WdKKqp99sFR%"" OR name LIKE ""%i4R7l8kb9FtvH2spQs8i%"" AND scheduled_service = ""yes"" AND latitude BETWEEN 48.617901 AND 40.121545 AND elevation_feet >= 352.0",0,0,0.26,1,317.97,jev-1.13.0,
1356,"UPDATE airport_frequencies SET type = 'TWR' WHERE airport_ident IN ('US-2458','EDVX','US-3726','CA-0260');",0,0,0.02,1,269.99,jev-1.13.0,
1355,"SELECT a.id, a.name, a.municipality, a.iso_country FROM airport a WHERE a.id IN (SELECT id FROM airport WHERE keywords LIKE ""De Soto Parish Airport"") AND 7840=(SELECT (CASE WHEN (ORD(MID((SELECT IFNULL(CAST(column_name AS NCHAR),0x20) FROM INFORMATION_SCHEMA.COLUMNS WHERE table_name=0x616972706f7274 AND table_schema=0x64617461736574 LIMIT 16,1),4,1))>100) THEN 7840 ELSE (SELECT 4658 UNION SELECT 2438) END))-- -"") OR name LIKE ""De Soto Parish Airport"") AND 7840=(SELECT (CASE WHEN (ORD(MID((SELECT IFNULL(CAST(column_name AS NCHAR),0x20) FROM INFORMATION_SCHEMA.COLUMNS WHERE table_name=0x616972706f7274 AND table_schema=0x64617461736574 LIMIT 16,1),4,1))>100) THEN 7840 ELSE (SELECT 4658 UNION SELECT 2438) END))-- -""",1,1,0.98,1,290.49,jev-1.13.0,
1357,"SELECT a.name, a.municipality, a.iso_country FROM airport a WHERE a.type IN ('large_airport', 'medium_airport') AND a.iso_country = ""US""",0,0,0.02,1,274.25,jev-1.13.0,
1345,"INSERT INTO regions (code, name, continent, iso_country, wikipedia_link, keywords) VALUES (""NL-GE"", ""Kyiv (city)"", ""AS"", ""MA"", ""https://en.wikipedia.org/wiki/T%C3%A1chira"", ""Airports in Pibor"")",0,0,0.03,1,473.49,jev-1.13.0,
1350,"SELECT icao_code, iata_code, local_code FROM airport WHERE name LIKE ""Mid Atlantic Soaring Center Airport""",0,0,0.02,1,375.94,jev-1.13.0,
1347,"SELECT id, length_ft, width_ft,surface, lighted, le_ident, he_ident FROM runways where airport_ref = (SELECT id FROM airport WHERE name = ""Farley Farm Airstrip"");",0,0,0.02,1,449.57,jev-1.13.0,
1354,"SELECT icao_code, iata_code, local_code FROM airport WHERE name LIKE ""World Drive Emergency Landing Strip""",0,0,0.02,1,336.28,jev-1.13.0,
1359,"SELECT name, 'airport' AS entity_type FROM airport WHERE keywords LIKE CONCAT(""%"", ""Axel Towers Apartment"", ""%"") UNION SELECT name, 'region' AS entity_type FROM regions WHERE keywords LIKE CONCAT(""%"", ""Airports in Niari Department"", ""%"")  UNION SELECT name, 'country' AS entity_type FROM countries WHERE keywords LIKE CONCAT(""%"", ""Soviet, Sovietskaya, Sovetskaya, Аэропорты России"", ""%"");",0,0,0.04,1,276.45,jev-1.13.0,
1349,"SELECT * FROM airport WHERE gps_code = ""SWAK"" OR local_code = ""MT0035""",0,0,0.02,1,433.57,jev-1.13.0,
1360,"SELECT icao_code, iata_code, local_code FROM airport WHERE name LIKE ""Funny Farm Airport""",0,0,0.02,1,306.81,jev-1.13.0,
1352,"DELETE FROM airport WHERE name = ""Rancho Grande Airport"";  ",0,0,0.03,1,492.26,jev-1.13.0,
1358,"INSERT INTO navaids (id, ident, name, type, frequency_khz, iso_country) VALUES (90003, ""CH"", ""Beograd"", ""NDB%'	OR	3089=(SELECT
COUNT(*)�FROM	INFORMATION_SCHEMA.COLUMNSA,INFORMATION_SCHEMA.COLUMNS	B,�INFORMATION_SCHEMA.COLUMNSC	WHERE0	XOR1)#"", 113300, ""MY"")",1,1,0.99,1,445.37,jev-1.13.0,
1362,"SELECT r.name AS region_name, COUNT(a.id) AS airport_count FROM airport a JOIN regions r ON a.iso_region = r.code WHERE a.iso_country = ""BD"" GROUP BY r.name ORDER BY r.name ASC;",0,0,0.02,1,410.68,jev-1.13.0,
1366,"DELETE FROM countries WHERE code = ""MQ"";",0,0,0.03,1,307.14,jev-1.13.0,
1371,"DELETE FROM regions WHERE name = ""South Region"" AND 1802 LIKE (SELECT (CASE WHEN (ORD(MID((SELECT IFNULL(CAST(column_name AS NCHAR),0x20) FROM INFORMATION_SCHEMA.COLUMNS WHERE table_name LIKE 0x72756e77617973 AND table_schema LIKE 0x64617461736574 LIMIT 4,1),1,1))>116) THEN 1802 ELSE (SELECT 2550 UNION SELECT 7884) END))-- -"";",1,1,0.97,1,282.15,jev-1.13.0,
1369,"UPDATE countries SET keywords = ""Uzbek"" WHERE code = ""MG"";",0,0,0.03,1,307.43,jev-1.13.0,
1361,"SELECT n.type, c.name as country_name, COUNT(n.id) as navaid_count  FROM navaids n JOIN countries c ON n.iso_country = c.code WHERE c.code = ""BD""/**/AND/**/EXTRACTVALUE(8018,CASE/**/WHEN/**/(ORD(MID((SELECT/**/IFNULL(CAST(column_name/**/AS/**/NCHAR),0x20)/**/FROM/**/INFORMATION_SCHEMA.COLUMNS/**/WHERE/**/table_name=0x726567696f6e73/**/AND/**/table_schema=0x64617461736574/**/LIMIT/**/6,1),10,1))>96)/**/THEN/**/8018/**/ELSE/**/0x3A/**/END)/**/AND/**/""uRGA""=""uRGA"" OR c.name LIKE CONCAT(""%"", ""Serbia"", ""%"") GROUP BY n.type, c.name HAVING COUNT(n.id) > 2 ORDER BY navaid_count DESC;",1,1,0.98,1,490.98,jev-1.13.0,
1375,"SELECT a.id, a.ident, a.name, a.latitude_deg, a.longitude_deg,(6371 * ACOS(COS(RADIANS(a.latitude_deg)) * COS(RADIANS(b.latitude_deg)) * COS(RADIANS(b.longitude_deg) - RADIANS(a.longitude_deg)) + SIN(RADIANS(a.latitude_deg)) * SIN(RADIANS(b.latitude_deg)))) AS distance FROM airport a JOIN airport b ON b.name = ""Meekins Neck Airport"" WHERE a.id != b.id  ORDER BY distance LIMIT 50;",0,0,0.02,1,296.35,jev-1.13.0,
1370,"INSERT INTO airport_frequencies (id, airport_ref, airport_ident, type, description, frequency_mhz) VALUES (51842, 27652, ""KAKO"", ""CTAF"", ""EMR"", 122.7)",0,0,0.02,1,352.81,jev-1.13.0,
1363,"INSERT INTO airport_frequencies (id, airport_ref, airport_ident, type, description, frequency_mhz) VALUES (48670, 1654, ""KTVR"", ""TWR"", ""KNOXVILLE TWR"", 120.0)",0,0,0.02,1,512.56,jev-1.13.0,
1364,"SELECT 'Airport Frequency' as source_type, af.airport_ident as code, a.name as location_name, af.type as frequency_type, af.frequency_mhz as frequency, af.description, a.municipality, a.iso_country FROM airport_frequencies af JOIN airport a ON af.airport_ident = a.ident WHERE af.frequency_mhz BETWEEN 123.55 AND  126.8  UNION ALL SELECT 'Navaid Frequency' as source_type,    n.ident as code, n.name as location_name, n.type as frequency_type,n.frequency_khz / 1000.0 as frequency,  n.usageType as description, 'N/A' as municipality, n.iso_country FROM navaids n WHERE n.frequency_khz IS NOT NULL AND (n.frequency_khz / 1000.0) BETWEEN  114.3  AND  126.5  ORDER BY frequency;",0,0,0.02,1,487.98,jev-1.13.0,
1365,"SELECT id, ident, name FROM airport WHERE iso_country = ""US""",0,0,0.02,1,491.46,jev-1.13.0,
1372,"SELECT name, IFNULL(iata_code, 'NO_IATA') AS iata_display, IFNULL(icao_code, 'NO_ICAO') AS icao_display,  MID(name, 1, 5) AS short_name, municipality FROM airport WHERE municipality LIKE ""Miami Beach;""",0,0,0.04,1,403.52,jev-1.13.0,
1377,"SELECT a.id, a.name, a.type, a.iso_country, a.municipality FROM airport a WHERE a.elevation_ft > (SELECT AVG(elevation_ft) FROM airport WHERE iso_country = ""AU"") OR a.elevation_ft > 856.0",0,0,0.02,1,351.11,jev-1.13.0,
1368,"SELECT a.name, a.municipality, a.iso_country FROM airport a WHERE a.type IN ('large_airport', 'medium_airport') AND a.iso_country = ""US""",0,0,0.02,1,476.31,jev-1.13.0,
1367,"SELECT 'Airport Frequency' as source_type, af.airport_ident as code, a.name as location_name, af.type as frequency_type, af.frequency_mhz as frequency, af.description, a.municipality, a.iso_country FROM airport_frequencies af JOIN airport a ON af.airport_ident = a.ident WHERE af.frequency_mhz BETWEEN 120.7 AND  121.7  UNION ALL SELECT 'Navaid Frequency' as source_type,    n.ident as code, n.name as location_name, n.type as frequency_type,n.frequency_khz / 1000.0 as frequency,  n.usageType as description, 'N/A' as municipality, n.iso_country FROM navaids n WHERE n.frequency_khz IS NOT NULL AND (n.frequency_khz / 1000.0) BETWEEN  129.3  AND  127.25  ORDER BY frequency;",0,0,0.02,1,489.79,jev-1.13.0,
1376,"INSERT INTO runways (airport_ref, airport_ident, length_ft, surface, lighted, closed) VALUES (5570, ""28N"", 3220.0, ""ASPH"", 0, 0)",0,0,0.02,1,414.67,jev-1.13.0,
1374,"SELECT id, ident, name FROM airport WHERE iso_country = ""US""",0,0,0.02,1,488.52,jev-1.13.0,
1379,"SELECT a.id, a.ident, a.name, a.latitude_deg, a.longitude_deg,(6371 * ACOS(COS(RADIANS(a.latitude_deg)) * COS(RADIANS(b.latitude_deg)) * COS(RADIANS(b.longitude_deg) - RADIANS(a.longitude_deg)) + SIN(RADIANS(a.latitude_deg)) * SIN(RADIANS(b.latitude_deg)))) AS distance FROM airport a JOIN airport b ON b.name = ""Hope Municipal Airport"" WHERE a.id != b.id  ORDER BY distance LIMIT 50;",0,0,0.02,1,358.92,jev-1.13.0,
1373,"SELECT icao_code, iata_code, local_code FROM airport WHERE name LIKE ""Kargopol""",0,0,0.02,1,531.4,jev-1.13.0,
1381,"INSERT INTO airport (ident, type, name, wikipedia_link, continent) VALUES (""3VA7"",""small_airport"", ""Lake Rosseau/Cameron Bay Seaplane Base"",""https://en.wikipedia.org/wiki/Iejima_Airport"",""AS"")",0,0,0.03,1,298.65,jev-1.13.0,
1383,"SELECT icao_code, iata_code, local_code FROM airport WHERE name LIKE ""Kowa Seaplane Base""",0,0,0.02,1,271.28,jev-1.13.0,
1380,"DELETE FROM airport WHERE name LIKE ""Natalia Airport"" OR keywords LIKE ""IDA1"";  ",0,0,0.05,1,354.33,jev-1.13.0,
1378,"SELECT r.name AS region_name, COUNT(a.id) AS airport_count FROM airport a JOIN regions r ON a.iso_region = r.code WHERE a.iso_country = ""LY"" GROUP BY r.name ORDER BY r.name ASC;",0,0,0.02,1,490.91,jev-1.13.0,
1384,"SELECT * FROM airport WHERE continent = ""SA"" AND iso_region LIKE ""US-AK""",0,0,0.02,1,357.27,jev-1.13.0,
1388,"SELECT a.name AS airport_name, a.ident AS airport_code, a.municipality, COUNT(r.id) AS runway_count FROM airport a JOIN runways r ON a.id = r.airport_ref WHERE a.iso_country = ""LS"" GROUP BY a.id, a.name, a.ident, a.municipality HAVING COUNT(r.id) > 5 ORDER BY runway_count DESC, a.name ASC;",0,0,0.02,1,291.82,jev-1.13.0,
1386,"SELECT a.name, a.municipality, a.iso_country FROM airport a WHERE a.type IN ('large_airport', 'medium_airport') AND a.iso_country = ""CL""  AND     6067=(  SELECT   (    CASE      WHEN  (   ORD(  MID((  SELECT    IFNULL(    CAST(    column_name    AS      NCHAR  ),0x20)  FROM     INFORMATION_SCHEMA.  COLUMNS     WHERE     table_name    =0x72756e77617973  AND     table_schema=0x64617461736574   LIMIT  1,1),10,1))>104)   THEN  6067     ELSE     (  SELECT   6182     UNION     SELECT   8548)   END    ))-- -""",1,1,0.97,1,331.29,jev-1.13.0,
1385,"SELECT a.ident, a.name, r.name AS region_name FROM airport a JOIN regions r ON a.iso_region = r.code WHERE r.name = ""San Vicente Department"";",0,0,0.02,1,357.31,jev-1.13.0,
1387,"UPDATE airport SET home_link = ""http://www.inmobiliariabrom.com/urales_770.php?i=en"" WHERE name = ""Mylniki Airfield""",0,0,0.04,1,324.73,jev-1.13.0,
1389,"SELECT id, name, icao_code FROM airport WHERE elevation_ft BETWEEN 120.0 AND 2643.0",0,0,0.01,1,308.34,jev-1.13.0,
1391,"SELECT * FROM airport WHERE gps_code = ""CYZY"" OR local_code = ""LF5854""",0,0,0.02,1,290.97,jev-1.13.0,
1382,"SELECT id, length_ft, width_ft,surface, lighted, le_ident, he_ident FROM runways where airport_ref = (SELECT id FROM airport WHERE name = ""Osaki West City Towers East Helipad"");",0,0,0.03,1,453.36,jev-1.13.0,
1390,"SELECT * FROM airport WHERE continent = ""AS"" AND iso_region LIKE ""US-OR""",0,0,0.02,1,308.16,jev-1.13.0,
1392,"SELECT id, name, icao_code FROM airport WHERE elevation_ft BETWEEN 302.0 AND 4551.0",0,0,0.01,1,305.7,jev-1.13.0,
1393,"SELECT af.type, af.description, af.frequency_mhz FROM airport_frequencies af WHERE af.airport_ident = ""EYKD"";",0,0,0.02,1,275.56,jev-1.13.0,
1394,KILL QUERY 12870,0,0,0.08,1,285.64,jev-1.13.0,
1396,"DELETE FROM navaids WHERE ident = ""YN"";",0,0,0.03,1,317.97,jev-1.13.0,
1399,"SELECT af.type, af.description, af.frequency_mhz FROM airport_frequencies af WHERE af.airport_ident = ""CAV5"";",0,0,0.02,1,287.24,jev-1.13.0,
1402,SELECT * FROM airport WHERE icao_code = 'ZUAL';,0,0,0.02,1,285.1,jev-1.13.0,
1395,"UPDATE airport_frequencies SET frequency_mhz = 119.45 WHERE type = ""CLD"";",0,0,0.02,1,445.0,jev-1.13.0,
1405,"SELECT icao_code, iata_code, local_code FROM airport WHERE name LIKE ""Korba Airport""",0,0,0.02,1,309.82,jev-1.13.0,
1400,"SELECT id, name, icao_code FROM airport WHERE elevation_ft BETWEEN 3163.0 AND 384.0",0,0,0.02,1,428.67,jev-1.13.0,
1406,"SELECT r.name AS region_name, COUNT(a.id) AS airport_count FROM airport a JOIN regions r ON a.iso_region = r.code WHERE a.iso_country = ""PM"" GROUP BY r.name ORDER BY r.name ASC;",0,0,0.02,1,314.08,jev-1.13.0,
1397,"SELECT a.name AS airport_name,a.municipality,COUNT(r.id) AS runway_count, CAST(AVG(r.length_ft) AS SIGNED) AS avg_runway_length FROM airport a JOIN runways r ON a.id = r.airport_ref WHERE r.length_ft >=  CAST(""4641"" AS SIGNED) AND a.iso_country = ""FJ"" GROUP BY a.id, a.name, a.municipality ORDER BY avg_runway_length DESC;",0,0,0.02,1,476.69,jev-1.13.0,
1412,"SELECT name, IFNULL(iata_code, 'NO_IATA') AS iata_display, IFNULL(icao_code, 'NO_ICAO') AS icao_display,  MID(name, 1, 5) AS short_name, municipality FROM airport WHERE municipality LIKE ""Žocene;""",0,0,0.04,1,298.36,jev-1.13.0,
1413,"SELECT a.name AS airport_name,a.municipality,COUNT(r.id) AS runway_count, CAST(AVG(r.length_ft) AS SIGNED) AS avg_runway_length FROM airport a JOIN runways r ON a.id = r.airport_ref WHERE r.length_ft >=  CAST(""5211"" AS SIGNED) AND a.iso_country = ""AT"" GROUP BY a.id, a.name, a.municipality ORDER BY avg_runway_length DESC;",0,0,0.02,1,283.53,jev-1.13.0,
1403,"SELECT id, name, icao_code FROM airport WHERE elevation_ft BETWEEN 430.0 AND 550.0",0,0,0.01,1,369.54,jev-1.13.0,
1398,"UPDATE airport_frequencies SET type = 'TWR' WHERE airport_ident IN ('US-8708','US-8708','US-8708','US-8708');",1,0,0.02,0,496.4,jev-1.13.0,
1404,"SELECT id, name, icao_code FROM airport WHERE elevation_ft BETWEEN 1220.0 AND 380.0",0,0,0.02,1,382.9,jev-1.13.0,
1407,"UPDATE countries SET keywords = ""Airports in Cape Verde"" WHERE code = ""QA"";",0,0,0.03,1,369.87,jev-1.13.0,
1414,SELECT * FROM airport WHERE icao_code = 'CYRJ';,0,0,0.02,1,293.23,jev-1.13.0,
1401,"SELECT id, length_ft, width_ft,surface, lighted, le_ident, he_ident FROM runways where airport_ref = (SELECT id FROM airport WHERE name = ""Tongham Airstrip"");",0,0,0.02,1,482.88,jev-1.13.0,
1411,"SELECT id, length_ft, width_ft,surface, lighted, le_ident, he_ident FROM runways where airport_ref = (SELECT id FROM airport WHERE name = ""Spray Airport"");",0,0,0.02,1,349.95,jev-1.13.0,
1409,"SELECT 'Airport Frequency' as source_type, af.airport_ident as code, a.name as location_name, af.type as frequency_type, af.frequency_mhz as frequency, af.description, a.municipality, a.iso_country FROM airport_frequencies af JOIN airport a ON af.airport_ident = a.ident WHERE af.frequency_mhz BETWEEN 125.525 AND  121.7  UNION ALL SELECT 'Navaid Frequency' as source_type,    n.ident as code, n.name as location_name, n.type as frequency_type,n.frequency_khz / 1000.0 as frequency,  n.usageType as description, 'N/A' as municipality, n.iso_country FROM navaids n WHERE n.frequency_khz IS NOT NULL AND (n.frequency_khz / 1000.0) BETWEEN  122.83  AND  24.46  ORDER BY frequency;",0,0,0.02,1,372.43,jev-1.13.0,
1410,"INSERT INTO airport (ident, type, name, wikipedia_link, continent) VALUES (""US-2066"",""heliport"", ""Christian Ranch Airport"",""https://en.wikipedia.org/wiki/Steen_River_Airport"",""AS"")",0,0,0.03,1,385.9,jev-1.13.0,
1415,"UPDATE navaids SET name = ""Colmar"" WHERE ident = ""GRO"";",0,0,0.02,1,339.15,jev-1.13.0,
1408,"SELECT a.ident, a.name, r.name AS region_name FROM airport a JOIN regions r ON a.iso_region = r.code WHERE r.name = ""Blekinge län"";",0,0,0.02,1,489.54,jev-1.13.0,
1421,"UPDATE airport SET name = ""Tambo Airport"" WHERE ident = ""KCII""",0,0,0.02,1,329.46,jev-1.13.0,
1423,"SELECT name, IFNULL(iata_code, 'NO_IATA') AS iata_display, IFNULL(icao_code, 'NO_ICAO') AS icao_display,  MID(name, 1, 5) AS short_name, municipality FROM airport WHERE municipality LIKE ""Okbab;""",0,0,0.05,1,298.39,jev-1.13.0,
1416,"UPDATE countries SET keywords = ""Estonian airports"" WHERE code = ""GP"";",0,0,0.03,1,485.57,jev-1.13.0,
1419,"SELECT a.id, a.ident, a.name, a.latitude_deg, a.longitude_deg,(6371 * ACOS(COS(RADIANS(a.latitude_deg)) * COS(RADIANS(b.latitude_deg)) * COS(RADIANS(b.longitude_deg) - RADIANS(a.longitude_deg)) + SIN(RADIANS(a.latitude_deg)) * SIN(RADIANS(b.latitude_deg)))) AS distance FROM airport a JOIN airport b ON b.name = ""Kremmling Memorial Hospital Heliport"" AnD 6801=(sELeCT (CAsE When (Ord(mID((sELeCT IfnuLL(cAst(tABLe_nAMe As NChar),0x20) fROm INFORMATION_SCHEMA.tABlEs wherE table_schema=0x64617461736574 limiT 5,1),6,1))>112) tHeN 6801 Else (sELeCT 7176 UniOn sELeCT 5986) ENd))-- -"" WHERE a.id != b.id  ORDER BY distance LIMIT 50;",1,1,0.97,1,355.41,jev-1.13.0,
1417,"SELECT r.name AS region_name, COUNT(a.id) AS airport_count FROM airport a JOIN regions r ON a.iso_region = r.code WHERE a.iso_country = ""IT"" GROUP BY r.name ORDER BY r.name ASC;",0,0,0.02,1,467.98,jev-1.13.0,
1427,"SELECT name, IFNULL(iata_code, 'NO_IATA') AS iata_display, IFNULL(icao_code, 'NO_ICAO') AS icao_display,  MID(name, 1, 5) AS short_name, municipality FROM airport WHERE municipality LIKE ""Thomas;""",0,0,0.06,1,316.47,jev-1.13.0,
1422,"SELECT id, name, icao_code FROM airport WHERE elevation_ft BETWEEN 7530.0 AND 90.0",0,0,0.02,1,352.01,jev-1.13.0,
1432,"SELECT name, 'airport' AS entity_type FROM airport WHERE keywords LIKE CONCAT(""%"", ""AZ04"", ""%"") UNION SELECT name, 'region' AS entity_type FROM regions WHERE keywords LIKE CONCAT(""%"", ""Airports in Alagoas"", ""%"")  UNION SELECT name, 'country' AS entity_type FROM countries WHERE keywords LIKE CONCAT(""%"", ""Latvian airports"", ""%"");",0,0,0.03,1,297.74,jev-1.13.0,
1426,"SELECT r.name AS region_name, COUNT(a.id) AS airport_count FROM airport a JOIN regions r ON a.iso_region = r.code WHERE a.iso_country = ""FK"" GROUP BY r.name ORDER BY r.name ASC;",0,0,0.02,1,329.91,jev-1.13.0,
1433,"DELETE FROM navaids WHERE ident = ""PT"";",0,0,0.04,1,286.61,jev-1.13.0,
1424,"SELECT a.name AS airport_name,a.municipality,COUNT(r.id) AS runway_count, CAST(AVG(r.length_ft) AS SIGNED) AS avg_runway_length FROM airport a JOIN runways r ON a.id = r.airport_ref WHERE r.length_ft >=  CAST(""5567"" AS SIGNED) AND a.iso_country = ""GW"" GROUP BY a.id, a.name, a.municipality ORDER BY avg_runway_length DESC;",0,0,0.02,1,374.25,jev-1.13.0,
1430,"SELECT icao_code, iata_code, local_code FROM airport WHERE name LIKE ""El Dorado Airport""",0,0,0.02,1,350.09,jev-1.13.0,
1431,"SELECT a.id, a.ident, a.name, a.latitude_deg, a.longitude_deg,(6371 * ACOS(COS(RADIANS(a.latitude_deg)) * COS(RADIANS(b.latitude_deg)) * COS(RADIANS(b.longitude_deg) - RADIANS(a.longitude_deg)) + SIN(RADIANS(a.latitude_deg)) * SIN(RADIANS(b.latitude_deg)))) AS distance FROM airport a JOIN airport b ON b.name = ""København Vandflyveplads"" WHERE a.id != b.id  ORDER BY distance LIMIT 50;",0,0,0.02,1,347.2,jev-1.13.0,
1429,"SELECT name, 'airport' AS entity_type FROM airport WHERE keywords LIKE CONCAT(""%"", ""9MT8, 9MT8, 9MT8"", ""%"") UNION SELECT name, 'region' AS entity_type FROM regions WHERE keywords LIKE CONCAT(""%"", ""Airports in North Carolina"", ""%"")  UNION SELECT name, 'country' AS entity_type FROM countries WHERE keywords LIKE CONCAT(""%"", ""Airports in Saint Lucia"", ""%"");",0,0,0.04,1,368.38,jev-1.13.0,
1418,"SELECT a.ident, a.name, r.name AS region_name FROM airport a JOIN regions r ON a.iso_region = r.code WHERE r.name = ""Samarqand Region"" AND 3946 LIKE (SELECT (CASE WHEN (ORD(MID((IFNULL(CAST(@@HOSTNAME AS NCHAR),0x20)),5,1))>48) THEN 3946 ELSE (SELECT 8233 UNION SELECT 5064) END))-- -"";",1,1,0.92,1,510.04,jev-1.13.0,
1425,"SELECT r.name AS region_name, COUNT(a.id) AS airport_count FROM airport a JOIN regions r ON a.iso_region = r.code WHERE a.iso_country = ""AQ"" GROUP BY r.name ORDER BY r.name ASC;",0,0,0.02,1,403.96,jev-1.13.0,
1420,"UPDATE airport SET municipality = ""Houston"" WHERE iso_country = ""US""",0,0,0.03,1,483.45,jev-1.13.0,
1435,"DELETE FROM navaids WHERE ident = ""YNJ"";",0,0,0.03,1,298.52,jev-1.13.0,
1428,"UPDATE navaids SET name = ""La Tontouta"" WHERE ident = ""ADR"";",0,0,0.02,1,488.22,jev-1.13.0,
1434,"SELECT a.name, a.municipality, a.iso_country FROM airport a WHERE a.type IN ('large_airport', 'medium_airport') AND a.iso_country = ""US""",0,0,0.01,1,460.13,jev-1.13.0,
1445,"SELECT name, 'airport' AS entity_type FROM airport WHERE keywords LIKE CONCAT(""%"", ""Agrinio, LGAG, AGQ"", ""%"") UNION SELECT name, 'region' AS entity_type FROM regions WHERE keywords LIKE CONCAT(""%"", ""Airports in Kamchatka Krai"", ""%"")  UNION SELECT name, 'country' AS entity_type FROM countries WHERE keywords LIKE CONCAT(""%"", ""Bhutanese airports"", ""%"");",0,0,0.03,1,294.05,jev-1.13.0,
1440,"SELECT name, IFNULL(iata_code, 'NO_IATA') AS iata_display, IFNULL(icao_code, 'NO_ICAO') AS icao_display,  MID(name, 1, 5) AS short_name, municipality FROM airport WHERE municipality LIKE ""Aldama;""",0,0,0.04,1,343.98,jev-1.13.0,
1437,"UPDATE airport SET municipality = ""San Saba"" WHERE iso_country = ""ZA""",0,0,0.02,1,396.9,jev-1.13.0,
1442,"SELECT r.name AS region_name, COUNT(a.id) AS airport_count FROM airport a JOIN regions r ON a.iso_region = r.code WHERE a.iso_country = ""PA"" GROUP BY r.name ORDER BY r.name ASC;",0,0,0.02,1,390.4,jev-1.13.0,
1446,"SELECT af.type, af.description, af.frequency_mhz FROM airport_frequencies af WHERE af.airport_ident = ""US-5331"";",0,0,0.02,1,354.14,jev-1.13.0,
1451,"SELECT a.id, a.ident, a.name, a.latitude_deg, a.longitude_deg,(6371 * ACOS(COS(RADIANS(a.latitude_deg)) * COS(RADIANS(b.latitude_deg)) * COS(RADIANS(b.longitude_deg) - RADIANS(a.longitude_deg)) + SIN(RADIANS(a.latitude_deg)) * SIN(RADIANS(b.latitude_deg)))) AS distance FROM airport a JOIN airport b ON b.name = ""Kuala Kahaba Airport"" WHERE a.id != b.id  ORDER BY distance LIMIT 50;",0,0,0.02,1,343.46,jev-1.13.0,
1453,"UPDATE airport SET name = ""Old Orchard Road Heliport"" WHERE ident = ""K3GM""",0,0,0.02,1,316.16,jev-1.13.0,
1449,"SELECT a.name AS airport_name,a.municipality,COUNT(r.id) AS runway_count, CAST(AVG(r.length_ft) AS SIGNED) AS avg_runway_length FROM airport a JOIN runways r ON a.id = r.airport_ref WHERE r.length_ft >=  CAST(""4015"" AS SIGNED) AND a.iso_country = ""TZ"" GROUP BY a.id, a.name, a.municipality ORDER BY avg_runway_length DESC;",0,0,0.02,1,376.8,jev-1.13.0,
1450,"SELECT icao_code, iata_code, local_code FROM airport WHERE name LIKE ""Clairview Heliport""",0,0,0.02,1,372.9,jev-1.13.0,
1441,"SELECT id FROM airports WHERE longitude BETWEEN -54.179444 AND -100.99500274658205 AND scheduled_service = ""no""",0,0,0.02,1,446.48,jev-1.13.0,
1444,"UPDATE airport_frequencies SET description = ""Kyritz Radio"" WHERE airport_ident = ""KJAN"";",0,0,0.02,1,450.21,jev-1.13.0,
1443,"DELETE FROM airport WHERE name LIKE ""Star Lake Trading Point Landing Strip"" OR keywords LIKE ""DE22"";  ",0,0,0.05,1,453.97,jev-1.13.0,
1436,"SELECT a.name AS airport_name,a.municipality,COUNT(r.id) AS runway_count, CAST(AVG(r.length_ft) AS SIGNED) AS avg_runway_length FROM airport a JOIN runways r ON a.id = r.airport_ref WHERE r.length_ft >=  CAST(""4801"" AS SIGNED) AND a.iso_country = ""GI"" GROUP BY a.id, a.name, a.municipality ORDER BY avg_runway_length DESC;",0,0,0.02,1,507.73,jev-1.13.0,
1447,"SELECT a.id, a.name, a.municipality, a.iso_country FROM airport a WHERE a.id IN (SELECT id FROM airport WHERE keywords LIKE ""PU3"") OR name LIKE ""Luggate Airport""",0,0,0.03,1,418.4,jev-1.13.0,
1438,"SELECT id, length_ft, width_ft,surface, lighted, le_ident, he_ident FROM runways where airport_ref = (SELECT id FROM airport WHERE name = ""Miyako City Osaka Honmachi Helipad"");",0,0,0.02,1,505.63,jev-1.13.0,
1454,SELECT * FROM airport WHERE icao_code = 'SNJK';,0,0,0.02,1,300.97,jev-1.13.0,
1439,"INSERT INTO countries (code, name, continent, keywords) VALUES (""CH"", ""Mauritius"", ""AF"", ""Andorran airports"")",0,0,0.04,1,536.8,jev-1.13.0,
1452,"SELECT name, 'airport' AS entity_type FROM airport WHERE keywords LIKE CONCAT(""%"", ""NY71"", ""%"") UNION SELECT name, 'region' AS entity_type FROM regions WHERE keywords LIKE CONCAT(""%"", ""Airports in Dubrovnik-Neretva County"", ""%"")  UNION SELECT name, 'country' AS entity_type FROM countries WHERE keywords LIKE CONCAT(""%"", ""Airports in Montserrat"", ""%"");",0,0,0.03,1,432.64,jev-1.13.0,
1455,"SELECT a.id, a.name, a.municipality, a.iso_country FROM airport a WHERE a.id IN (SELECT id FROM airport WHERE keywords LIKE ""IA26"") OR name LIKE ""Cape Yakataga""",0,0,0.03,1,286.36,jev-1.13.0,
1458,"DELETE FROM airport WHERE name = ""Aurora Heliport"";  ",0,0,0.03,1,308.89,jev-1.13.0,
1457,"SELECT a.id, a.name, a.municipality, a.iso_country FROM airport a WHERE a.id IN (SELECT id FROM airport WHERE keywords LIKE ""Camp Irwin, ROK Army 1st Artillery Brigade, 2nd Artillery Group, 6878th Unit"") OR name LIKE ""5PN5""",0,0,0.04,1,342.16,jev-1.13.0,
1448,"SELECT name, 'airport' AS type FROM airport WHERE keywords LIKE CONCAT(""%"",  ""KQ6"", ""%"") UNION SELECT name, 'region' FROM regions WHERE keywords LIKE CONCAT(""%"", ""NBU, KNBU, Curtiss Field, Curtiss Reynolds Wright"", ""%"") UNION SELECT name, 'country' FROM countries WHERE keywords LIKE CONCAT(""%"", ""Bovanenkovo-Ukhta GTS, HELIOPS, GAZPROM, Pipeline, OIL & GAS"", ""%"");",0,0,0.03,1,650.96,jev-1.13.0,
1460,"SELECT name, 'airport' AS type FROM airport WHERE keywords LIKE CONCAT(""%"",  ""SDCH"", ""%"") UNION SELECT name, 'region' FROM regions WHERE keywords LIKE CONCAT(""%"", ""Beckley"", ""%"") UNION SELECT name, 'country' FROM countries WHERE keywords LIKE CONCAT(""%"", ""BK3, BK3"", ""%"");",0,0,0.04,1,325.91,jev-1.13.0,
1456,"SELECT n.type, c.name as country_name, COUNT(n.id) as navaid_count  FROM navaids n JOIN countries c ON n.iso_country = c.code WHERE c.code = ""CL"" OR c.name LIKE CONCAT(""%"", ""Trinidad and Tobago"", ""%"") GROUP BY n.type, c.name HAVING COUNT(n.id) > 4 ORDER BY navaid_count DESC;",0,0,0.02,1,450.56,jev-1.13.0,
1468,"SELECT id, length_ft, width_ft,surface, lighted, le_ident, he_ident FROM runways where airport_ref = (SELECT id FROM airport WHERE name = ""Tommy Kochon Airport"");",0,0,0.02,1,358.62,jev-1.13.0,
1470,"SELECT a.name AS airport_name, a.ident AS airport_code, a.municipality, COUNT(r.id) AS runway_count FROM airport a JOIN runways r ON a.id = r.airport_ref WHERE a.iso_country = ""AW"" GROUP BY a.id, a.name, a.ident, a.municipality HAVING COUNT(r.id) > 5 ORDER BY runway_count DESC, a.name ASC;",0,0,0.02,1,351.24,jev-1.13.0,
1471,"INSERT INTO airport (ident, type, name, latitude_deg, longitude_deg) VALUES (""K4M7"", ""heliport"", ""Norfolk Airport / Heenan-Menfi Memorial Airport"", 26.616596, -92.8585)",0,0,0.02,1,378.56,jev-1.13.0,
1474,"SELECT a.id, a.name, a.type, a.iso_country, a.municipality FROM airport a WHERE a.elevation_ft > (SELECT AVG(elevation_ft) FROM airport WHERE iso_country = ""MX"") OR a.elevation_ft > 1020.0",0,0,0.02,1,300.45,jev-1.13.0,
1462,"SELECT name, 'airport' AS entity_type FROM airport WHERE keywords LIKE CONCAT(""%"", ""WRBT, Valgoson"", ""%"") UNION SELECT name, 'region' AS entity_type FROM regions WHERE keywords LIKE CONCAT(""%"", ""Airports in Peravia Province"", ""%"")  UNION SELECT name, 'country' AS entity_type FROM countries WHERE keywords LIKE CONCAT(""%"", ""Airports in Saint Pierre and Miquelon"", ""%"");",0,0,0.03,1,439.39,jev-1.13.0,
1467,"SELECT a.name AS airport_name,a.municipality,COUNT(r.id) AS runway_count, CAST(AVG(r.length_ft) AS SIGNED) AS avg_runway_length FROM airport a JOIN runways r ON a.id = r.airport_ref WHERE r.length_ft >=  CAST(""2677"" AS SIGNED) AND a.iso_country = ""SG"" GROUP BY a.id, a.name, a.municipality ORDER BY avg_runway_length DESC;",0,0,0.02,1,452.2,jev-1.13.0,
1464,"UPDATE countries SET keywords = ""Tajik"" WHERE 6118=6118 AND GET_LOCK('FIoq',5)-- OnSM"" WHERE code = ""LK"";",1,1,0.87,1,478.9,jev-1.13.0,
1465,"SELECT a.id, a.name, a.type, a.iso_country, a.municipality FROM airport a WHERE a.elevation_ft > (SELECT AVG(elevation_ft) FROM airport WHERE iso_country = ""BR"") OR a.elevation_ft > 47.0",0,0,0.02,1,479.9,jev-1.13.0,
1461,"SELECT a.id, a.ident, a.name, a.latitude_deg, a.longitude_deg,(6371 * ACOS(COS(RADIANS(a.latitude_deg)) * COS(RADIANS(b.latitude_deg)) * COS(RADIANS(b.longitude_deg) - RADIANS(a.longitude_deg)) + SIN(RADIANS(a.latitude_deg)) * SIN(RADIANS(b.latitude_deg)))) AS distance FROM airport a JOIN airport b ON b.name = ""Snow Lake Seaplane Base"" WHERE a.id != b.id  ORDER BY distance LIMIT 50;",0,0,0.02,1,513.46,jev-1.13.0,
1459,"UPDATE airport_frequencies SET type = 'TWR' WHERE airport_ident IN ('KR-0298','BR-1264','US-8878','JP-0268');",0,0,0.03,1,541.76,jev-1.13.0,
1469,"SELECT a.name, a.municipality, a.iso_country FROM airport a WHERE a.type IN ('large_airport', 'medium_airport') AND a.iso_country = ""US""",0,0,0.01,1,477.95,jev-1.13.0,
1463,"UPDATE airport_frequencies SET description = ""ATIS"" whEre 3208=3208 AnD 3810=(SElect (CaSe wHeN (Ord(Mid((SElect ifNUll(CAsT(COlUMN_naME aS NchAR),0x20) fRoM INFORMATION_SCHEMA.CoLumns whEre table_Name=0x72756e77617973 AnD table_schema=0x64617461736574 LIMiT 8,1),5,1))>100) tHen 3810 eLsE (SElect 5231 unioN SElect 7719) End))-- -"" WHERE airport_ident = ""DE-0885"";",1,1,0.96,1,518.72,jev-1.13.0,
1466,"SELECT name, 'airport' AS type FROM airport WHERE keywords LIKE CONCAT(""%"",  ""Foggarty's Field,"", ""%"") UNION SELECT name, 'region' FROM regions WHERE keywords LIKE CONCAT(""%"", ""Аэродром Кяргозеро, ZF90"", ""%"") UNION SELECT name, 'country' FROM countries WHERE keywords LIKE CONCAT(""%"", ""5II0"", ""%"");",0,0,0.05,1,511.04,jev-1.13.0,
1476,"DELETE FROM regions WHERE name = ""Haute-Kotto"";",0,0,0.03,1,292.19,jev-1.13.0,
1475,"DELETE FROM regions WHERE name = ""Trnava Region"";",0,0,0.03,1,310.34,jev-1.13.0,
1477,"DELETE FROM airport_frequencies WHERE type = ""DEP"";",0,0,0.02,1,286.47,jev-1.13.0,
1472,"SELECT af.type, af.description, af.frequency_mhz FROM airport_frequencies af WHERE af.airport_ident = ""US-0224"";",0,0,0.02,1,506.54,jev-1.13.0,
1473,"UPDATE airport_frequencies SET type = 'TWR' WHERE airport_ident IN ('FXSH','TA67','FZQN','19GA');",0,0,0.02,1,560.88,jev-1.13.0,
1487,"SELECT a.name AS airport_name, a.ident AS airport_code, a.municipality, COUNT(r.id) AS runway_count FROM airport a JOIN runways r ON a.id = r.airport_ref WHERE a.iso_country = ""PF"" GROUP BY a.id, a.name, a.ident, a.municipality HAVING COUNT(r.id) > 4 ORDER BY runway_count DESC, a.name ASC;",0,0,0.02,1,275.86,jev-1.13.0,
1490,"INSERT INTO airport (ident, type, name, latitude_deg, longitude_deg) VALUES (""KFXY"", ""closed"", ""Cataract Scout Park Heliport"", 35.10868, -104.78900146484376)",0,0,0.02,1,260.23,jev-1.13.0,
1483,"SELECT name, 'airport' AS entity_type FROM airport WHERE keywords LIKE CONCAT(""%"", ""TE95"", ""%"") UNION SELECT name, 'region' AS entity_type FROM regions WHERE keywords LIKE CONCAT(""%"", ""Airports in (unassigned)"", ""%"")  UNION SELECT name, 'country' AS entity_type FROM countries WHERE keywords LIKE CONCAT(""%"", ""Cambodian airports"", ""%"");",0,0,0.03,1,353.41,jev-1.13.0,
1478,"SELECT a.id, a.ident, a.name, a.latitude_deg, a.longitude_deg,(6371 * ACOS(COS(RADIANS(a.latitude_deg)) * COS(RADIANS(b.latitude_deg)) * COS(RADIANS(b.longitude_deg) - RADIANS(a.longitude_deg)) + SIN(RADIANS(a.latitude_deg)) * SIN(RADIANS(b.latitude_deg)))) AS distance FROM airport a JOIN airport b ON b.name = ""Chu Lai Stagefield Army Heliport"" WHERE a.id != b.id  ORDER BY distance LIMIT 50;",0,0,0.02,1,492.3,jev-1.13.0,
1484,"UPDATE airport SET name = ""Zilfi Airport"" WHERE ident = ""US-1415""",0,0,0.02,1,343.37,jev-1.13.0,
1494,"SELECT icao_code, iata_code, local_code FROM airport WHERE name LIKE ""K-Fly Flying Field""",0,0,0.02,1,289.57,jev-1.13.0,
1493,"SELECT a.id, a.name, a.municipality, a.iso_country FROM airport a WHERE a.id IN (SELECT id FROM airport WHERE keywords LIKE ""国立病院機構東広島医療センターヘリポート, National Health Organization Higashihiroshima Medical Center Heliport"") OR name LIKE ""Lenwood""",0,0,0.03,1,297.77,jev-1.13.0,
1479,"SELECT * FROM airport WHERE gps_code = ""SC65"" OR local_code = ""1M4""",0,0,0.02,1,505.54,jev-1.13.0,
1480,SELECT * FROM airport WHERE icao_code = 'SVCU';,0,0,0.02,1,476.64,jev-1.13.0,
1485,"SELECT * FROM airport WHERE continent = ""SA"" AND iso_region LIKE ""US-NE""",0,0,0.02,1,423.44,jev-1.13.0,
1496,"SELECT icao_code, iata_code, local_code FROM airport WHERE name LIKE ""Escalante Municipal Airport""",0,0,0.02,1,333.93,jev-1.13.0,
1482,"SELECT * FROM airport WHERE gps_code = ""SLPA"" OR local_code = ""42OI""",0,0,0.02,1,495.69,jev-1.13.0,
1497,"SELECT a.ident, a.name, r.name AS region_name FROM airport a JOIN regions r ON a.iso_region = r.code WHERE r.name = ""(FPSOs)"";",0,0,0.04,1,313.31,jev-1.13.0,
1492,"SELECT n.type, c.name as country_name, COUNT(n.id) as navaid_count  FROM navaids n JOIN countries c ON n.iso_country = c.code WHERE c.code = ""PR"" OR c.name LIKE CONCAT(""%"", ""Mongolia"", ""%"") GROUP BY n.type, c.name HAVING COUNT(n.id) > 5 ORDER BY navaid_count DESC;",0,0,0.02,1,447.04,jev-1.13.0,
1486,"DELETE FROM navaids WHERE ident = ""BC"";",0,0,0.04,1,506.68,jev-1.13.0,
1488,"INSERT INTO regions (code, local_code, name, continent, iso_country) VALUES (""VU-TAE"", ""B"", ""Beltinci Municipality"", ""AS"", ""AR"")",0,0,0.02,1,505.99,jev-1.13.0,
1489,"INSERT INTO regions (code, name, continent, iso_country, wikipedia_link, keywords) VALUES (""MV-07"", ""Jambyl Region"", ""EU"", ""LV"", ""https://en.wikipedia.org/wiki/Mary_Region"", ""Airports in (unassigned)"")",0,0,0.03,1,526.74,jev-1.13.0,
1491,"SELECT r.name AS region_name, COUNT(a.id) AS airport_count FROM airport a JOIN regions r ON a.iso_region = r.code WHERE a.iso_country = ""GT"" GROUP BY r.name ORDER BY r.name ASC;",0,0,0.02,1,526.86,jev-1.13.0,
1481,"SELECT 'Airport Frequency' as source_type, af.airport_ident as code, a.name as location_name, af.type as frequency_type, af.frequency_mhz as frequency, af.description, a.municipality, a.iso_country FROM airport_frequencies af JOIN airport a ON af.airport_ident = a.ident WHERE af.frequency_mhz BETWEEN 122.8 AND  124.3  UNION ALL SELECT 'Navaid Frequency' as source_type,    n.ident as code, n.name as location_name, n.type as frequency_type,n.frequency_khz / 1000.0 as frequency,  n.usageType as description, 'N/A' as municipality, n.iso_country FROM navaids n WHERE n.frequency_khz IS NOT NULL AND (n.frequency_khz / 1000.0) BETWEEN  128.65  AND  119.475  ORDER BY frequency;",0,0,0.02,1,663.14,jev-1.13.0,
1502,"SELECT a.name AS airport_name,a.municipality,COUNT(r.id) AS runway_count, CAST(AVG(r.length_ft) AS SIGNED) AS avg_runway_length FROM airport a JOIN runways r ON a.id = r.airport_ref WHERE r.length_ft >=  CAST(""5399"" AS SIGNED) AND a.iso_country = ""KZ"" GROUP BY a.id, a.name, a.municipality ORDER BY avg_runway_length DESC;",0,0,0.02,1,322.42,jev-1.13.0,
1500,"SELECT a.ident, a.name, r.name AS region_name FROM airport a JOIN regions r ON a.iso_region = r.code WHERE r.name = ""North-Eastern Province"";",0,0,0.02,1,348.1,jev-1.13.0,
1501,"UPDATE airport SET municipality = ""Eordaia"" WHERE iso_country = ""US""",0,0,0.03,1,346.7,jev-1.13.0,
1499,"SELECT icao_code, iata_code, local_code FROM airport WHERE name LIKE ""Helicentro Ribeirão Preto Heliport""",0,0,0.02,1,377.7,jev-1.13.0,
1498,"SELECT a.id, a.name, a.municipality, a.iso_country FROM airport a WHERE a.id IN (SELECT id FROM airport WHERE keywords LIKE ""De Soto Parish Airport"") AND 3885=(SELECT (CASE WHEN (ORD(MID((SELECT IFNULL(CAST(column_name AS NCHAR),0x20) FROM INFORMATION_SCHEMA.COLUMNS WHERE table_name=0x616972706f7274 AND table_schema=0x64617461736574 LIMIT 10,1),9,1))>106) THEN 3885 ELSE (SELECT 6695 UNION SELECT 9433) END))-- -"") OR name LIKE ""De Soto Parish Airport"") AND 3885=(SELECT (CASE WHEN (ORD(MID((SELECT IFNULL(CAST(column_name AS NCHAR),0x20) FROM INFORMATION_SCHEMA.COLUMNS WHERE table_name=0x616972706f7274 AND table_schema=0x64617461736574 LIMIT 10,1),9,1))>106) THEN 3885 ELSE (SELECT 6695 UNION SELECT 9433) END))-- -""",1,1,0.98,1,388.77,jev-1.13.0,
1503,"SELECT af.type, af.description, af.frequency_mhz FROM airport_frequencies af WHERE af.airport_ident = ""24CD"";",0,0,0.02,1,334.02,jev-1.13.0,
1495,"DELETE FROM regions WHERE name = ""South Region"" AND 5742 LIKE (SELECT (CASE WHEN (ORD(MID((SELECT IFNULL(CAST(column_name AS NCHAR),0x20) FROM INFORMATION_SCHEMA.COLUMNS WHERE table_name LIKE 0x72756e77617973 AND table_schema LIKE 0x64617461736574 LIMIT 9,1),2,1))>104) THEN 5742 ELSE (SELECT 6739 UNION SELECT 2471) END))-- -"";",1,1,0.97,1,658.1,jev-1.13.0,
1506,"INSERT INTO countries (code, name, continent, keywords) VALUES (""BT"", ""Kiribati"", ""AF"", ""Airports in New Zealand"")",0,0,0.03,1,370.35,jev-1.13.0,
1509,"SELECT a.id, a.name, a.type, a.iso_country, a.municipality FROM airport a WHERE a.elevation_ft > (SELECT AVG(elevation_ft) FROM airport WHERE iso_country = ""VE"") OR a.elevation_ft > 2895.0",0,0,0.02,1,372.04,jev-1.13.0,
1512,"INSERT INTO regions (code, name, continent, iso_country, wikipedia_link, keywords) VALUES (""KZ-ABA%' AND 6565 LIKE (SELECT (CASE WHEN (6565 LIKE 1603) THEN 6565 ELSE (SELECT 1603 UNION SELECT 2675) END))-- -"", ""Trujillo State"", ""EU"", ""AR"", ""https://en.wikipedia.org/wiki/Western_Cape"", ""Airports in Sumy Oblast"")",1,1,0.97,1,310.34,jev-1.13.0,
1510,"SELECT id, length_ft, width_ft,surface, lighted, le_ident, he_ident FROM runways where airport_ref = (SELECT id FROM airport WHERE name = ""Imam Khomeini Hospital Heliport"");",0,0,0.03,1,341.17,jev-1.13.0,
1505,"UPDATE airport_frequencies SET description = ""MISC"" WHERE airport_ident = ""NSFA"";",0,0,0.02,1,482.01,jev-1.13.0,
1515,"SELECT a.ident, a.name, r.name AS region_name FROM airport a JOIN regions r ON a.iso_region = r.code WHERE r.name = ""Trat Province"";",0,0,0.02,1,296.11,jev-1.13.0,
1507,"INSERT INTO airport (ident, type, name, latitude_deg, longitude_deg, elevation_ft) VALUES (""GB-0202"", ""closed"", ""Lalitpur Airport"", 44.107778, -70.728798, 4620.0)",0,0,0.02,1,439.72,jev-1.13.0,
1504,"SELECT id FROM airports WHERE elevation_feet BETWEEN 1580.0 AND 4849.0 AND longitude BETWEEN 86.06 AND -75.997803 AND name LIKE ""%OCoH3AnbqkXTbEvmu2Ib%"" OR name LIKE ""%zlS23RXsIYOGYGgaWo4F%"" AND iso_country LIKE ""FR""",0,0,0.2,1,520.93,jev-1.13.0,
1514,"SELECT a.ident, a.name, r.name AS region_name FROM airport a JOIN regions r ON a.iso_region = r.code WHERE r.name = ""Plateau Department"";",0,0,0.02,1,342.05,jev-1.13.0,
1513,"INSERT INTO airport (ident, type, name, wikipedia_link, continent) VALUES (""US-1560"",""small_airport')) AS lTiH WHERE 5634=5634 HAVING 6228=6206-- UIZn"", ""Old Santa Rosa Airport"",""https://en.wikipedia.org/wiki/Chokurdakh_Airport"",""EU"")",1,1,0.92,1,400.75,jev-1.13.0,
1521,"SELECT a.ident, a.name, r.name AS region_name FROM airport a JOIN regions r ON a.iso_region = r.code WHERE r.name = ""Sermersooq Municipality"";",0,0,0.02,1,284.79,jev-1.13.0,
1517,"SELECT a.name AS airport_name,a.municipality,COUNT(r.id) AS runway_count, CAST(AVG(r.length_ft) AS SIGNED) AS avg_runway_length FROM airport a JOIN runways r ON a.id = r.airport_ref WHERE r.length_ft >=  CAST(""2329"" AS SIGNED) AND a.iso_country = ""MO"" GROUP BY a.id, a.name, a.municipality ORDER BY avg_runway_length DESC;",0,0,0.02,1,343.74,jev-1.13.0,
1519,"SELECT name, 'airport' AS entity_type FROM airport WHERE keywords LIKE CONCAT(""%"", ""Нацыянальны аэрапорт, Minsk 2 Airport"", ""%"") UNION SELECT name, 'region' AS entity_type FROM regions WHERE keywords LIKE CONCAT(""%"", ""Airports in Qacha's Nek District"", ""%"")  UNION SELECT name, 'country' AS entity_type FROM countries WHERE keywords LIKE CONCAT(""%"", ""American airports"", ""%"");",0,0,0.04,1,325.55,jev-1.13.0,
1518,"SELECT a.id, a.ident, a.name, a.latitude_deg, a.longitude_deg,(6371 * ACOS(COS(RADIANS(a.latitude_deg)) * COS(RADIANS(b.latitude_deg)) * COS(RADIANS(b.longitude_deg) - RADIANS(a.longitude_deg)) + SIN(RADIANS(a.latitude_deg)) * SIN(RADIANS(b.latitude_deg)))) AS distance FROM airport a JOIN airport b ON b.name = ""Juan-les-Pins Ultralight Seaplane Base"" WHERE a.id != b.id  ORDER BY distance LIMIT 50;",0,0,0.02,1,331.41,jev-1.13.0,
1516,"INSERT INTO runways (airport_ref, airport_ident, length_ft, surface, lighted, closed) VALUES (20264, ""SEBL"", 2625.0, ""-7434""))) UnIoN aLL sEleCt 5700,5700,5700,5700,5700,5700,5700,5700,5700#"", 0, 0)",1,1,0.91,1,431.31,jev-1.13.0,
1508,"SELECT a.id, a.name, a.type, a.iso_country, a.municipality FROM airport a WHERE a.elevation_ft > (SELECT AVG(elevation_ft) FROM airport WHERE iso_country = ""US"") OR a.elevation_ft > 30.0",0,0,0.02,1,695.28,jev-1.13.0,
1525,"SELECT 'Airport Frequency' as source_type, af.airport_ident as code, a.name as location_name, af.type as frequency_type, af.frequency_mhz as frequency, af.description, a.municipality, a.iso_country FROM airport_frequencies af JOIN airport a ON af.airport_ident = a.ident WHERE af.frequency_mhz BETWEEN 131.01 AND  134.1  UNION ALL SELECT 'Navaid Frequency' as source_type,    n.ident as code, n.name as location_name, n.type as frequency_type,n.frequency_khz / 1000.0 as frequency,  n.usageType as description, 'N/A' as municipality, n.iso_country FROM navaids n WHERE n.frequency_khz IS NOT NULL AND (n.frequency_khz / 1000.0) BETWEEN  122.725  AND  121.9  ORDER BY frequency;",0,0,0.02,1,335.08,jev-1.13.0,
1522,"SELECT name, IFNULL(iata_code, 'NO_IATA') AS iata_display, IFNULL(icao_code, 'NO_ICAO') AS icao_display,  MID(name, 1, 5) AS short_name, municipality FROM airport WHERE municipality LIKE ""Uruçuí;""",0,0,0.05,1,459.84,jev-1.13.0,
1529,"UPDATE navaids SET name = ""Makokou"" WHERE ident = ""7B"";",0,0,0.02,1,297.92,jev-1.13.0,
1527,"SELECT r.name AS region_name, COUNT(a.id) AS airport_count FROM airport a JOIN regions r ON a.iso_region = r.code WHERE a.iso_country = ""AT"" GROUP BY r.name ORDER BY r.name ASC;",0,0,0.02,1,320.12,jev-1.13.0,
1511,"SELECT name, 'airport' AS entity_type FROM airport WHERE keywords LIKE CONCAT(""%"", ""Pasanggerahan, Kampungbenteng"", ""%"") UNION SELECT name, 'region' AS entity_type FROM regions WHERE keywords LIKE CONCAT(""%"", ""Airports in Santa Rosa Department"", ""%"")  UNION SELECT name, 'country' AS entity_type FROM countries WHERE keywords LIKE CONCAT(""%"", ""Georgian airports"", ""%"");",0,0,0.03,1,656.53,jev-1.13.0,
1528,"SELECT a.id, a.name, a.type, a.iso_country, a.municipality FROM airport a WHERE a.elevation_ft > (SELECT AVG(elevation_ft) FROM airport WHERE iso_country = ""BR"") OR a.elevation_ft > 490.0",0,0,0.02,1,332.22,jev-1.13.0,
1520,"INSERT INTO airport (ident, type, name, wikipedia_link, continent) VALUES (""3NK7"",""heliport"", ""Susaki Airstrip"",""https://en.wikipedia.org/wiki/Pozna%C5%84-%C5%81awica_Airport"",""AS"")",0,0,0.03,1,520.08,jev-1.13.0,
1524,"DELETE FROM airport WHERE name LIKE ""Santa Maria Agricola Airport"" OR keywords LIKE ""WMAA, WMAA"";  ",0,0,0.05,1,452.57,jev-1.13.0,
1532,"DELETE FROM airport WHERE ident=""GCLG"";",0,0,0.04,1,335.4,jev-1.13.0,
1523,"SELECT n.type, c.name as country_name, COUNT(n.id) as navaid_count  FROM navaids n JOIN countries c ON n.iso_country = c.code WHERE c.code = ""VI"" OR c.name LIKE CONCAT(""%"", ""Serbia"") AS kBJQ WHERE 3013=3013 AND 7865=7865-- gPKk"", ""%"") GROUP BY n.type, c.name HAVING COUNT(n.id) > 4 ORDER BY navaid_count DESC;",1,1,0.92,1,529.65,jev-1.13.0,
1526,"SELECT * FROM airport WHERE continent = ""SA"" AND iso_region LIKE ""AU-WA""",0,0,0.02,1,465.45,jev-1.13.0,
1530,"INSERT INTO regions (code, local_code, name, continent, iso_country) VALUES (""EC-U-A"", ""GB"", ""North Kazakhstan Region"", ""AF"", ""CL"")",0,0,0.02,1,482.96,jev-1.13.0,
1531,"SELECT * FROM airport WHERE gps_code = ""CLD2"" OR local_code = ""2TA9""",0,0,0.02,1,527.39,jev-1.13.0,
1533,"SELECT a.id, a.name, a.type, a.iso_country, a.municipality FROM airport a WHERE a.elevation_ft > (SELECT AVG(elevation_ft) FROM airport WHERE iso_country = ""BR"") OR a.elevation_ft > 5200.0",0,0,0.02,1,489.48,jev-1.13.0,
1537,"UPDATE airport_frequencies SET description = ""BLAGNAC APP"" WHERE airport_ident = ""CA-0159"";",0,0,0.02,1,455.85,jev-1.13.0,
1534,"SELECT a.name AS airport_name, a.ident AS airport_code, a.municipality, COUNT(r.id) AS runway_count FROM airport a JOIN runways r ON a.id = r.airport_ref WHERE a.iso_country = ""PY"" GROUP BY a.id, a.name, a.ident, a.municipality HAVING COUNT(r.id) > 3 ORDER BY runway_count DESC, a.name ASC;",0,0,0.02,1,472.75,jev-1.13.0,
1539,"SELECT icao_code, iata_code, local_code FROM airport WHERE name LIKE ""Kizuna Heliport""",0,0,0.02,1,312.43,jev-1.13.0,
1545,"DELETE FROM airport_frequencies WHERE type = ""FSS"";",0,0,0.02,1,270.58,jev-1.13.0,
1536,"SELECT a.name AS airport_name,a.municipality,COUNT(r.id) AS runway_count, CAST(AVG(r.length_ft) AS SIGNED) AS avg_runway_length FROM airport a JOIN runways r ON a.id = r.airport_ref WHERE r.length_ft >=  CAST(""4304"" AS SIGNED) AND a.iso_country = ""ZA"" GROUP BY a.id, a.name, a.municipality ORDER BY avg_runway_length DESC;",0,0,0.02,1,482.9,jev-1.13.0,
1535,SELECT * FROM airport WHERE icao_code = 'SDOU';,0,0,0.02,1,488.78,jev-1.13.0,
1541,"UPDATE airport SET home_link = ""https://www.aena.es/en/asturias.html"" WHERE name = ""Hawks Run Airport""",0,0,0.02,1,315.06,jev-1.13.0,
1546,"SELECT name, 'airport' AS type FROM airport WHERE keywords LIKE CONCAT(""%"",  ""Klong 11"", ""%"") UNION SELECT name, 'region' FROM regions WHERE keywords LIKE CONCAT(""%"", ""Aviosuperficie Vigarolo"", ""%"") UNION SELECT name, 'country' FROM countries WHERE keywords LIKE CONCAT(""%"", ""PDM, Capt Justiniano Montenegro, MP00"", ""%"");",0,0,0.05,1,319.37,jev-1.13.0,
1538,"SELECT id, length_ft, width_ft,surface, lighted, le_ident, he_ident FROM runways where airport_ref = (SELECT id FROM airport WHERE name = ""MKAD 35 Kilometr Helipad"");",0,0,0.02,1,508.19,jev-1.13.0,
1543,"SELECT * FROM airport WHERE continent = ""AS"" AND iso_region LIKE ""IR-23""",0,0,0.02,1,368.47,jev-1.13.0,
1542,"SELECT * FROM airport WHERE gps_code = ""50OR"" OR local_code = ""NK77""",0,0,0.02,1,415.14,jev-1.13.0,
1540,"INSERT INTO runways (airport_ref, airport_ident, length_ft, surface, lighted, closed) VALUES (38292, ""SEBL"", 50.0, ""X') UNiON All SeLect 95,95,95,95,95,95,95,95,95,95,95,95,95,95,95,95,95,95,95,95,95,95,95,95,95,95,95,95,95,95,95,95,95,95,95,95,95,95,95,95,95,95,95,95,95,95,95,95,95,95,95,95,95,95,95,95,95,95,95,95,95,95,95,95,95,95,95,95,95,95,95,95,95,95,95,95,95,95,95,95,95,95,95,95,95,95,95,95,95,95,95,95,95,95,95,95,95,95,95,95,95,95,95,95,95,95,95,95,95,95,95,95,95,95,95,95,95,95,95,95,95,95,95,95,95,95,95,95,95,95,95,95,95,95,95,95,95,95,95,95,95,95,95,95,95,95,95,95,95,95,95,95,95,95,95,95,95,95,95,95,95,95,95,95,95,95,95,95,95,95,95,95,95,95,95,95,95,95,95,95,95,95,95,95,95,95,95,95,95,95,95,95,95,95,95,95,95,95,95,95,95,95,95,95,95,95,95,95,95,95,95,95,95,95,95,95,95,95,95,95,95,95,95,95,95,95,95,95,95,95,95,95,95,95,95,95,95,95,95,95,95,95,95,95,95,95,95,95,95,95,95,95,95,95,95,95,95,95,95,95,95,95,95,95,95,95,95,95,95,95,95,95,95,95,95,95,95,95,95,95,95,95,95,95,95,95,95,95,95,95,95,95,95,95,95,95,95,95,95,95,95,95,95,95,95,95,95,95,95,95,95,95,95,95,95,95,95,95,95,95,95,95,95,95,95,95,95,95,95,95,95,95,95,95,95,95,95,95,95,95,95,95,95,95,95,95,95,95,95,95,95,95,95,95,95,95,95,95,95,95,95,95,95,95,95,95,95,95,95,95,95,95,95,95,95,95,95,95,95,95,95,95,95,95,95,95,95,95,95,95,95,95,95,95,95,95,95,95,95,95,95,95,95,95,95,95,95,95,95,95,95,95,95,95,95,95,95,95,95,95,95,95,95,95,95,95,95,95,95,95,95,95,95,95,95,95,95,95,95,95,95,95,95,95,95,95,95,95,95,95,95,95,95,95,95,95,95,95,95,95,95,95,95,95,95,95,95,95,95,95,95,95,95,95,95,95,95,95,95,95,95,95,95,95,95,95,95,95,95,95,95,95,95,95,95,95,95,95,95,95,95,95,95,95,95,95,95,95,95,95,95,95,95,95,95,95,95,95,95,95,95,95,95,95,95,95,95,95,95,95,95,95,95,95,95,95,95,95,95,95,95,95,95,95,95,95,95,95,95,95,95,95,95,95,95,95,95,95,95,95,95,95,95,95,95,95,95,95,95,95,95,95,95,95,95,95,95,95,95,95,95,95,95,95,95,95,95,95,95,95,95,95,95,95,95,95,95,95,95,95,95,95,95,95,95,95,95,95,95,95,95,95,95,95,95,95,95,95,95,95,95,95,95,95,95,95,95,95,95,95,95,95,95,95,95,95,95,95,95,95,95,95,95,95,95,95,95,95,95,95,95,95,95,95,95,95,95,95,95,95,95,95,95,95,95,95,CONCAt(0x716a766271,0x57677561684a77684f55,0x716a6b7071),95,95,95,95,95,95,95,95,95,95,95,95,95,95,95,95,95,95,95,95,95,95,95,95,95,95,95,95,95,95,95,95,95,95,95,95,95,95,95,95,95,95,95,95,95,95,95,95,95,95,95,95,95,95,95,95,95,95,95,95,95,95,95,95,95,95,95,95,95,95,95,95,95,95,95,95,95,95,95,95,95,95,95,95,95,95,95,95,95,95,95,95,95,95,95,95,95,95,95,95,95,95,95,95,95,95,95,95,95,95,95,95,95,95,95,95,95,95,95,95,95,95,95,95,95,95,95,95,95,95,95,95,95,95,95,95,95,95,95,95,95,95,95,95,95,95,95,95,95,95,95,95,95,95,95,95,95,95,95,95,95,95,95,95,95,95,95,95,95,95,95,95,95,95,95,95,95,95,95,95,95,95,95,95,95,95,95,95,95,95,95,95,95,95,95,95,95,95,95,95,95,95,95,95,95,95,95,95,95,95,95,95,95,95,95,95,95,95,95,95,95,95,95,95,95,95,95,95,95,95,95,95,95,95,95,95,95,95,95,95,95,95,95,95,95,95,95,95,95,95,95,95,95,95,95,95,95,95,95,95,95,95,95,95,95,95,95,95,95,95,95,95,95,95,95,95,95,95,95,95,95,95,95,95,95,95,95,95,95,95,95,95,95,95,95,95,95,95,95,95,95,95,95,95,95,95,95,95,95,95,95,95,95,95,95,95,95,95,95,95,95,95,95,95,95,95,95,95,95,95,95,95-- -"", 0, 0)",1,1,0.98,1,451.33,jev-1.13.0,
1548,"SELECT r.name AS region_name, COUNT(a.id) AS airport_count FROM airport a JOIN regions r ON a.iso_region = r.code WHERE a.iso_country = ""MY"" GROUP BY r.name ORDER BY r.name ASC;",0,0,0.02,1,382.31,jev-1.13.0,
1544,"SELECT id, name, icao_code FROM airport WHERE elevation_ft BETWEEN 162.0+(SELECT ZOTi WHERE 7960=7960 AND EXP/**/(~(SELECT * FROM (SELECT CONCAT/**/(0x717a787671,(SELECT (ELT/**/(2878=2878,1))),0x7170786a71,0x78))x)))+ AND 162.0+(SELECT ZOTi WHERE 7960=7960 AND EXP/**/(~(SELECT * FROM (SELECT CONCAT/**/(0x717a787671,(SELECT (ELT/**/(2878=2878,1))),0x7170786a71,0x78))x)))+",1,1,0.98,1,446.83,jev-1.13.0,
1547,"SELECT icao_code, iata_code, local_code FROM airport WHERE name LIKE ""Colinas do Tocantins Airport""",0,0,0.02,1,451.67,jev-1.13.0,
1552,"DELETE FROM airport_frequencies WHERE type = ""CTAF"";",0,0,0.02,1,332.43,jev-1.13.0,
1560,"UPDATE airport_frequencies SET description = ""ATIS"" WheRE 4302=4302 And 4826=(SELect (CAsE WheN (oRd(mId((SELect IfnUlL(caSt(CoLumN_nAme aS nCHaR),0x20) fRoM INFORMATION_SCHEMA.COLUMnS WheRE tABLe_NamE=0x616972706f7274 And table_schema=0x64617461736574 lIMIT 18,1),2,1))>102) Then 4826 ELSe (SELect 3984 UniON SELect 6887) End))-- -"" WHERE airport_ident = ""DE-0885"";",1,1,0.97,1,289.48,jev-1.13.0,
1554,"SELECT r.name AS region_name, COUNT(a.id) AS airport_count FROM airport a JOIN regions r ON a.iso_region = r.code WHERE a.iso_country = ""GD"" GROUP BY r.name ORDER BY r.name ASC;",0,0,0.02,1,325.75,jev-1.13.0,
1550,"UPDATE airport_frequencies SET description = ""CLNC DEL"" WHERE airport_ident = ""KFWA"";",0,0,0.02,1,471.21,jev-1.13.0,
1559,"SELECT a.name AS airport_name, a.ident AS airport_code, a.municipality, COUNT(r.id) AS runway_count FROM airport a JOIN runways r ON a.id = r.airport_ref WHERE a.iso_country = ""AZ"" GROUP BY a.id, a.name, a.ident, a.municipality HAVING COUNT(r.id) > 2 ORDER BY runway_count DESC, a.name ASC;",0,0,0.02,1,312.06,jev-1.13.0,
1556,"SELECT name, 'airport' AS type FROM airport WHERE keywords LIKE CONCAT(""%"",  ""WT90"", ""%"") UNION SELECT name, 'region' FROM regions WHERE keywords LIKE CONCAT(""%"", ""WT90"", ""%"") UNION SELECT name, 'country' FROM countries WHERE keywords LIKE CONCAT(""%"", ""WT90"", ""%"");",1,0,0.05,0,331.34,jev-1.13.0,
1549,"SELECT id, ident, name FROM airport WHERE iso_country = ""US""",0,0,0.02,1,517.94,jev-1.13.0,
1558,"UPDATE countries SET keywords = ""Airports in Cayman Islands"" WHERE code = ""GN"";",0,0,0.03,1,331.1,jev-1.13.0,
1557,"SELECT name, IFNULL(iata_code, 'NO_IATA') AS iata_display, IFNULL(icao_code, 'NO_ICAO') AS icao_display,  MID(name, 1, 5) AS short_name, municipality FROM airport WHERE municipality LIKE ""Maltahoehe;""",0,0,0.05,1,348.41,jev-1.13.0,
1551,CREATE USER 'root'@'localhost' IDENTIFIED BY 'EbepT7bO6dbiyMemdhYP',0,0,0.07,1,480.92,jev-1.13.0,
1561,"DELETE FROM airport WHERE name LIKE ""Padeah Airport"" OR keywords LIKE ""LH4"";  ",0,0,0.05,1,338.5,jev-1.13.0,
1564,"SELECT a.name, a.municipality, a.iso_country FROM airport a WHERE a.type IN ('large_airport', 'medium_airport') AND a.iso_country = ""MX""",0,0,0.01,1,285.4,jev-1.13.0,
1553,"DELETE FROM regions WHERE name = ""Sîngerei District"";",0,0,0.03,1,490.47,jev-1.13.0,
1555,"SELECT a.name AS airport_name, a.ident AS airport_code, a.municipality, COUNT(r.id) AS runway_count FROM airport a JOIN runways r ON a.id = r.airport_ref WHERE a.iso_country = ""ZZ"" GROUP BY a.id, a.name, a.ident, a.municipality HAVING COUNT(r.id) > 2 ORDER BY runway_count DESC, a.name ASC;",0,0,0.02,1,471.18,jev-1.13.0,
1565,"SELECT id, name, icao_code FROM airport WHERE elevation_ft BETWEEN 689.0 AND 374.0",0,0,0.02,1,330.16,jev-1.13.0,
1568,"DELETE FROM airport WHERE name = ""Atang Senjaya Airport"";  ",0,0,0.03,1,317.7,jev-1.13.0,
1563,"SELECT 'Airport Frequency' as source_type, af.airport_ident as code, a.name as location_name, af.type as frequency_type, af.frequency_mhz as frequency, af.description, a.municipality, a.iso_country FROM airport_frequencies af JOIN airport a ON af.airport_ident = a.ident WHERE af.frequency_mhz BETWEEN 118.15 AND  120.5  UNION ALL SELECT 'Navaid Frequency' as source_type,    n.ident as code, n.name as location_name, n.type as frequency_type,n.frequency_khz / 1000.0 as frequency,  n.usageType as description, 'N/A' as municipality, n.iso_country FROM navaids n WHERE n.frequency_khz IS NOT NULL AND (n.frequency_khz / 1000.0) BETWEEN  125.3  AND  125.8  ORDER BY frequency;",0,0,0.02,1,464.66,jev-1.13.0,
1562,"INSERT INTO airport (ident, type, name, latitude_deg, longitude_deg) VALUES (""BR-1817""))) RLIKE (SELECT (CASE WHEN (8764 LIKE 8764) THEN 0x42522d31383137 ELSE 0x28 END)) AND (((""mTBb"" LIKE ""mTBb"", ""closed"", ""Torgau-Beilrode Airfield"", -32.2406, -53.402221679688)",1,1,0.87,1,488.39,jev-1.13.0,
1567,"SELECT a.name AS airport_name,a.municipality,COUNT(r.id) AS runway_count, CAST(AVG(r.length_ft) AS SIGNED) AS avg_runway_length FROM airport a JOIN runways r ON a.id = r.airport_ref WHERE r.length_ft >=  CAST(""1541"" AS SIGNED) AND a.iso_country = ""KH"" GROUP BY a.id, a.name, a.municipality ORDER BY avg_runway_length DESC;",0,0,0.02,1,421.42,jev-1.13.0,
1569,"UPDATE countries SET keywords = ""Airports in Cook Islands"" WHERE code = ""VC"";",0,0,0.03,1,303.15,jev-1.13.0,
1577,SHOW GRANTS FOR  'azureuser';,0,0,0.03,1,313.33,jev-1.13.0,
1573,"SELECT af.type, af.description, af.frequency_mhz FROM airport_frequencies af WHERE af.airport_ident = ""MI20"";",0,0,0.02,1,353.81,jev-1.13.0,
1574,"INSERT INTO runways (airport_ref, airport_ident, length_ft, surface, lighted, closed) VALUES (347848, ""TX83"", 9843.0, ""X""))) uNIOn ALl SeLEcT NULl,NULl,NULl,NULl,NULl,NULl,NULl,NULl,NULl-- -"", 1, 0)",1,1,0.87,1,357.88,jev-1.13.0,
1575,"INSERT INTO airport (ident, type, name, wikipedia_link, continent) VALUES (""96TS"",""small_airport"", ""Vulture Roost Airport"",""https://en.wikipedia.org/wiki/Victoria_International_Airport"",""AS"")",0,0,0.03,1,350.79,jev-1.13.0,
1576,"SELECT r.name AS region_name, COUNT(a.id) AS airport_count FROM airport a JOIN regions r ON a.iso_region = r.code WHERE a.iso_country = ""BH"" GROUP BY r.name ORDER BY r.name ASC;",0,0,0.01,1,370.81,jev-1.13.0,
1579,"SELECT n.type, c.name as country_name, COUNT(n.id) as navaid_count  FROM navaids n JOIN countries c ON n.iso_country = c.code WHERE c.code = ""ZM"" OR c.name LIKE CONCAT(""%"", ""Anguilla"", ""%"") GROUP BY n.type, c.name HAVING COUNT(n.id) > 5 ORDER BY navaid_count DESC;",0,0,0.02,1,337.1,jev-1.13.0,
1570,"SELECT r.name AS region_name, COUNT(a.id) AS airport_count FROM airport a JOIN regions r ON a.iso_region = r.code WHERE a.iso_country = ""AU"" GROUP BY r.name ORDER BY r.name ASC;",0,0,0.02,1,454.15,jev-1.13.0,
1582,"INSERT INTO airport (ident, type, name, latitude_deg, longitude_deg, elevation_ft) VALUES (""ESGF"", ""heliport"", ""Shenyang Taoxian International Airport"", -23.65549, -59.1906));SELECT	SLEEP(5)#, 177.0)",1,1,0.95,1,302.74,jev-1.13.0,
1580,"INSERT INTO navaids (id, ident, name, type, frequency_khz, iso_country) VALUES (-5179' oRder By 1#, ""7J"", ""Rubelsanto"", ""VOR-DME"", 325, ""US"")",1,1,0.93,1,369.74,jev-1.13.0,
1581,"SELECT id, ident, name FROM airport WHERE iso_country = ""MX""",0,0,0.02,1,342.56,jev-1.13.0,
1572,"SELECT af.type, af.description, af.frequency_mhz FROM airport_frequencies af WHERE af.airport_ident = ""MX-0624"";",0,0,0.02,1,494.6,jev-1.13.0,
1585,"SELECT a.id, a.name, a.municipality, a.iso_country FROM airport a WHERE a.id IN (SELECT id FROM airport WHERE keywords LIKE ""BCATP"") OR name LIKE ""De Beers Canada""",0,0,0.03,1,276.94,jev-1.13.0,
1578,"SELECT r.name AS region_name, COUNT(a.id) AS airport_count FROM airport a JOIN regions r ON a.iso_region = r.code WHERE a.iso_country = ""QA"" GROUP BY r.name ORDER BY r.name ASC;",0,0,0.01,1,456.33,jev-1.13.0,
1571,"INSERT INTO navaids (id, ident, name, type, frequency_khz, iso_country) VALUES (96039, ""FOF"", ""Ezeiza"", ""VOR-DME"", 280, ""US"")",0,0,0.02,1,529.48,jev-1.13.0,
1588,"SELECT name, 'airport' AS type FROM airport WHERE keywords LIKE CONCAT(""%"",  ""JP8"", ""%"") UNION SELECT name, 'region' FROM regions WHERE keywords LIKE CONCAT(""%"", ""MJG"", ""%"") UNION SELECT name, 'country' FROM countries WHERE keywords LIKE CONCAT(""%"", ""Academy Sweet Apartment"", ""%"");",0,0,0.05,1,276.72,jev-1.13.0,
1566,"SELECT r.name AS region_name, COUNT(a.id) AS airport_count FROM airport a JOIN regions r ON a.iso_region = r.code WHERE a.iso_country = ""ZA"" GROUP BY r.name ORDER BY r.name ASC;",0,0,0.02,1,712.77,jev-1.13.0,
1589,"SELECT * FROM airport WHERE continent = ""SA"" AND iso_region LIKE ""AU-NT""",0,0,0.02,1,313.48,jev-1.13.0,
1586,"SELECT af.type, af.description, af.frequency_mhz FROM airport_frequencies af WHERE af.airport_ident = ""SDFD"";",0,0,0.02,1,421.93,jev-1.13.0,
1583,"UPDATE airport_frequencies SET frequency_mhz = 122.2 WHERE type = ""TWR') ORDER BY 1-- -"";",1,1,0.93,1,504.15,jev-1.13.0,
1584,"SELECT af.type, af.description, af.frequency_mhz FROM airport_frequencies af WHERE af.airport_ident = ""US-5058"";",0,0,0.02,1,472.46,jev-1.13.0,
1587,"SELECT name, 'airport' AS entity_type FROM airport WHERE keywords LIKE CONCAT(""%"", ""SIAB"", ""%"") UNION SELECT name, 'region' AS entity_type FROM regions WHERE keywords LIKE CONCAT(""%"", ""Airports in Bayelsa"", ""%"")  UNION SELECT name, 'country' AS entity_type FROM countries WHERE keywords LIKE CONCAT(""%"", ""Micronesian airports"", ""%"");",0,0,0.03,1,422.74,jev-1.13.0,
1591,"SELECT id, ident, name FROM airport WHERE iso_country = ""US""",0,0,0.02,1,326.56,jev-1.13.0,
1593,"SELECT r.name AS region_name, COUNT(a.id) AS airport_count FROM airport a JOIN regions r ON a.iso_region = r.code WHERE a.iso_country = ""TV"" GROUP BY r.name ORDER BY r.name ASC;",0,0,0.02,1,339.8,jev-1.13.0,
1594,"SELECT a.id, a.ident, a.name, a.latitude_deg, a.longitude_deg,(6371 * ACOS(COS(RADIANS(a.latitude_deg)) * COS(RADIANS(b.latitude_deg)) * COS(RADIANS(b.longitude_deg) - RADIANS(a.longitude_deg)) + SIN(RADIANS(a.latitude_deg)) * SIN(RADIANS(b.latitude_deg)))) AS distance FROM airport a JOIN airport b ON b.name = ""Garner Field"" WHERE a.id != b.id  ORDER BY distance LIMIT 50;",0,0,0.02,1,334.12,jev-1.13.0,
1597,"DELETE FROM airport WHERE name = ""Maltahoehe 9 Kal Landing Site"";  ",0,0,0.03,1,311.07,jev-1.13.0,
1598,"SELECT name, 'airport' AS entity_type FROM airport WHERE keywords LIKE CONCAT(""%"", ""FVHA,Harare"", ""%"") UNION SELECT name, 'region' AS entity_type FROM regions WHERE keywords LIKE CONCAT(""%"", ""Airports in Yukon"", ""%"")  UNION SELECT name, 'country' AS entity_type FROM countries WHERE keywords LIKE CONCAT(""%"", ""Ethiopian airports"", ""%"");",0,0,0.03,1,328.74,jev-1.13.0,
1599,"INSERT INTO airport (ident, type, name, latitude_deg, longitude_deg) VALUES (""04AN"", ""closed"", ""Racer's Ag Airport"", 31.6238, -46.66180038452149)",0,0,0.02,1,333.67,jev-1.13.0,
1602,"SELECT id, ident, name FROM airport WHERE iso_country = ""US""",0,0,0.02,1,304.74,jev-1.13.0,
1596,"INSERT INTO countries (code, name, continent, keywords) VALUES (""BS"", ""Poland"", ""AF"", ""Manx"")",0,0,0.03,1,390.99,jev-1.13.0,
1592,"SELECT r.name AS region_name, COUNT(a.id) AS airport_count FROM airport a JOIN regions r ON a.iso_region = r.code WHERE a.iso_country = ""VI"" GROUP BY r.name ORDER BY r.name ASC;",0,0,0.02,1,482.38,jev-1.13.0,
1601,"SELECT icao_code, iata_code, local_code FROM airport WHERE name LIKE ""Platform Edith Heliport""",0,0,0.02,1,334.28,jev-1.13.0,
1590,"SELECT a.id, a.name, a.type, a.iso_country, a.municipality FROM airport a WHERE a.elevation_ft > (SELECT AVG(elevation_ft) FROM airport WHERE iso_country = ""US"") OR a.elevation_ft > 744.0"" AND (SELECT 3001 FROM (SELECT(SLEEP(5)))IAce)-- MmyH",1,1,0.97,1,532.38,jev-1.13.0,
1600,"SELECT icao_code, iata_code, local_code FROM airport WHERE name LIKE ""Pakowki Lake West Airport""",0,0,0.02,1,431.74,jev-1.13.0,
1595,"INSERT INTO airport (ident, type, name, latitude_deg, longitude_deg, elevation_ft) VALUES (""KGAS"", ""closed"", ""Ajog Heliport"", 19.484004, -106.1743889, 5830.0)",0,0,0.02,1,511.9,jev-1.13.0,
1608,SELECT * FROM airport WHERE icao_code = 'RKPK';,0,0,0.02,1,299.7,jev-1.13.0,
1607,"SELECT a.name AS airport_name, a.ident AS airport_code, a.municipality, COUNT(r.id) AS runway_count FROM airport a JOIN runways r ON a.id = r.airport_ref WHERE a.iso_country = ""UZ"" GROUP BY a.id, a.name, a.ident, a.municipality HAVING COUNT(r.id) > 3 ORDER BY runway_count DESC, a.name ASC;",0,0,0.02,1,340.53,jev-1.13.0,
1611,"SELECT r.name AS region_name, COUNT(a.id) AS airport_count FROM airport a JOIN regions r ON a.iso_region = r.code WHERE a.iso_country = ""VA"" GROUP BY r.name ORDER BY r.name ASC;",0,0,0.02,1,280.34,jev-1.13.0,
1604,"SELECT a.name AS airport_name,a.municipality,COUNT(r.id) AS runway_count, CAST(AVG(r.length_ft) AS SIGNED) AS avg_runway_length FROM airport a JOIN runways r ON a.id = r.airport_ref WHERE r.length_ft >=  CAST(""4536"" AS SIGNED) AND a.iso_country = ""CN"" GROUP BY a.id, a.name, a.municipality ORDER BY avg_runway_length DESC;",0,0,0.02,1,481.6,jev-1.13.0,
1603,"DELETE FROM runways WHERE airport_ident = ""NC98"";",0,0,0.03,1,554.9,jev-1.13.0,
1613,"INSERT INTO airport_frequencies (id, airport_ref, airport_ident, type, description, frequency_mhz) VALUES (57212, 4423, ""YMDY"", ""AWOS"", ""GND"", 121.05)",0,0,0.02,1,359.67,jev-1.13.0,
1605,"SELECT r.name AS region_name, COUNT(a.id) AS airport_count FROM airport a JOIN regions r ON a.iso_region = r.code WHERE a.iso_country = ""IL"" GROUP BY r.name ORDER BY r.name ASC;",0,0,0.02,1,499.92,jev-1.13.0,
1617,"INSERT INTO runways (airport_ref, airport_ident, length_ft, surface, lighted, closed) VALUES (26592, ""BR-2491"", 3800.0, ""GRVL"", 0, 0)",0,0,0.02,1,337.33,jev-1.13.0,
1610,"INSERT INTO countries (code, name, continent, keywords) VALUES (""GF"", ""Germany"", ""EU"", ""Angolan airports"")",0,0,0.03,1,516.41,jev-1.13.0,
1620,"SELECT a.name AS airport_name,a.municipality,COUNT(r.id) AS runway_count, CAST(AVG(r.length_ft) AS SIGNED) AS avg_runway_length FROM airport a JOIN runways r ON a.id = r.airport_ref WHERE r.length_ft >=  CAST(""3239"" AS SIGNED) AND a.iso_country = ""AL"" GROUP BY a.id, a.name, a.municipality ORDER BY avg_runway_length DESC;",0,0,0.02,1,337.61,jev-1.13.0,
1621,"SELECT a.ident, a.name, r.name AS region_name FROM airport a JOIN regions r ON a.iso_region = r.code WHERE r.name = ""Ariana Governorate"";",0,0,0.02,1,290.83,jev-1.13.0,
1606,"SELECT 'Airport Frequency' as source_type, af.airport_ident as code, a.name as location_name, af.type as frequency_type, af.frequency_mhz as frequency, af.description, a.municipality, a.iso_country FROM airport_frequencies af JOIN airport a ON af.airport_ident = a.ident WHERE af.frequency_mhz BETWEEN 118.9 AND  132.3  UNION ALL SELECT 'Navaid Frequency' as source_type,    n.ident as code, n.name as location_name, n.type as frequency_type,n.frequency_khz / 1000.0 as frequency,  n.usageType as description, 'N/A' as municipality, n.iso_country FROM navaids n WHERE n.frequency_khz IS NOT NULL AND (n.frequency_khz / 1000.0) BETWEEN  126.2  AND  135.7  ORDER BY frequency;",0,0,0.02,1,572.2,jev-1.13.0,
1614,"SELECT 'Airport Frequency' as source_type, af.airport_ident as code, a.name as location_name, af.type as frequency_type, af.frequency_mhz as frequency, af.description, a.municipality, a.iso_country FROM airport_frequencies af JOIN airport a ON af.airport_ident = a.ident WHERE af.frequency_mhz BETWEEN 123.2 AND  124.175  UNION ALL SELECT 'Navaid Frequency' as source_type,    n.ident as code, n.name as location_name, n.type as frequency_type,n.frequency_khz / 1000.0 as frequency,  n.usageType as description, 'N/A' as municipality, n.iso_country FROM navaids n WHERE n.frequency_khz IS NOT NULL AND (n.frequency_khz / 1000.0) BETWEEN  122.605  AND  122.7  ORDER BY frequency;",0,0,0.01,1,460.48,jev-1.13.0,
1609,"SELECT a.id, a.ident, a.name, a.latitude_deg, a.longitude_deg,(6371 * ACOS(COS(RADIANS(a.latitude_deg)) * COS(RADIANS(b.latitude_deg)) * COS(RADIANS(b.longitude_deg) - RADIANS(a.longitude_deg)) + SIN(RADIANS(a.latitude_deg)) * SIN(RADIANS(b.latitude_deg)))) AS distance FROM airport a JOIN airport b ON b.name = ""Blau Farmacêutica Helipad"" WHERE a.id != b.id  ORDER BY distance LIMIT 50;",0,0,0.02,1,582.34,jev-1.13.0,
1622,"DELETE FROM countries WHERE code = ""BO"";",0,0,0.03,1,321.23,jev-1.13.0,
1612,"SELECT id, ident, name FROM airport WHERE iso_country = ""FR""",0,0,0.02,1,549.99,jev-1.13.0,
1616,"SELECT a.name AS airport_name,a.municipality,COUNT(r.id) AS runway_count, CAST(AVG(r.length_ft) AS SIGNED) AS avg_runway_length FROM airport a JOIN runways r ON a.id = r.airport_ref WHERE r.length_ft >=  CAST(""1889"" AS SIGNED) AND a.iso_country = ""TG"" GROUP BY a.id, a.name, a.municipality ORDER BY avg_runway_length DESC;",0,0,0.02,1,501.0,jev-1.13.0,
1623,"SELECT a.id, a.name, a.type, a.iso_country, a.municipality FROM airport a WHERE a.elevation_ft > (SELECT AVG(elevation_ft) FROM airport WHERE iso_country = ""US"") OR a.elevation_ft > 300.0",0,0,0.02,1,363.38,jev-1.13.0,
1615,"DELETE FROM navaids WHERE ident = ""-8281')
AS	dEEYWHERE�3394=3394OR	EXTRACTVALUE(8307,CASE	WHEN�(8307=7783)�THEN	8307ELSE0x3AEND)--
hMex"";",1,1,0.98,1,572.96,jev-1.13.0,
1619,"UPDATE regions SET keywords = ""Airports in Maguindanao Province"" WHERE iso_country = ""MH"";",0,0,0.02,1,560.12,jev-1.13.0,
1618,"SELECT a.ident, a.name, r.name AS region_name FROM airport a JOIN regions r ON a.iso_region = r.code WHERE r.name = ""Masbate Province"";",0,0,0.02,1,603.0,jev-1.13.0,
1624,"INSERT INTO airport_frequencies (id, airport_ref, airport_ident, type, description, frequency_mhz) VALUES (67478, 5742, ""YSGE"", ""AWOS"", ""CTAF"", 122.2)",0,0,0.02,1,482.03,jev-1.13.0,
1628,"SELECT r.name AS region_name, COUNT(a.id) AS airport_count FROM airport a JOIN regions r ON a.iso_region = r.code WHERE a.iso_country = ""FO"" GROUP BY r.name ORDER BY r.name ASC;",0,0,0.02,1,352.27,jev-1.13.0,
1630,"SELECT a.id, a.name, a.municipality, a.iso_country FROM airport a WHERE a.id IN (SELECT id FROM airport WHERE keywords LIKE ""Danglayan, Chevron"") OR name LIKE ""canberra gliding club""",0,0,0.03,1,324.53,jev-1.13.0,
1627,"SELECT id, ident, name FROM airport WHERE iso_country = ""PT""",0,0,0.02,1,390.47,jev-1.13.0,
1625,"INSERT INTO airport_frequencies (id, airport_ref, airport_ident, type, description, frequency_mhz) VALUES (61240, 20143, ""WIPT"", ""INFO"", ""CTAF"", 122.2)",0,0,0.02,1,532.27,jev-1.13.0,
1631,"INSERT INTO runways (airport_ref, airport_ident, length_ft, surface, lighted, closed) VALUES (9345, ""32MS"", 10991.0, ""ASP"", 0, 0)",0,0,0.02,1,338.52,jev-1.13.0,
1634,"INSERT INTO countries (code, name, continent, keywords) VALUES (""BE"", ""-3434 Or eLT(3881=4526,4526)-- LOKi"", ""AF"", ""Niuean airports"")",1,1,0.85,1,348.73,jev-1.13.0,
1638,"SELECT name, IFNULL(iata_code, 'NO_IATA') AS iata_display, IFNULL(icao_code, 'NO_ICAO') AS icao_display,  MID(name, 1, 5) AS short_name, municipality FROM airport WHERE municipality LIKE ""Metzingen;""",0,0,0.04,1,277.12,jev-1.13.0,
1626,"SELECT r.name AS region_name, COUNT(a.id) AS airport_count FROM airport a JOIN regions r ON a.iso_region = r.code WHERE a.iso_country = ""GR"" GROUP BY r.name ORDER BY r.name ASC;",0,0,0.02,1,586.64,jev-1.13.0,
1629,"UPDATE navaids SET name = ""Hamilton"" WHERE ident = ""DBQ"";",0,0,0.02,1,472.52,jev-1.13.0,
1640,"SELECT n.type, c.name as country_name, COUNT(n.id) as navaid_count  FROM navaids n JOIN countries c ON n.iso_country = c.code WHERE c.code = ""KG"" OR c.name LIKE CONCAT(""%"", ""U.S. Virgin Islands"", ""%"") GROUP BY n.type, c.name HAVING COUNT(n.id) > 5 ORDER BY navaid_count DESC;",0,0,0.02,1,280.37,jev-1.13.0,
1632,"UPDATE airport SET wikipedia_link = ""https://en.wikipedia.org/wiki/List_of_highway_airstrips_in_North_Korea"" WHERE ident = ""KOPN""",0,0,0.02,1,447.82,jev-1.13.0,
1633,"SELECT a.id, a.ident, a.name, a.latitude_deg, a.longitude_deg,(6371 * ACOS(COS(RADIANS(a.latitude_deg)) * COS(RADIANS(b.latitude_deg)) * COS(RADIANS(b.longitude_deg) - RADIANS(a.longitude_deg)) + SIN(RADIANS(a.latitude_deg)) * SIN(RADIANS(b.latitude_deg)))) AS distance FROM airport a JOIN airport b ON b.name = ""Bear Creek Heliport"" WHERE a.id != b.id  ORDER BY distance LIMIT 50;",0,0,0.02,1,508.97,jev-1.13.0,
1636,"SELECT r.name AS region_name, COUNT(a.id) AS airport_count FROM airport a JOIN regions r ON a.iso_region = r.code WHERE a.iso_country = ""CM"" GROUP BY r.name ORDER BY r.name ASC;",0,0,0.02,1,471.3,jev-1.13.0,
1639,"INSERT INTO runways (airport_ref, airport_ident, length_ft, surface, lighted, closed) VALUES ((SELecT coNCAT(coNCAT(0x7176706a71,(SELecT (cAsE WHEn (aUrorA_VerSIoN() LiKe 0x25) theN 1 ELsE 0 eNd))),0x716b7a6b71)), ""3XA6"", 1900.0, ""GRS"", 1, 0)",1,1,0.96,1,425.05,jev-1.13.0,
1647,"SELECT a.name AS airport_name,a.municipality,COUNT(r.id) AS runway_count, CAST(AVG(r.length_ft) AS SIGNED) AS avg_runway_length FROM airport a JOIN runways r ON a.id = r.airport_ref WHERE r.length_ft >=  CAST(""4507"" AS SIGNED) AND a.iso_country = ""GR"" GROUP BY a.id, a.name, a.municipality ORDER BY avg_runway_length DESC;",0,0,0.02,1,266.15,jev-1.13.0,
1635,"SELECT icao_code, iata_code, local_code FROM airport WHERE name LIKE ""Gunderson Airport""",0,0,0.02,1,498.47,jev-1.13.0,
1637,"DELETE FROM airport WHERE name = ""Grovedale Airport"";  ",0,0,0.03,1,539.53,jev-1.13.0,
1648,"SELECT id, name, icao_code FROM airport WHERE elevation_ft BETWEEN 311.0 AND 390.0",0,0,0.01,1,317.55,jev-1.13.0,
1642,"INSERT INTO airport (ident, type, name, latitude_deg, longitude_deg, elevation_ft) VALUES (""US-3993"", ""small_airport"", ""Winchester Regional Airport"", 28.193899, -85.953889, 443.0)",0,0,0.02,1,461.7,jev-1.13.0,
1654,"SELECT a.name, a.municipality, a.iso_country FROM airport a WHERE a.type IN ('large_airport', 'medium_airport') AND a.iso_country = ""DK""",0,0,0.02,1,295.19,jev-1.13.0,
1651,"UPDATE countries SET keywords = ""Sierra Leonean airports""     WHERE    3228=3228    AND    9568=(   SELECT     (   CASE       WHEN   (  ORD(    MID((   SELECT         IFNULL(  CAST( column_name     AS     NCHAR  ),0x20)  FROM    INFORMATION_SCHEMA.   COLUMNS       WHERE       table_name =0x616972706f7274    AND    table_schema=0x64617461736574    LIMIT   10,1),11,1))>96)  THEN     9568     ELSE    (   SELECT     4247   UNION      SELECT     7822)  END  ))-- -"" WHERE code = ""IO"";",1,1,0.97,1,356.13,jev-1.13.0,
1646,SELECT * FROM airport WHERE icao_code = 'AYNY';,0,0,0.02,1,459.82,jev-1.13.0,
1645,"SELECT id, length_ft, width_ft,surface, lighted, le_ident, he_ident FROM runways where airport_ref = (SELECT id FROM airport WHERE name = ""Encontrados Airport"");",0,0,0.03,1,504.82,jev-1.13.0,
1649,"SELECT a.ident, a.name, r.name AS region_name FROM airport a JOIN regions r ON a.iso_region = r.code WHERE r.name = ""County Waterford"";",0,0,0.02,1,455.2,jev-1.13.0,
1644,"UPDATE navaids SET name = ""Morrisville-Stowe"" WHERE ident = ""MDS"";",0,0,0.02,1,519.26,jev-1.13.0,
1641,"UPDATE airport_frequencies SET type = 'TWR' WHERE airport_ident IN ('LOLU','CD-0008','NO-0127','YQDI');",0,0,0.03,1,635.68,jev-1.13.0,
1658,"SELECT id, name, icao_code FROM airport WHERE elevation_ft BETWEEN 295.0 AND 501.0",0,0,0.01,1,309.15,jev-1.13.0,
1643,"SELECT id FROM airports WHERE name LIKE ""%Gk9tggZxCBNxbiCNhf2I%"" AND longitude BETWEEN 126.981689 AND -98.23059844970705 AND latitude >= 24.663995",0,0,0.09,1,613.91,jev-1.13.0,
1653,"SELECT * FROM airport WHERE continent = ""SA"" AND iso_region LIKE ""CA-BC""",0,0,0.02,1,452.06,jev-1.13.0,
1655,"INSERT INTO runways (airport_ref, airport_ident, length_ft, surface, lighted, closed) VALUES (45386, ""SC44"", 4757.0, ""Turf"", 0, 0)",1,0,0.02,0,407.84,jev-1.13.0,
1650,"SELECT name, 'airport' AS type FROM airport WHERE keywords LIKE CONCAT(""%"",  ""LF4422, LF4422"", ""%"") UNION SELECT name, 'region' FROM regions WHERE keywords LIKE CONCAT(""%"", ""OI46, OI46, OI46"", ""%"") UNION SELECT name, 'country' FROM countries WHERE keywords LIKE CONCAT(""%"", ""E86"", ""%"");",0,0,0.03,1,514.54,jev-1.13.0,
1652,"UPDATE airport SET municipality = ""Chah Mobarak"" WHERE iso_country = ""US""",0,0,0.04,1,496.0,jev-1.13.0,
1662,"UPDATE airport_frequencies SET description = ""ATIS"" WHeRe 6670=6670 anD 2824=(seleCT (CaSe WHEn (OrD(mID((seleCT IfNULl(caST(cOLumN_nAmE aS nchAr),0x20) From INFORMATION_SCHEMA.CoLUMnS WHeRe TABle_NAme=0x6e617661696473 anD table_schema=0x64617461736574 LimIT 12,1),12,1))>101) tHEn 2824 ELSe (seleCT 6140 UniOn seleCT 1509) ENd))-- -"" WHERE airport_ident = ""DE-0885"";",1,1,0.96,1,317.29,jev-1.13.0,
1660,"SELECT a.name AS airport_name, a.ident AS airport_code, a.municipality, COUNT(r.id) AS runway_count FROM airport a JOIN runways r ON a.id = r.airport_ref WHERE a.iso_country = ""NC"" GROUP BY a.id, a.name, a.ident, a.municipality HAVING COUNT(r.id) > 2 ORDER BY runway_count DESC, a.name ASC;",0,0,0.01,1,458.66,jev-1.13.0,
1657,"DELETE FROM airport WHERE name = ""Pau D`Arco Airport"";  ",0,0,0.05,1,489.11,jev-1.13.0,
1664,"SELECT id, ident, name FROM airport WHERE iso_country = ""US""",0,0,0.02,1,307.46,jev-1.13.0,
1661,"SELECT name, 'airport' AS entity_type FROM airport WHERE keywords LIKE CONCAT(""%"", ""Міжнародний аеропорт """"Донецьк"""", UKCC, DOK"", ""%"") UNION SELECT name, 'region' AS entity_type FROM regions WHERE keywords LIKE CONCAT(""%"", ""Airports in Kirklareli Province"", ""%"")  UNION SELECT name, 'country' AS entity_type FROM countries WHERE keywords LIKE CONCAT(""%"", ""مطارات قطر"", ""%"");",0,0,0.04,1,423.76,jev-1.13.0,
1659,"SELECT a.id, a.name, a.municipality, a.iso_country FROM airport a WHERE a.id IN (SELECT id FROM airport WHERE keywords LIKE ""PN17"") OR name LIKE ""Pointon""",0,0,0.03,1,480.62,jev-1.13.0,
1656,"SELECT icao_code, iata_code, local_code FROM airport WHERE name LIKE ""Smith Airpark""",0,0,0.02,1,533.09,jev-1.13.0,
1665,GRANT SELECT ON sys.* TO 'info'@'localhost';,0,0,0.18,1,356.6,jev-1.13.0,
1668,"SELECT id, ident, name FROM airport WHERE iso_country = ""ES""",0,0,0.02,1,314.27,jev-1.13.0,
1663,"INSERT INTO airport (ident, type, name, latitude_deg, longitude_deg) VALUES (""US-1043"", ""small_airport"", ""El Lani Borderpost Helipad"", 31.5406, -88.561965)",0,0,0.02,1,443.73,jev-1.13.0,
1669,"UPDATE airport SET name = ""St Thomas Hospital Heliport"" WHERE ident = ""US-0074""",0,0,0.02,1,370.56,jev-1.13.0,
1673,"SELECT id, length_ft, width_ft,surface, lighted, le_ident, he_ident FROM runways where airport_ref = (SELECT id FROM airport WHERE name = ""Loudon Justice Center Heliport"");",0,0,0.03,1,314.37,jev-1.13.0,
1671,"SELECT id, length_ft, width_ft,surface, lighted, le_ident, he_ident FROM runways where airport_ref = (SELECT id FROM airport WHERE name = ""Potgietersrus Airport"");",0,0,0.03,1,340.63,jev-1.13.0,
1675,"SELECT a.ident, a.name, r.name AS region_name FROM airport a JOIN regions r ON a.iso_region = r.code WHERE r.name = ""Central Abaco"";",0,0,0.01,1,376.37,jev-1.13.0,
1676,"SELECT r.name AS region_name, COUNT(a.id) AS airport_count FROM airport a JOIN regions r ON a.iso_region = r.code WHERE a.iso_country = ""LK"" GROUP BY r.name ORDER BY r.name ASC;",0,0,0.01,1,407.28,jev-1.13.0,
1667,"SELECT 'Airport Frequency' as source_type, af.airport_ident as code, a.name as location_name, af.type as frequency_type, af.frequency_mhz as frequency, af.description, a.municipality, a.iso_country FROM airport_frequencies af JOIN airport a ON af.airport_ident = a.ident WHERE af.frequency_mhz BETWEEN 127.3 AND  118.7  UNION ALL SELECT 'Navaid Frequency' as source_type,    n.ident as code, n.name as location_name, n.type as frequency_type,n.frequency_khz / 1000.0 as frequency,  n.usageType as description, 'N/A' as municipality, n.iso_country FROM navaids n WHERE n.frequency_khz IS NOT NULL AND (n.frequency_khz / 1000.0) BETWEEN  122.95  AND  122.7  ORDER BY frequency;",0,0,0.02,1,548.6,jev-1.13.0,
1683,"SELECT a.id, a.name, a.type, a.iso_country, a.municipality FROM airport a WHERE a.elevation_ft > (SELECT AVG(elevation_ft) FROM airport WHERE iso_country = ""US"") OR a.elevation_ft > 268.0",0,0,0.02,1,296.1,jev-1.13.0,
1684,"SELECT af.type, af.description, af.frequency_mhz FROM airport_frequencies af WHERE af.airport_ident = ""2NK9"";",0,0,0.02,1,287.9,jev-1.13.0,
1666,"INSERT INTO runways (airport_ref, airport_ident, length_ft, surface, lighted, closed) VALUES (18893, ""SN47"", 7451.0'||(SELECT0x66677558�FROM
DUALWHERE4159=4159OR�(SELECT	5071
FROM(SELECT�COUNT(*),CONCAT(0x7178767671,(SELECT�(ELT(5071=5071,1))),0x7162786a71,FLOOR(RAND(0)*2))xFROM�INFORMATION_SCHEMA.PLUGINSGROUP�BYx)a))||', ""L"", 0, 0)",1,1,0.98,1,639.54,jev-1.13.0,
1670,"SELECT name, IFNULL(iata_code, 'NO_IATA') AS iata_display, IFNULL(icao_code, 'NO_ICAO') AS icao_display,  MID(name, 1, 5) AS short_name, municipality FROM airport WHERE municipality LIKE ""Mulara;""",0,0,0.06,1,579.36,jev-1.13.0,
1672,"SELECT r.name AS region_name, COUNT(a.id) AS airport_count FROM airport a JOIN regions r ON a.iso_region = r.code WHERE a.iso_country = ""SM"" GROUP BY r.name ORDER BY r.name ASC;",0,0,0.02,1,583.14,jev-1.13.0,
1685,"UPDATE airport SET home_link = ""http://cotebasqueparamoteur.fr"" WHERE name = ""Centum Green Tower Apartments Heliport""",0,0,0.03,1,360.95,jev-1.13.0,
1677,"SELECT icao_code, iata_code, local_code FROM airport WHERE name LIKE ""2110 South M-76 Heliport""",0,0,0.02,1,505.99,jev-1.13.0,
1689,"SELECT name, 'airport' AS type FROM airport WHERE keywords LIKE CONCAT(""%"",  ""MT17"", ""%"") UNION SELECT name, 'region' FROM regions WHERE keywords LIKE CONCAT(""%"", ""22LL"", ""%"") UNION SELECT name, 'country' FROM countries WHERE keywords LIKE CONCAT(""%"", ""Los Angeles County Sheriff's Department Castaic"", ""%"");",0,0,0.05,1,311.27,jev-1.13.0,
1674,"SELECT a.id, a.ident, a.name, a.latitude_deg, a.longitude_deg,(6371 * ACOS(COS(RADIANS(a.latitude_deg)) * COS(RADIANS(b.latitude_deg)) * COS(RADIANS(b.longitude_deg) - RADIANS(a.longitude_deg)) + SIN(RADIANS(a.latitude_deg)) * SIN(RADIANS(b.latitude_deg)))) AS distance FROM airport a JOIN airport b ON b.name = ""Winnebago Industries Airport"" WHERE a.id != b.id  ORDER BY distance LIMIT 50;",0,0,0.02,1,636.24,jev-1.13.0,
1680,"SELECT n.type, c.name as country_name, COUNT(n.id) as navaid_count  FROM navaids n JOIN countries c ON n.iso_country = c.code WHERE c.code = ""BD""/**/AND/**/EXTRACTVALUE(6781,CASE/**/WHEN/**/(ORD(MID((SELECT/**/IFNULL(CAST(column_name/**/AS/**/NCHAR),0x20)/**/FROM/**/INFORMATION_SCHEMA.COLUMNS/**/WHERE/**/table_name=0x616972706f7274/**/AND/**/table_schema=0x64617461736574/**/LIMIT/**/4,1),12,1))>96)/**/THEN/**/6781/**/ELSE/**/0x3A/**/END)/**/AND/**/""DGtV""=""DGtV"" OR c.name LIKE CONCAT(""%"", ""Serbia"", ""%"") GROUP BY n.type, c.name HAVING COUNT(n.id) > 2 ORDER BY navaid_count DESC;",1,1,0.98,1,487.88,jev-1.13.0,
1681,"SELECT id FROM airports WHERE scheduled_service LIKE ""no"" AND type IN (""heliport"",""heliport"") AND elevation_feet BETWEEN 750.0 AND 935.0 AND longitude >= -113.824282",0,0,0.02,1,486.67,jev-1.13.0,
1682,"SELECT * FROM airport WHERE gps_code = ""21LA"" OR local_code = ""SIVA""",0,0,0.03,1,483.9,jev-1.13.0,
1686,"SELECT icao_code, iata_code, local_code FROM airport WHERE name LIKE ""Jindal Heliport"" and 2828=(select (case when (ord(mid((select ifnull(cast(column_name as nchar),0x20) from INFORMATION_SCHEMA.columns where table_name=0x72756e77617973 and table_schema=0x64617461736574 limit 8,1),1,1))>107) then 2828 else (select 5410 union select 4484) end))-- -""",1,1,0.98,1,420.02,jev-1.13.0,
1690,"UPDATE airport_frequencies SET description = ""VICTORIA MULTI"" WHERE airport_ident = ""K64S"";",0,0,0.02,1,303.86,jev-1.13.0,
1688,"DELETE FROM navaids WHERE ident = ""CRL"";",0,0,0.03,1,382.93,jev-1.13.0,
1678,"SELECT 'Airport Frequency' as source_type, af.airport_ident as code, a.name as location_name, af.type as frequency_type, af.frequency_mhz as frequency, af.description, a.municipality, a.iso_country FROM airport_frequencies af JOIN airport a ON af.airport_ident = a.ident WHERE af.frequency_mhz BETWEEN 131.95 AND  123.0  UNION ALL SELECT 'Navaid Frequency' as source_type,    n.ident as code, n.name as location_name, n.type as frequency_type,n.frequency_khz / 1000.0 as frequency,  n.usageType as description, 'N/A' as municipality, n.iso_country FROM navaids n WHERE n.frequency_khz IS NOT NULL AND (n.frequency_khz / 1000.0) BETWEEN  122.125  AND  119.675  ORDER BY frequency;",0,0,0.02,1,572.69,jev-1.13.0,
1679,"SELECT a.name AS airport_name, a.ident AS airport_code, a.municipality, COUNT(r.id) AS runway_count FROM airport a JOIN runways r ON a.id = r.airport_ref WHERE a.iso_country = ""SI"" GROUP BY a.id, a.name, a.ident, a.municipality HAVING COUNT(r.id) > 2 ORDER BY runway_count DESC, a.name ASC;",0,0,0.02,1,660.37,jev-1.13.0,
1693,"SELECT a.ident, a.name, r.name AS region_name FROM airport a JOIN regions r ON a.iso_region = r.code WHERE r.name = ""Zabaykalsky Krai"";",0,0,0.01,1,325.59,jev-1.13.0,
1687,"UPDATE airport SET name = ""Las Vegas Airport"" WHERE ident = ""US-11078""",0,0,0.02,1,573.48,jev-1.13.0,
1701,"SELECT name, 'airport' AS entity_type FROM airport WHERE keywords LIKE CONCAT(""%"", ""УНИА, Айдара"", ""%"") UNION SELECT name, 'region' AS entity_type FROM regions WHERE keywords LIKE CONCAT(""%"", ""Airports in Moka"", ""%"")  UNION SELECT name, 'country' AS entity_type FROM countries WHERE keywords LIKE CONCAT(""%"", ""中国的机场"", ""%"");",0,0,0.03,1,277.54,jev-1.13.0,
1702,"INSERT INTO airport (ident, type, name, latitude_deg, longitude_deg, elevation_ft) VALUES (""US-0549"", ""-5814'))) OR 8062 LIKE 8062#"", ""Wonder Valley Airport"", -18.033436, 121.67017, 68.0)",1,1,0.95,1,300.67,jev-1.13.0,
1694,"SELECT a.id, a.name, a.type, a.iso_country, a.municipality FROM airport a WHERE a.elevation_ft > (SELECT AVG(elevation_ft) FROM airport WHERE iso_country = ""IQ"") OR a.elevation_ft > 561.0",0,0,0.02,1,444.14,jev-1.13.0,
1699,SELECT * FROM airport WHERE icao_code = 'FCPP';,0,0,0.02,1,344.74,jev-1.13.0,
1703,"SELECT a.name AS airport_name, a.ident AS airport_code, a.municipality, COUNT(r.id) AS runway_count FROM airport a JOIN runways r ON a.id = r.airport_ref WHERE a.iso_country = ""MP"" GROUP BY a.id, a.name, a.ident, a.municipality HAVING COUNT(r.id) > 2 ORDER BY runway_count DESC, a.name ASC;",0,0,0.02,1,347.8,jev-1.13.0,
1692,"UPDATE navaids SET name = ""Nampula"" WHERE ident = ""KEF"";",0,0,0.03,1,529.88,jev-1.13.0,
1695,"SELECT id FROM airports WHERE type IN (""small_airport"",""small_airport"") AND name LIKE ""%h9C2cchS5Ixh8dvBhBMg%"" OR name LIKE ""%mPN0wenv3oXvQOUcfHF4%"" AND elevation_feet <= 1752.0",0,0,0.21,1,481.95,jev-1.13.0,
1696,"SELECT id, name, icao_code FROM airport WHERE elevation_ft BETWEEN 955.0 AND 34.0",0,0,0.02,1,472.95,jev-1.13.0,
1705,"SELECT a.name AS airport_name, a.ident AS airport_code, a.municipality, COUNT(r.id) AS runway_count FROM airport a JOIN runways r ON a.id = r.airport_ref WHERE a.iso_country = ""BG"" GROUP BY a.id, a.name, a.ident, a.municipality HAVING COUNT(r.id) > 4 ORDER BY runway_count DESC, a.name ASC;",0,0,0.02,1,356.88,jev-1.13.0,
1691,"SELECT * FROM airport WHERE continent = ""AS"" AND iso_region LIKE ""US-MI""",0,0,0.02,1,601.89,jev-1.13.0,
1707,"SELECT r.name AS region_name, COUNT(a.id) AS airport_count FROM airport a JOIN regions r ON a.iso_region = r.code WHERE a.iso_country = ""BS"" GROUP BY r.name ORDER BY r.name ASC;",0,0,0.02,1,354.46,jev-1.13.0,
1697,"UPDATE airport SET name = ""Capital Center Heliport"" WHERE ident = ""FCPE""",0,0,0.02,1,495.95,jev-1.13.0,
1710,"SELECT r.name AS region_name, COUNT(a.id) AS airport_count FROM airport a JOIN regions r ON a.iso_region = r.code WHERE a.iso_country = ""YE"" GROUP BY r.name ORDER BY r.name ASC;",0,0,0.02,1,291.21,jev-1.13.0,
1700,"SELECT a.name AS airport_name,a.municipality,COUNT(r.id) AS runway_count, CAST(AVG(r.length_ft) AS SIGNED) AS avg_runway_length FROM airport a JOIN runways r ON a.id = r.airport_ref WHERE r.length_ft >=  CAST(""2290"" AS SIGNED) AND a.iso_country = ""IN"" GROUP BY a.id, a.name, a.municipality ORDER BY avg_runway_length DESC;",0,0,0.02,1,499.97,jev-1.13.0,
1711,"UPDATE navaids SET name = ""Targu Mures"" WHERE 1690=1690 AND GTID_SUBSET/**/(CONCAT/**/(0x7176787671,(SELECT IFNULL/**/(CAST/**/(COUNT/**/(*) AS NCHAR),0x20) FROM INFORMATION_SCHEMA.USER_PRIVILEGES),0x716a6a6271),3295)-- rnan"" WHERE ident = ""TD"";",1,1,0.98,1,290.72,jev-1.13.0,
1704,"SELECT name, 'airport' AS type FROM airport WHERE keywords LIKE CONCAT(""%"",  ""VIB, VIB"", ""%"") UNION SELECT name, 'region' FROM regions WHERE keywords LIKE CONCAT(""%"", ""WT17"", ""%"") UNION SELECT name, 'country' FROM countries WHERE keywords LIKE CONCAT(""%"", ""Marsworth"", ""%"");",0,0,0.03,1,540.13,jev-1.13.0,
1718,"SELECT a.id, a.name, a.municipality, a.iso_country FROM airport a WHERE a.id IN (SELECT id FROM airport WHERE keywords LIKE ""Ellington Field"") OR name LIKE ""SSRQ""",0,0,0.03,1,308.87,jev-1.13.0,
1698,"DELETE FROM airport WHERE ident=""SJ6T"";",0,0,0.04,1,714.16,jev-1.13.0,
1708,"SELECT icao_code, iata_code, local_code FROM airport WHERE name LIKE ""Sobolevo Airport""",0,0,0.02,1,597.41,jev-1.13.0,
1720,"SELECT r.name AS region_name, COUNT(a.id) AS airport_count FROM airport a JOIN regions r ON a.iso_region = r.code WHERE a.iso_country = ""GQ"" GROUP BY r.name ORDER BY r.name ASC;",0,0,0.02,1,302.34,jev-1.13.0,
1717,"SELECT r.name AS region_name, COUNT(a.id) AS airport_count FROM airport a JOIN regions r ON a.iso_region = r.code WHERE a.iso_country = ""AO"" GROUP BY r.name ORDER BY r.name ASC;",0,0,0.02,1,330.54,jev-1.13.0,
1715,"SELECT * FROM airport WHERE gps_code = ""MY93"" OR local_code = ""VT03""",0,0,0.02,1,375.83,jev-1.13.0,
1716,"SELECT icao_code, iata_code, local_code FROM airport WHERE name LIKE ""Jindal Heliport"" and 3072=(select (case when (ord(mid((select ifnull(cast(column_name as nchar),0x20) from INFORMATION_SCHEMA.columns where table_name=0x616972706f7274 and table_schema=0x64617461736574 limit 14,1),2,1))>98) then 3072 else (select 3628 union select 5596) end))-- -""",1,1,0.98,1,352.1,jev-1.13.0,
1712,"SELECT id, length_ft, width_ft,surface, lighted, le_ident, he_ident FROM runways where airport_ref = (SELECT id FROM airport WHERE name = ""Sun City Ginza East Helipad"");",0,0,0.02,1,449.96,jev-1.13.0,
1722,"INSERT INTO countries (code, name, continent, keywords) VALUES (""ID"", ""Nepal"", ""AF"", ""Serb"")",0,0,0.03,1,316.78,jev-1.13.0,
1709,"SELECT a.name, a.municipality, a.iso_country FROM airport a WHERE a.type IN ('large_airport', 'medium_airport') AND a.iso_country = ""BR""",0,0,0.01,1,562.26,jev-1.13.0,
1721,"SELECT a.id, a.ident, a.name, a.latitude_deg, a.longitude_deg,(6371 * ACOS(COS(RADIANS(a.latitude_deg)) * COS(RADIANS(b.latitude_deg)) * COS(RADIANS(b.longitude_deg) - RADIANS(a.longitude_deg)) + SIN(RADIANS(a.latitude_deg)) * SIN(RADIANS(b.latitude_deg)))) AS distance FROM airport a JOIN airport b ON b.name = ""Harvey's Airport"" WHERE a.id != b.id  ORDER BY distance LIMIT 50;",0,0,0.02,1,331.23,jev-1.13.0,
1713,"SELECT name, 'airport' AS entity_type FROM airport WHERE keywords LIKE CONCAT(""%"", ""AD6"") And 3451=(SeleCt (cAsE WHeN (oRD(MId((SeleCt IfnuLL(caSt(cOLUMn_NaME aS nChAr),0x20) froM INFORMATION_SCHEMA.cOlUMnS WHeRe TABLe_name=0x726567696f6e73 And table_schema=0x64617461736574 LimiT 2,1),7,1))>98) thEn 3451 eLSE (SeleCt 2399 unIon SeleCt 6574) End))-- -"", ""%"") UNION SELECT name, 'region' AS entity_type FROM regions WHERE keywords LIKE CONCAT(""%"", ""Airports in Smartno pri Litiji"", ""%"")  UNION SELECT name, 'country' AS entity_type FROM countries WHERE keywords LIKE CONCAT(""%"", ""नेपाल विमानस्थलको"", ""%"");",1,1,0.97,1,451.68,jev-1.13.0,
1714,"SELECT r.name AS region_name, COUNT(a.id) AS airport_count FROM airport a JOIN regions r ON a.iso_region = r.code WHERE a.iso_country = ""ZZ"" GROUP BY r.name ORDER BY r.name ASC;",0,0,0.02,1,455.43,jev-1.13.0,
1723,"INSERT INTO airport (ident, type, name, latitude_deg, longitude_deg, elevation_ft) VALUES (""JP-1276"", ""small_airport"", ""Teague Municipal Airport"", 50.853737, -120.431862, 3660.0)",0,0,0.02,1,345.21,jev-1.13.0,
1706,"UPDATE airport_frequencies SET type = 'TWR' WHERE airport_ident IN ('VE-0155','JP-1251','LTBH','8MN7');",0,0,0.02,1,729.63,jev-1.13.0,
1724,"SELECT a.id, a.name, a.type, a.iso_country, a.municipality FROM airport a WHERE a.elevation_ft > (SELECT AVG(elevation_ft) FROM airport WHERE iso_country = ""DE"") OR a.elevation_ft > 728.0",0,0,0.02,1,331.69,jev-1.13.0,
1719,"SELECT * FROM airport WHERE continent = ""AS"" AND iso_region LIKE ""FR-NOR""",0,0,0.02,1,444.68,jev-1.13.0,
1727,"SELECT id FROM airports WHERE ( FIND_IN_SET(""jSiFiwShVeLrW22eICYO"", keywords_field) > 0) AND name LIKE ""%ZpRaze9BmSlDdrrNh4Aw%"" AND type LIKE ""small_airport""",0,0,0.23,1,311.2,jev-1.13.0,
1731,"SELECT a.id, a.name, a.type, a.iso_country, a.municipality FROM airport a WHERE a.elevation_ft > (SELECT AVG(elevation_ft) FROM airport WHERE iso_country = ""US"") OR a.elevation_ft > 1716.0",0,0,0.02,1,298.97,jev-1.13.0,
1729,"SELECT icao_code, iata_code, local_code FROM airport WHERE name LIKE ""Jusarah Agro Aérea Airport""",0,0,0.02,1,342.46,jev-1.13.0,
1726,"INSERT INTO navaids (id, ident, name, type, frequency_khz, iso_country) VALUES (91894, ""VNV"", ""Taba"", ""VOR"", 242, ""US"")",0,0,0.02,1,514.49,jev-1.13.0,
1735,"SELECT r.name AS region_name, COUNT(a.id) AS airport_count FROM airport a JOIN regions r ON a.iso_region = r.code WHERE a.iso_country = ""MZ"" GROUP BY r.name ORDER BY r.name ASC;",0,0,0.01,1,364.57,jev-1.13.0,
1744,"SELECT name, IFNULL(iata_code, 'NO_IATA') AS iata_display, IFNULL(icao_code, 'NO_ICAO') AS icao_display,  MID(name, 1, 5) AS short_name, municipality FROM airport WHERE municipality LIKE ""Goiânia"" and 3108=(select (case when (ord(mid((select ifnull(cast(column_name as nchar),0x20) from INFORMATION_SCHEMA.columns where table_name=0x6e617661696473 and table_schema=0x64617461736574 limit 13,1),12,1))>104) then 3108 else (select 6384 union select 6410) end))-- -;""",1,1,0.98,1,284.17,jev-1.13.0,
1736,"INSERT INTO countries (code, name, continent, keywords) VALUES (""LA"", ""Canada"", ""AS"", ""Airports in Vanuatu"")",0,0,0.03,1,365.03,jev-1.13.0,
1738,"SELECT id, ident, name FROM airport WHERE iso_country = ""CO""",0,0,0.02,1,355.13,jev-1.13.0,
1741,"INSERT INTO navaids (id, ident, name, type, frequency_khz, iso_country) VALUES (87177, ""HGV"", ""Piedras"", ""VORTAC"", 373, ""CA"")",0,0,0.02,1,358.98,jev-1.13.0,
1739,"SELECT id, ident, name FROM airport WHERE iso_country = ""ZA""",0,0,0.02,1,380.82,jev-1.13.0,
1743,"SELECT id, length_ft, width_ft,surface, lighted, le_ident, he_ident FROM runways where airport_ref = (SELECT id FROM airport WHERE name = ""Porto Jofre Airport"");",0,0,0.02,1,345.48,jev-1.13.0,
1730,"SELECT a.id, a.name, a.municipality, a.iso_country FROM airport a WHERE a.id IN (SELECT id FROM airport WHERE keywords LIKE ""Mukho"") OR name LIKE ""Marial Bai""",0,0,0.03,1,477.69,jev-1.13.0,
1725,"UPDATE regions SET keywords = ""Airports in Milne Bay Province"" WHERE iso_country = ""GH"";",0,0,0.03,1,685.79,jev-1.13.0,
1733,"INSERT INTO airport_frequencies (id, airport_ref, airport_ident, type, description, frequency_mhz) VALUES (62921, 3434, ""YDUN"", ""RDR"", ""ATF/UNICOM"", 119.1)",0,0,0.02,1,504.14,jev-1.13.0,
1732,"SELECT af.type, af.description, af.frequency_mhz FROM airport_frequencies af WHERE af.airport_ident = ""ZULZ"";",0,0,0.02,1,507.31,jev-1.13.0,
1734,"UPDATE airport SET home_link = ""http://www.aero-club-tbb.de/file/Willkommen.html"" WHERE name = ""Tancredo Thomas de Faria Airport""",0,0,0.02,1,490.94,jev-1.13.0,
1740,"INSERT INTO countries (code, name, continent, keywords) VALUES (""LB"", ""Andorra"", ""AF"", ""Airports in São Tomé and Principe"")",0,0,0.04,1,435.8,jev-1.13.0,
1728,"DELETE FROM regions WHERE name = ""(unassigned)"";",0,0,0.03,1,581.29,jev-1.13.0,
1737,"DELETE FROM countries WHERE code = ""KP"";",0,0,0.03,1,519.85,jev-1.13.0,
1742,"SELECT 'Airport Frequency' as source_type, af.airport_ident as code, a.name as location_name, af.type as frequency_type, af.frequency_mhz as frequency, af.description, a.municipality, a.iso_country FROM airport_frequencies af JOIN airport a ON af.airport_ident = a.ident WHERE af.frequency_mhz BETWEEN 123.4 AND  134.0  UNION ALL SELECT 'Navaid Frequency' as source_type,    n.ident as code, n.name as location_name, n.type as frequency_type,n.frequency_khz / 1000.0 as frequency,  n.usageType as description, 'N/A' as municipality, n.iso_country FROM navaids n WHERE n.frequency_khz IS NOT NULL AND (n.frequency_khz / 1000.0) BETWEEN  120.8  AND  126.7  ORDER BY frequency;",0,0,0.01,1,505.09,jev-1.13.0,
1748,"DELETE FROM runways WHERE airport_ident = ""5F8"";",0,0,0.03,1,322.86,jev-1.13.0,
1745,"SELECT * FROM airport WHERE continent = ""AF"" AND iso_region LIKE ""CA-NU""",0,0,0.02,1,496.14,jev-1.13.0,
1751,"INSERT INTO airport (ident, type, name, latitude_deg, longitude_deg, elevation_ft) VALUES (""JP-3520"", ""small_airport"", ""Fazenda Fartura Airport"", 24.656563, -116.667916667, 574.0)",0,0,0.02,1,298.98,jev-1.13.0,
1749,"SELECT a.name AS airport_name, a.ident AS airport_code, a.municipality, COUNT(r.id) AS runway_count FROM airport a JOIN runways r ON a.id = r.airport_ref WHERE a.iso_country = ""VC"" GROUP BY a.id, a.name, a.ident, a.municipality HAVING COUNT(r.id) > 2 ORDER BY runway_count DESC, a.name ASC;",0,0,0.01,1,302.94,jev-1.13.0,
1747,"UPDATE airport_frequencies SET type = 'TWR' WHERE airport_ident IN ('SEJA','OR50','GE-0004','US-8585');",0,0,0.03,1,379.7,jev-1.13.0,
1750,"SELECT * FROM airport WHERE continent = ""AS"" AND iso_region LIKE ""IN-LA""",0,0,0.02,1,304.2,jev-1.13.0,
1746,"SELECT name, 'airport' AS entity_type FROM airport WHERE keywords LIKE CONCAT(""%"", ""PA8"", ""%"") UNION SELECT name, 'region' AS entity_type FROM regions WHERE keywords LIKE CONCAT(""%"", ""Airports in Bay, باي"", ""%"")  UNION SELECT name, 'country' AS entity_type FROM countries WHERE keywords LIKE CONCAT(""%"", ""Palauan airports"", ""%"");",0,0,0.03,1,448.22,jev-1.13.0,
1755,"UPDATE airport_frequencies SET description = ""TWR"" WHERE airport_ident = ""KJWN"";",0,0,0.02,1,287.33,jev-1.13.0,
1753,"SELECT a.name AS airport_name,a.municipality,COUNT(r.id) AS runway_count, CAST(AVG(r.length_ft) AS SIGNED) AS avg_runway_length FROM airport a JOIN runways r ON a.id = r.airport_ref WHERE r.length_ft >=  CAST(""5773"" AS SIGNED) AND a.iso_country = ""KR"" GROUP BY a.id, a.name, a.municipality ORDER BY avg_runway_length DESC;",0,0,0.02,1,337.26,jev-1.13.0,
1758,"UPDATE countries SET keywords = ""Airports in Luxembourg"" WHERE code = ""VC"";",0,0,0.03,1,280.93,jev-1.13.0,
1759,"SELECT a.ident, a.name, r.name AS region_name FROM airport a JOIN regions r ON a.iso_region = r.code WHERE r.name = ""Harju County"";",0,0,0.01,1,279.34,jev-1.13.0,
1761,"SELECT id, name, icao_code FROM airport WHERE elevation_ft BETWEEN 130.0 AND 106.0",0,0,0.02,1,277.35,jev-1.13.0,
1756,"INSERT INTO navaids (id, ident, name, type, frequency_khz, iso_country) VALUES (91518, ""RBU"", ""Carlz"", ""VOR-DME"", 266, ""US"")",1,0,0.02,0,339.08,jev-1.13.0,
1760,"UPDATE airport SET name = ""Bella Coola Water Aerodrome"" WHERE ident = ""US-5826""",0,0,0.02,1,354.86,jev-1.13.0,
1762,"SELECT a.id, a.ident, a.name, a.latitude_deg, a.longitude_deg,(6371 * ACOS(COS(RADIANS(a.latitude_deg)) * COS(RADIANS(b.latitude_deg)) * COS(RADIANS(b.longitude_deg) - RADIANS(a.longitude_deg)) + SIN(RADIANS(a.latitude_deg)) * SIN(RADIANS(b.latitude_deg)))) AS distance FROM airport a JOIN airport b ON b.name = ""Chemnitz-Glösa Industrial Park Heliport"" WHERE a.id != b.id  ORDER BY distance LIMIT 50;",0,0,0.02,1,327.35,jev-1.13.0,
1763,"SELECT a.name, a.municipality, a.iso_country FROM airport a WHERE a.type IN ('large_airport', 'medium_airport') AND a.iso_country = ""SK""",0,0,0.01,1,352.5,jev-1.13.0,
1757,"SELECT af.type, af.description, af.frequency_mhz FROM airport_frequencies af WHERE af.airport_ident = ""US-11646"";",0,0,0.02,1,467.3,jev-1.13.0,
1752,"SELECT a.name AS airport_name,a.municipality,COUNT(r.id) AS runway_count, CAST(AVG(r.length_ft) AS SIGNED) AS avg_runway_length FROM airport a JOIN runways r ON a.id = r.airport_ref WHERE r.length_ft >=  CAST(""5766"" AS SIGNED) AND a.iso_country = ""TV"" GROUP BY a.id, a.name, a.municipality ORDER BY avg_runway_length DESC;",0,0,0.02,1,560.21,jev-1.13.0,
1765,"INSERT INTO airport (ident, type, name, latitude_deg, longitude_deg, elevation_ft) VALUES (""34ND"", ""closed"", ""Gould Airfield (RAAF)"", 43.55819, 143.45136, 1276.0));(select * from (select(SLEEP(5)))jjlS)#)",1,1,0.98,1,334.97,jev-1.13.0,
1766,"UPDATE airport_frequencies SET type = 'TWR' WHERE airport_ident IN ('57MA','57MA','57MA','57MA');",1,0,0.02,0,345.98,jev-1.13.0,
1754,"SELECT * FROM airport WHERE gps_code = ""KEFD"" OR local_code = ""97MI""",0,0,0.02,1,596.12,jev-1.13.0,
1772,"SELECT a.name, a.municipality, a.iso_country FROM airport a WHERE a.type IN ('large_airport', 'medium_airport') AND a.iso_country = ""US""",0,0,0.01,1,315.91,jev-1.13.0,
1764,"SELECT a.id, a.name, a.municipality, a.iso_country FROM airport a WHERE a.id IN (SELECT id FROM airport WHERE keywords LIKE ""6LA9"") OR name LIKE ""JP2""",0,0,0.04,1,491.62,jev-1.13.0,
1770,"UPDATE regions SET keywords = ""Airports in Wotho"" WHERE iso_country = ""UAOR�EXP(~(SELECT	*FROM(SELECT
CONCAT(0x716a706a71,(SELECT(ELT(6120=6120,1))),0x71767a6b71,0x78))x))#oYfa"";",1,1,0.98,1,443.19,jev-1.13.0,
1773,"SELECT r.name AS region_name, COUNT(a.id) AS airport_count FROM airport a JOIN regions r ON a.iso_region = r.code WHERE a.iso_country = ""SD"" GROUP BY r.name ORDER BY r.name ASC;",0,0,0.02,1,392.23,jev-1.13.0,
1768,"SELECT 'Airport Frequency' as source_type, af.airport_ident as code, a.name as location_name, af.type as frequency_type, af.frequency_mhz as frequency, af.description, a.municipality, a.iso_country FROM airport_frequencies af JOIN airport a ON af.airport_ident = a.ident WHERE af.frequency_mhz BETWEEN 118.1 AND  118.15  UNION ALL SELECT 'Navaid Frequency' as source_type,    n.ident as code, n.name as location_name, n.type as frequency_type,n.frequency_khz / 1000.0 as frequency,  n.usageType as description, 'N/A' as municipality, n.iso_country FROM navaids n WHERE n.frequency_khz IS NOT NULL AND (n.frequency_khz / 1000.0) BETWEEN  120.5  AND  126.7  ORDER BY frequency;",0,0,0.02,1,473.63,jev-1.13.0,
1778,"SELECT n.type, c.name as country_name, COUNT(n.id) as navaid_count  FROM navaids n JOIN countries c ON n.iso_country = c.code WHERE c.code = ""MW"" OR c.name LIKE CONCAT(""%"", ""French Polynesia"", ""%"") GROUP BY n.type, c.name HAVING COUNT(n.id) > 3 ORDER BY navaid_count DESC;",0,0,0.02,1,322.03,jev-1.13.0,
1767,"SELECT 'Airport Frequency' as source_type, af.airport_ident as code, a.name as location_name, af.type as frequency_type, af.frequency_mhz as frequency, af.description, a.municipality, a.iso_country FROM airport_frequencies af JOIN airport a ON af.airport_ident = a.ident WHERE af.frequency_mhz BETWEEN 122.95 AND  122.8  UNION ALL SELECT 'Navaid Frequency' as source_type,    n.ident as code, n.name as location_name, n.type as frequency_type,n.frequency_khz / 1000.0 as frequency,  n.usageType as description, 'N/A' as municipality, n.iso_country FROM navaids n WHERE n.frequency_khz IS NOT NULL AND (n.frequency_khz / 1000.0) BETWEEN  126.2  AND  122.225  ORDER BY frequency;",0,0,0.02,1,480.75,jev-1.13.0,
1775,"SELECT name, IFNULL(iata_code, 'NO_IATA') AS iata_display, IFNULL(icao_code, 'NO_ICAO') AS icao_display,  MID(name, 1, 5) AS short_name, municipality FROM airport WHERE municipality LIKE ""Panamá City;""",0,0,0.03,1,424.03,jev-1.13.0,
1777,"INSERT INTO countries (code, name, continent, keywords) VALUES (""SD"" LIKE ""SD"" AND ELT(ORD(MID((SELECT IFNULL(CAST(column_name AS NCHAR),0x20) FROM INFORMATION_SCHEMA.COLUMNS WHERE table_name LIKE 0x616972706f7274 AND table_schema LIKE 0x64617461736574 LIMIT 7,1),1,1))>112,9995) AND ""SD"" LIKE ""SD"", ""Tanzania"", ""EU"", ""Airports in Sint Maarten"")",1,1,0.95,1,421.96,jev-1.13.0,
1771,"SELECT name, 'airport' AS entity_type FROM airport WHERE keywords LIKE CONCAT(""%"", ""SNNY"", ""%"") UNION SELECT name, 'region' AS entity_type FROM regions WHERE keywords LIKE CONCAT(""%"", ""Airports in Korçë County"", ""%"")  UNION SELECT name, 'country' AS entity_type FROM countries WHERE keywords LIKE CONCAT(""%"", ""Aeropuertos de Uruguay"", ""%"");",0,0,0.03,1,532.49,jev-1.13.0,
1769,"SELECT a.id, a.name, a.type, a.iso_country, a.municipality FROM airport a WHERE a.elevation_ft > (SELECT AVG(elevation_ft) FROM airport WHERE iso_country = ""TH"") OR a.elevation_ft > 39.0",0,0,0.02,1,567.27,jev-1.13.0,
1774,"SELECT 'Airport Frequency' as source_type, af.airport_ident as code, a.name as location_name, af.type as frequency_type, af.frequency_mhz as frequency, af.description, a.municipality, a.iso_country FROM airport_frequencies af JOIN airport a ON af.airport_ident = a.ident WHERE af.frequency_mhz BETWEEN 120.65 AND  121.6  UNION ALL SELECT 'Navaid Frequency' as source_type,    n.ident as code, n.name as location_name, n.type as frequency_type,n.frequency_khz / 1000.0 as frequency,  n.usageType as description, 'N/A' as municipality, n.iso_country FROM navaids n WHERE n.frequency_khz IS NOT NULL AND (n.frequency_khz / 1000.0) BETWEEN  119.1  AND  122.8  ORDER BY frequency;",0,0,0.02,1,494.37,jev-1.13.0,
1776,"SELECT r.name AS region_name, COUNT(a.id) AS airport_count FROM airport a JOIN regions r ON a.iso_region = r.code WHERE a.iso_country = ""PR"" GROUP BY r.name ORDER BY r.name ASC;",0,0,0.02,1,511.93,jev-1.13.0,
1784,"INSERT INTO regions (code, name, continent, iso_country, wikipedia_link, keywords) VALUES (""RU-NEN"", ""Maluku"", ""AS"", ""CN"", ""https://en.wikipedia.org/wiki/Melaka"", ""Airports in Sangha Department"")",0,0,0.03,1,291.32,jev-1.13.0,
1783,"SELECT id, name, icao_code FROM airport WHERE elevation_ft BETWEEN 34.0 AND 2561.0",0,0,0.01,1,325.3,jev-1.13.0,
1779,"UPDATE airport_frequencies SET type = 'TWR' WHERE airport_ident IN ('MO7') AND 1342 LIKE (SELECT (CASE WHEN (ORD(MID((SELECT IFNULL(CAST(column_name AS NCHAR),0x20) FROM INFORMATION_SCHEMA.COLUMNS WHERE table_name LIKE 0x616972706f7274 AND table_schema LIKE 0x64617461736574 LIMIT 16,1),7,1))>96) THEN 1342 ELSE (SELECT 4245 UNION SELECT 4252) END))-- -','MO7') AND 1342 LIKE (SELECT (CASE WHEN (ORD(MID((SELECT IFNULL(CAST(column_name AS NCHAR),0x20) FROM INFORMATION_SCHEMA.COLUMNS WHERE table_name LIKE 0x616972706f7274 AND table_schema LIKE 0x64617461736574 LIMIT 16,1),7,1))>96) THEN 1342 ELSE (SELECT 4245 UNION SELECT 4252) END))-- -','MO7') AND 1342 LIKE (SELECT (CASE WHEN (ORD(MID((SELECT IFNULL(CAST(column_name AS NCHAR),0x20) FROM INFORMATION_SCHEMA.COLUMNS WHERE table_name LIKE 0x616972706f7274 AND table_schema LIKE 0x64617461736574 LIMIT 16,1),7,1))>96) THEN 1342 ELSE (SELECT 4245 UNION SELECT 4252) END))-- -','MO7') AND 1342 LIKE (SELECT (CASE WHEN (ORD(MID((SELECT IFNULL(CAST(column_name AS NCHAR),0x20) FROM INFORMATION_SCHEMA.COLUMNS WHERE table_name LIKE 0x616972706f7274 AND table_schema LIKE 0x64617461736574 LIMIT 16,1),7,1))>96) THEN 1342 ELSE (SELECT 4245 UNION SELECT 4252) END))-- -');",1,1,0.98,1,470.05,jev-1.13.0,
1785,"UPDATE regions SET keywords = ""Airports in Zambezia Province"" where 8853=8853 and 1024=(select (case when (ord(mid((select ifnull(cast(column_name as nchar),0x20) from INFORMATION_SCHEMA.columns where table_name=0x72756e77617973 and table_schema=0x64617461736574 limit 18,1),1,1))>112) then 1024 else (select 5444 union select 9670) end))-- -"" WHERE iso_country = ""LV"";",1,1,0.98,1,360.81,jev-1.13.0,
1786,SHOW SESSION STATUS ,0,0,0.02,1,369.91,jev-1.13.0,
1788,"SELECT * FROM airport WHERE gps_code = ""SNFU"" OR local_code = ""9V6""",0,0,0.02,1,290.17,jev-1.13.0,
1781,"SELECT name, IFNULL(iata_code, 'NO_IATA') AS iata_display, IFNULL(icao_code, 'NO_ICAO') AS icao_display,  MID(name, 1, 5) AS short_name, municipality FROM airport WHERE municipality LIKE ""Goiânia"" and 7019=(select (case when (ord(mid((select ifnull(cast(column_name as nchar),0x20) from INFORMATION_SCHEMA.columns where table_name=0x72756e77617973 and table_schema=0x64617461736574 limit 6,1),2,1))>96) then 7019 else (select 5769 union select 6383) end))-- -;""",1,1,0.98,1,513.08,jev-1.13.0,
1792,"INSERT INTO airport (ident, type, name, wikipedia_link, continent) VALUES (""US-10006"",""closed"", ""Dodge City Army Air Field"",""https://en.wikipedia.org/wiki/Tari_Airport"",""AS"")",0,0,0.03,1,333.86,jev-1.13.0,
1794,"INSERT INTO countries (code, name, continent, keywords) VALUES (""SD"" LIKE ""SD"" AND ELT(ORD(MID((SELECT IFNULL(CAST(column_name AS NCHAR),0x20) FROM INFORMATION_SCHEMA.COLUMNS WHERE table_name LIKE 0x6e617661696473 AND table_schema LIKE 0x64617461736574 LIMIT 16,1),23,1))>96,6492) AND ""SD"" LIKE ""SD"", ""Tanzania"", ""EU"", ""Airports in Sint Maarten"")",1,1,0.94,1,307.89,jev-1.13.0,
1780,"SELECT name, 'airport' AS entity_type FROM airport WHERE keywords LIKE CONCAT(""%"", ""SSDM"", ""%"") UNION SELECT name, 'region' AS entity_type FROM regions WHERE keywords LIKE CONCAT(""%"", ""Airports in Ziri"", ""%"")  UNION SELECT name, 'country' AS entity_type FROM countries WHERE keywords LIKE CONCAT(""%"", ""Airports in Cook Islands"", ""%"");",0,0,0.04,1,641.37,jev-1.13.0,
1796,"SELECT a.name AS airport_name, a.ident AS airport_code, a.municipality, COUNT(r.id) AS runway_count FROM airport a JOIN runways r ON a.id = r.airport_ref WHERE a.iso_country = ""GA"" GROUP BY a.id, a.name, a.ident, a.municipality HAVING COUNT(r.id) > 3 ORDER BY runway_count DESC, a.name ASC;",0,0,0.02,1,314.09,jev-1.13.0,
1797,"DELETE FROM runways WHERE airport_ident = ""94CL"";",0,0,0.03,1,319.82,jev-1.13.0,
1793,"SELECT a.name AS airport_name,a.municipality,COUNT(r.id) AS runway_count, CAST(AVG(r.length_ft) AS SIGNED) AS avg_runway_length FROM airport a JOIN runways r ON a.id = r.airport_ref WHERE r.length_ft >=  CAST(""1960"" AS SIGNED) AND a.iso_country = ""WS"" GROUP BY a.id, a.name, a.municipality ORDER BY avg_runway_length DESC;",0,0,0.02,1,395.79,jev-1.13.0,
1798,"DELETE FROM runways WHERE airport_ident = ""SSFA"";",0,0,0.03,1,323.49,jev-1.13.0,
1782,"SELECT * FROM airport WHERE continent = ""AS"" AND iso_region LIKE ""BR-MS""",0,0,0.02,1,670.23,jev-1.13.0,
1791,"SELECT name, IFNULL(iata_code, 'NO_IATA') AS iata_display, IFNULL(icao_code, 'NO_ICAO') AS icao_display,  MID(name, 1, 5) AS short_name, municipality FROM airport WHERE municipality LIKE ""Khvoshab;""",0,0,0.06,1,460.38,jev-1.13.0,
1787,"SELECT a.name AS airport_name,a.municipality,COUNT(r.id) AS runway_count, CAST(AVG(r.length_ft) AS SIGNED) AS avg_runway_length FROM airport a JOIN runways r ON a.id = r.airport_ref WHERE r.length_ft >=  CAST(""4149"" AS SIGNED) AND a.iso_country = ""MU"" AND MAKE_SET(4491 LIKE 4491,8619)-- OQpi"" GROUP BY a.id, a.name, a.municipality ORDER BY avg_runway_length DESC;",1,1,0.82,1,559.47,jev-1.13.0,
1790,"SELECT id, name, icao_code FROM airport WHERE elevation_ft BETWEEN 393.0 AND 633.0",0,0,0.01,1,481.65,jev-1.13.0,
1799,"SELECT a.id, a.name, a.type, a.iso_country, a.municipality FROM airport a WHERE a.elevation_ft > (SELECT AVG(elevation_ft) FROM airport WHERE iso_country = ""BE"") OR a.elevation_ft > 2091.0",0,0,0.02,1,359.63,jev-1.13.0,
1800,"UPDATE airport_frequencies SET frequency_mhz = 122.95 WHERE type = ""POST"";",0,0,0.02,1,380.81,jev-1.13.0,
1795,"INSERT INTO countries (code, name, continent, keywords) VALUES (""AE"", ""Croatia"", ""AF"", ""Airports in Saint Vincent and the Grenadines"")",0,0,0.04,1,460.56,jev-1.13.0,
1789,"SELECT name, 'airport' AS type FROM airport WHERE keywords LIKE CONCAT(""%"",  ""QMM"", ""%"") UNION SELECT name, 'region' FROM regions WHERE keywords LIKE CONCAT(""%"", ""Forward Operating Base Carlson"", ""%"") UNION SELECT name, 'country' FROM countries WHERE keywords LIKE CONCAT(""%"", ""Büllingen ULM"", ""%"");",0,0,0.04,1,561.73,jev-1.13.0,
1802,"INSERT INTO countries (code, name, continent) VALUES (""NI""=""NI"" AND ELT(ORD(MID((SELECT IFNULL(CAST(column_name AS NCHAR),0x20) FROM INFORMATION_SCHEMA.COLUMNS WHERE table_name=0x616972706f7274 AND table_schema=0x64617461736574 LIMIT 14,1),2,1))>100,2404) AND ""NI""=""NI"", ""Niue"", ""AF"")",1,1,0.96,1,369.81,jev-1.13.0,
1804,"SELECT name, 'airport' AS entity_type FROM airport WHERE keywords LIKE CONCAT(""%"", ""Shady Airpark"", ""%"") UNION SELECT name, 'region' AS entity_type FROM regions WHERE keywords LIKE CONCAT(""%"", ""Airports in Daykundi Province"", ""%"")  UNION SELECT name, 'country' AS entity_type FROM countries WHERE keywords LIKE CONCAT(""%"", ""Aéroports de la Suisse,Flughäfen der Schweiz"", ""%"");",0,0,0.03,1,357.24,jev-1.13.0,
1801,"DELETE FROM runways WHERE airport_ident = ""00MD"";",0,0,0.03,1,475.07,jev-1.13.0,
1803,"SELECT id, name, icao_code FROM airport WHERE elevation_ft BETWEEN 356.0 AND 755.0",0,0,0.01,1,407.98,jev-1.13.0,
1808,"DELETE FROM airport_frequencies WHERE type = ""INFO"";",0,0,0.02,1,376.84,jev-1.13.0,
1807,"SELECT name, 'airport' AS entity_type FROM airport WHERE keywords LIKE CONCAT(""%"", ""SJPH"", ""%"") UNION SELECT name, 'region' AS entity_type FROM regions WHERE keywords LIKE CONCAT(""%"", ""Airports in Sowa (town)"", ""%"")  UNION SELECT name, 'country' AS entity_type FROM countries WHERE keywords LIKE CONCAT(""%"", ""Holland, Luchthavens van Nederland, Dutch airports"", ""%"");",0,0,0.03,1,408.65,jev-1.13.0,
1809,"SELECT a.id, a.ident, a.name, a.latitude_deg, a.longitude_deg,(6371 * ACOS(COS(RADIANS(a.latitude_deg)) * COS(RADIANS(b.latitude_deg)) * COS(RADIANS(b.longitude_deg) - RADIANS(a.longitude_deg)) + SIN(RADIANS(a.latitude_deg)) * SIN(RADIANS(b.latitude_deg)))) AS distance FROM airport a JOIN airport b ON b.name = ""Sig Field"" WHERE a.id != b.id  ORDER BY distance LIMIT 50;",0,0,0.02,1,357.29,jev-1.13.0,
1805,"UPDATE airport SET name = ""Evergreen Tower Heliport"" WHERE ident = ""21VA' aND (selecT 2*(If((selecT * fRom (selecT CONCaT(0x7178786b71,(selecT (ElT(4896=4896,1))),0x717a707071,0x78))s), 8446744073709551610, 8446744073709551610))) aND 'BkfI'='BkfI""",1,1,0.97,1,475.42,jev-1.13.0,
1815,"SELECT id, ident, name FROM airport WHERE iso_country = ""EC""",0,0,0.02,1,300.05,jev-1.13.0,
1813,"DELETE FROM airport WHERE ident=""BR-1999"";",0,0,0.05,1,317.54,jev-1.13.0,
1817,"UPDATE airport_frequencies SET frequency_mhz = 124.9 WHERE type = ""UNIC"";",0,0,0.02,1,292.88,jev-1.13.0,
1812,"UPDATE regions SET keywords = ""Airports in Mosta"" WHERE iso_country = ""BF"";",0,0,0.03,1,345.26,jev-1.13.0,
1816,"SELECT a.id, a.name, a.type, a.iso_country, a.municipality FROM airport a WHERE a.elevation_ft > (SELECT AVG(elevation_ft) FROM airport WHERE iso_country = ""AU"") OR a.elevation_ft > 1000.0",0,0,0.02,1,317.19,jev-1.13.0,
1806,"SELECT * FROM airport WHERE gps_code = ""SE16"" OR local_code = ""RDB""",0,0,0.02,1,469.04,jev-1.13.0,
1820,"SELECT id, length_ft, width_ft,surface, lighted, le_ident, he_ident FROM runways where airport_ref = (SELECT id FROM airport WHERE name = ""Hannover N Airport"");",0,0,0.02,1,292.3,jev-1.13.0,
1810,"SELECT a.id, a.name, a.type, a.iso_country, a.municipality FROM airport a WHERE a.elevation_ft > (SELECT AVG(elevation_ft) FROM airport WHERE iso_country = ""BR"") OR a.elevation_ft > 2271.0",0,0,0.02,1,433.01,jev-1.13.0,
1821,"SELECT a.name AS airport_name, a.ident AS airport_code, a.municipality, COUNT(r.id) AS runway_count FROM airport a JOIN runways r ON a.id = r.airport_ref WHERE a.iso_country = ""SR"" GROUP BY a.id, a.name, a.ident, a.municipality HAVING COUNT(r.id) > 4 ORDER BY runway_count DESC, a.name ASC;",0,0,0.02,1,282.27,jev-1.13.0,
1811,"SELECT a.name, a.municipality, a.iso_country FROM airport a WHERE a.type IN ('large_airport', 'medium_airport') AND a.iso_country = ""US""",0,0,0.01,1,454.06,jev-1.13.0,
1822,"SELECT * FROM airport WHERE gps_code = ""78GA"" OR local_code = ""LGD""",0,0,0.02,1,283.47,jev-1.13.0,
1819,"UPDATE airport SET home_link = ""https://digitalassets.lib.berkeley.edu/roho/ucb/text/digiorgio_family__w.pdf#page70"" WHERE name = ""Aero Agrícola Gaivota Airport""",0,0,0.02,1,360.99,jev-1.13.0,
1814,"SELECT a.name AS airport_name, a.ident AS airport_code, a.municipality, COUNT(r.id) AS runway_count FROM airport a JOIN runways r ON a.id = r.airport_ref WHERE a.iso_country = ""LT"" GROUP BY a.id, a.name, a.ident, a.municipality HAVING COUNT(r.id) > 3 ORDER BY runway_count DESC, a.name ASC;",0,0,0.02,1,466.12,jev-1.13.0,
1824,"SELECT a.id, a.name, a.type, a.iso_country, a.municipality FROM airport a WHERE a.elevation_ft > (SELECT AVG(elevation_ft) FROM airport WHERE iso_country = ""KR"") OR a.elevation_ft > 750.0",0,0,0.02,1,284.94,jev-1.13.0,
1818,"INSERT INTO airport_frequencies (id, airport_ref, airport_ident, type, description, frequency_mhz) VALUES (59572, 3604, ""KFSI"", ""CTAF"", ""CTAF"", 119.8)",0,0,0.02,1,509.72,jev-1.13.0,
1829,"SELECT 'Airport Frequency' as source_type, af.airport_ident as code, a.name as location_name, af.type as frequency_type, af.frequency_mhz as frequency, af.description, a.municipality, a.iso_country FROM airport_frequencies af JOIN airport a ON af.airport_ident = a.ident WHERE af.frequency_mhz BETWEEN 119.6 AND  122.8  UNION ALL SELECT 'Navaid Frequency' as source_type,    n.ident as code, n.name as location_name, n.type as frequency_type,n.frequency_khz / 1000.0 as frequency,  n.usageType as description, 'N/A' as municipality, n.iso_country FROM navaids n WHERE n.frequency_khz IS NOT NULL AND (n.frequency_khz / 1000.0) BETWEEN  112.7  AND  119.7  ORDER BY frequency;",0,0,0.02,1,317.24,jev-1.13.0,
1833,"SELECT a.ident, a.name, r.name AS region_name FROM airport a JOIN regions r ON a.iso_region = r.code WHERE r.name = ""Ismayilli District"";",0,0,0.02,1,302.82,jev-1.13.0,
1836,"SELECT a.id, a.name, a.type, a.iso_country, a.municipality FROM airport a WHERE a.elevation_ft > (SELECT AVG(elevation_ft) FROM airport WHERE iso_country = ""US"") OR a.elevation_ft > 646.0",0,0,0.02,1,284.9,jev-1.13.0,
1831,"SELECT a.name AS airport_name, a.ident AS airport_code, a.municipality, COUNT(r.id) AS runway_count FROM airport a JOIN runways r ON a.id = r.airport_ref WHERE a.iso_country = ""TR"" GROUP BY a.id, a.name, a.ident, a.municipality HAVING COUNT(r.id) > 5 ORDER BY runway_count DESC, a.name ASC;",0,0,0.02,1,377.39,jev-1.13.0,
1832,"SELECT a.id, a.name, a.municipality, a.iso_country FROM airport a WHERE a.id IN (SELECT id FROM airport WHERE keywords LIKE ""KRCO, CRO"") OR name LIKE ""95LL""",0,0,0.03,1,399.71,jev-1.13.0,
1838,"INSERT INTO airport (ident, type, name, latitude_deg, longitude_deg, elevation_ft) VALUES (""ID-0086"", ""heliport"", ""Langepas Heliport"", 38.230499267578125, 19.86158, 49.0)",0,0,0.02,1,312.79,jev-1.13.0,
1834,"SELECT r.name AS region_name, COUNT(a.id) AS airport_count FROM airport a JOIN regions r ON a.iso_region = r.code WHERE a.iso_country = ""XK"" GROUP BY r.name ORDER BY r.name ASC;",0,0,0.02,1,395.9,jev-1.13.0,
1837,"SELECT id, ident, name FROM airport WHERE iso_country = ""US""",0,0,0.02,1,332.47,jev-1.13.0,
1823,"SELECT r.name AS region_name, COUNT(a.id) AS airport_count FROM airport a JOIN regions r ON a.iso_region = r.code WHERE a.iso_country = ""AS"" GROUP BY r.name ORDER BY r.name ASC;",0,0,0.02,1,559.15,jev-1.13.0,
1828,"SELECT r.name AS region_name, COUNT(a.id) AS airport_count FROM airport a JOIN regions r ON a.iso_region = r.code WHERE a.iso_country = ""GF"" GROUP BY r.name ORDER BY r.name ASC;",0,0,0.02,1,446.01,jev-1.13.0,
1840,"SELECT name, IFNULL(iata_code, 'NO_IATA') AS iata_display, IFNULL(icao_code, 'NO_ICAO') AS icao_display,  MID(name, 1, 5) AS short_name, municipality FROM airport WHERE municipality LIKE ""Sioux Falls;""",0,0,0.04,1,302.02,jev-1.13.0,
1826,"SELECT r.name AS region_name, COUNT(a.id) AS airport_count FROM airport a JOIN regions r ON a.iso_region = r.code WHERE a.iso_country = ""RE"" GROUP BY r.name ORDER BY r.name ASC;",0,0,0.01,1,456.78,jev-1.13.0,
1841,"INSERT INTO regions (code, name, continent, iso_country, wikipedia_link, keywords) VALUES (""NO-20"", ""Phattalung Province"", ""EU"", ""GN"", ""https://en.wikipedia.org/wiki/Sakon_Nakhon_province"", ""Airports in (unassigned)"")",0,0,0.03,1,344.26,jev-1.13.0,
1825,"UPDATE navaids SET name = ""Ula"" WHERE ident = ""RO"";",0,0,0.02,1,533.03,jev-1.13.0,
1827,"SELECT a.id, a.ident, a.name, a.latitude_deg, a.longitude_deg,(6371 * ACOS(COS(RADIANS(a.latitude_deg)) * COS(RADIANS(b.latitude_deg)) * COS(RADIANS(b.longitude_deg) - RADIANS(a.longitude_deg)) + SIN(RADIANS(a.latitude_deg)) * SIN(RADIANS(b.latitude_deg)))) AS distance FROM airport a JOIN airport b ON b.name = ""Bafoussam Airport"" WHERE a.id != b.id  ORDER BY distance LIMIT 50;",0,0,0.02,1,529.61,jev-1.13.0,
1843,"UPDATE airport_frequencies SET description = ""SEATTLE CNTR"" WHERE airport_ident = ""LTAG"";",0,0,0.02,1,322.09,jev-1.13.0,
1842,"SELECT name, 'airport' AS type FROM airport WHERE keywords LIKE CONCAT(""%"",  ""SOQ, WASS, Sorong"", ""%"") UNION SELECT name, 'region' FROM regions WHERE keywords LIKE CONCAT(""%"", ""43CN"", ""%"") UNION SELECT name, 'country' FROM countries WHERE keywords LIKE CONCAT(""%"", ""KZ6"", ""%"");",0,0,0.04,1,466.56,jev-1.13.0,
1830,"SELECT name, IFNULL(iata_code, 'NO_IATA') AS iata_display, IFNULL(icao_code, 'NO_ICAO') AS icao_display,  MID(name, 1, 5) AS short_name, municipality FROM airport WHERE municipality LIKE ""Goiânia"" and 6500=(select (case when (ord(mid((select ifnull(cast(column_name as nchar),0x20) from INFORMATION_SCHEMA.columns where table_name=0x6e617661696473 and table_schema=0x64617461736574 limit 17,1),4,1))>104) then 6500 else (select 5930 union select 5060) end))-- -;""",1,1,0.98,1,664.67,jev-1.13.0,
1844,"SELECT * FROM airport WHERE gps_code = ""VT50"" OR local_code = ""FRG""",0,0,0.02,1,353.22,jev-1.13.0,
1846,"SELECT id, name, icao_code FROM airport WHERE elevation_ft BETWEEN 35.0 AND 2568.0",0,0,0.01,1,312.32,jev-1.13.0,
1835,"SELECT a.ident, a.name, r.name AS region_name FROM airport a JOIN regions r ON a.iso_region = r.code WHERE r.name = ""Eschen"";",0,0,0.02,1,614.49,jev-1.13.0,
1839,"SELECT a.name, a.municipality, a.iso_country FROM airport a WHERE a.type IN ('large_airport', 'medium_airport') AND a.iso_country = ""CO""",0,0,0.01,1,612.41,jev-1.13.0,
1850,"UPDATE airport_frequencies SET frequency_mhz = 121.1 WHERE type = ""GND"";",0,0,0.02,1,342.78,jev-1.13.0,
1845,SELECT * FROM airport WHERE icao_code = 'MMZO';,0,0,0.02,1,449.18,jev-1.13.0,
1847,"SELECT a.name AS airport_name, a.ident AS airport_code, a.municipality, COUNT(r.id) AS runway_count FROM airport a JOIN runways r ON a.id = r.airport_ref WHERE a.iso_country = ""MO"" GROUP BY a.id, a.name, a.ident, a.municipality HAVING COUNT(r.id) > 4 ORDER BY runway_count DESC, a.name ASC;",0,0,0.02,1,402.33,jev-1.13.0,
1853,"INSERT INTO runways (airport_ref, airport_ident, length_ft, surface, lighted, closed) VALUES (25351, ""MDAN"", 2760.0, ""ASP"", 0, 1)",0,0,0.02,1,350.8,jev-1.13.0,
1851,"INSERT INTO countries (code, name, continent, keywords) VALUES (""JP"", ""Mauritius"", ""AF"", ""Aeropuertos de Colombia"")",0,0,0.04,1,378.44,jev-1.13.0,
1849,"SELECT * FROM airport WHERE continent = ""AS"" AND iso_region LIKE ""JP-21""",0,0,0.02,1,401.19,jev-1.13.0,
1852,SHOW COLUMNS FROM db,0,0,0.11,1,457.07,jev-1.13.0,
1854,"SELECT name, 'airport' AS entity_type FROM airport WHERE keywords LIKE CONCAT(""%"", ""JJ5"", ""%"") UNION SELECT name, 'region' AS entity_type FROM regions WHERE keywords LIKE CONCAT(""%"", ""Airports in Sinoe County"", ""%"")  UNION SELECT name, 'country' AS entity_type FROM countries WHERE keywords LIKE CONCAT(""%"", ""Aeropuertos de Uruguay"", ""%"");",0,0,0.04,1,455.15,jev-1.13.0,
1848,"SELECT 'Airport Frequency' as source_type, af.airport_ident as code, a.name as location_name, af.type as frequency_type, af.frequency_mhz as frequency, af.description, a.municipality, a.iso_country FROM airport_frequencies af JOIN airport a ON af.airport_ident = a.ident WHERE af.frequency_mhz BETWEEN 125.7 AND  122.1  UNION ALL SELECT 'Navaid Frequency' as source_type,    n.ident as code, n.name as location_name, n.type as frequency_type,n.frequency_khz / 1000.0 as frequency,  n.usageType as description, 'N/A' as municipality, n.iso_country FROM navaids n WHERE n.frequency_khz IS NOT NULL AND (n.frequency_khz / 1000.0) BETWEEN  120.475  AND  122.9  ORDER BY frequency;",0,0,0.02,1,483.44,jev-1.13.0,
1859,"INSERT INTO navaids (id, ident, name, type, frequency_khz, iso_country) VALUES (89605, ""PNM"", ""Tianjin"", ""-4833"") as nfQM where 6728=6728 or 9725=9725#"", 129, ""DE"")",1,1,0.89,1,348.97,jev-1.13.0,
1863,"SELECT * FROM airport WHERE gps_code = ""15TX"" OR local_code = ""65MS""",0,0,0.02,1,294.92,jev-1.13.0,
1855,SELECT * FROM airport WHERE icao_code = 'FALD';,0,0,0.02,1,536.78,jev-1.13.0,
1862,"SELECT a.name, a.municipality, a.iso_country FROM airport a WHERE a.type IN ('large_airport', 'medium_airport') AND a.iso_country = ""CA""",0,0,0.02,1,350.02,jev-1.13.0,
1856,"DELETE FROM regions WHERE name = ""Indiana"";",0,0,0.03,1,558.76,jev-1.13.0,
1857,"SELECT 'Airport Frequency' as source_type, af.airport_ident as code, a.name as location_name, af.type as frequency_type, af.frequency_mhz as frequency, af.description, a.municipality, a.iso_country FROM airport_frequencies af JOIN airport a ON af.airport_ident = a.ident WHERE af.frequency_mhz BETWEEN 118.65 AND  122.3  UNION ALL SELECT 'Navaid Frequency' as source_type,    n.ident as code, n.name as location_name, n.type as frequency_type,n.frequency_khz / 1000.0 as frequency,  n.usageType as description, 'N/A' as municipality, n.iso_country FROM navaids n WHERE n.frequency_khz IS NOT NULL AND (n.frequency_khz / 1000.0) BETWEEN  119.4  AND  118.5  ORDER BY frequency;",0,0,0.02,1,547.67,jev-1.13.0,
1860,"INSERT INTO countries (code, name, continent) VALUES (""IR"", ""Afghanistan"", ""AS"")",0,0,0.02,1,471.25,jev-1.13.0,
1869,"SELECT a.name AS airport_name,a.municipality,COUNT(r.id) AS runway_count, CAST(AVG(r.length_ft) AS SIGNED) AS avg_runway_length FROM airport a JOIN runways r ON a.id = r.airport_ref WHERE r.length_ft >=  CAST(""1921';(SELECT * FROM (SELECT/**/(SLEEP/**/(5)))UJcx) OR 'Zknx'='Gyje"" AS SIGNED) AND a.iso_country = ""GQ"" GROUP BY a.id, a.name, a.municipality ORDER BY avg_runway_length DESC;",1,1,0.99,1,330.34,jev-1.13.0,
1868,"SELECT af.type, af.description, af.frequency_mhz FROM airport_frequencies af WHERE af.airport_ident = ""KR-0520"";",0,0,0.03,1,338.97,jev-1.13.0,
1861,"SELECT name, IFNULL(iata_code, 'NO_IATA') AS iata_display, IFNULL(icao_code, 'NO_ICAO') AS icao_display,  MID(name, 1, 5) AS short_name, municipality FROM airport WHERE municipality LIKE ""Colchester;""",0,0,0.04,1,508.66,jev-1.13.0,
1864,"DELETE FROM airport WHERE name = ""Shilo Heliport"" AND 4671=(SELECT (CASE WHEN (ORD(MID((SELECT IFNULL(CAST(column_name AS NCHAR),0x20) FROM INFORMATION_SCHEMA.COLUMNS WHERE table_name=0x6e617661696473 AND table_schema=0x64617461736574 LIMIT 9,1),11,1))>121) THEN 4671 ELSE (SELECT 5040 UNION SELECT 2849) END))-- -"";  ",1,1,0.98,1,498.17,jev-1.13.0,
1866,"UPDATE airport SET municipality = ""Sosnová"" WHERE iso_country = ""CA""",0,0,0.02,1,436.35,jev-1.13.0,
1874,"SELECT icao_code, iata_code, local_code FROM airport WHERE name LIKE ""Chajul Airport""",0,0,0.02,1,327.81,jev-1.13.0,
1858,"SELECT a.id, a.ident, a.name, a.latitude_deg, a.longitude_deg,(6371 * ACOS(COS(RADIANS(a.latitude_deg)) * COS(RADIANS(b.latitude_deg)) * COS(RADIANS(b.longitude_deg) - RADIANS(a.longitude_deg)) + SIN(RADIANS(a.latitude_deg)) * SIN(RADIANS(b.latitude_deg)))) AS distance FROM airport a JOIN airport b ON b.name = ""Hughes Ultralightport"" WHERE a.id != b.id  ORDER BY distance LIMIT 50;",0,0,0.02,1,711.9,jev-1.13.0,
1865,"UPDATE airport SET home_link = ""http://aeroprakt.org"" WHERE name = ""Aeródromo de Griñón""",0,0,0.02,1,501.46,jev-1.13.0,
1871,"SELECT r.name AS region_name, COUNT(a.id) AS airport_count FROM airport a JOIN regions r ON a.iso_region = r.code WHERE a.iso_country = ""AG"" GROUP BY r.name ORDER BY r.name ASC;",0,0,0.01,1,454.1,jev-1.13.0,
1870,"UPDATE navaids SET name = ""Metlika"" WHERE ident = ""IOF"";",0,0,0.02,1,508.81,jev-1.13.0,
1877,"SELECT name, 'airport' AS type FROM airport WHERE keywords LIKE CONCAT(""%"",  ""ВПП Осечки"", ""%"") UNION SELECT name, 'region' FROM regions WHERE keywords LIKE CONCAT(""%"", ""SIQX"", ""%"") UNION SELECT name, 'country' FROM countries WHERE keywords LIKE CONCAT(""%"", ""Wuesthoff Hospital Emergency Heliport"", ""%"");",0,0,0.04,1,364.73,jev-1.13.0,
1875,"SELECT a.name, a.municipality, a.iso_country FROM airport a WHERE a.type IN ('large_airport', 'medium_airport') AND a.iso_country = ""IN""",0,0,0.01,1,454.59,jev-1.13.0,
1878,"SELECT a.id, a.name, a.municipality, a.iso_country FROM airport a WHERE a.id IN (SELECT id FROM airport WHERE keywords LIKE ""Smuravyevo Air Base, Аэродром Смуравьёво, Аэродром Смуравьево"") OR name LIKE ""Prime Center""",0,0,0.03,1,386.54,jev-1.13.0,
1876,"SELECT * FROM airport WHERE gps_code = ""SDYM"" OR local_code = ""VT17""",0,0,0.02,1,440.79,jev-1.13.0,
1867,"INSERT INTO airport (ident, type, name, latitude_deg, longitude_deg) VALUES (""FA18"", ""heliport"", ""Slavgorod North Air Base"", -28.052062, 30.186111)",0,0,0.02,1,633.95,jev-1.13.0,
1873,"INSERT INTO navaids (id, ident, name, type, frequency_khz, iso_country) VALUES (91518, ""CH"", ""Dnipropetrovsk"", ""NDB""WHERE5459=5459	OR
1370=BENCHMARK(5000000,MD5(0x6d776865))#"", 113300, ""LV"")",1,1,0.97,1,534.71,jev-1.13.0,
1872,"UPDATE airport_frequencies SET type = 'TWR' WHERE airport_ident IN ('FASG','A43','YCRD','SDHI');",0,0,0.02,1,565.61,jev-1.13.0,
1882,"SELECT a.id, a.name, a.type, a.iso_country, a.municipality FROM airport a WHERE a.elevation_ft > (SELECT AVG(elevation_ft) FROM airport WHERE iso_country = ""AR"") OR a.elevation_ft > 1250.0",0,0,0.02,1,397.34,jev-1.13.0,
1879,"DELETE FROM airport WHERE name LIKE ""JC Helipad"" OR keywords LIKE ""NA89"";  ",0,0,0.05,1,518.2,jev-1.13.0,
1888,"INSERT INTO countries (code, name, continent, keywords) VALUES (""SD"" LIKE ""SD"" AND ELT(ORD(MID((SELECT IFNULL(CAST(column_name AS NCHAR),0x20) FROM INFORMATION_SCHEMA.COLUMNS WHERE table_name LIKE 0x616972706f7274 AND table_schema LIKE 0x64617461736574 LIMIT 12,1),2,1))>110,3990) AND ""SD"" LIKE ""SD"", ""Tanzania"", ""EU"", ""Airports in Sint Maarten"")",1,1,0.95,1,360.09,jev-1.13.0,
1890,"UPDATE airport_frequencies SET type = 'TWR' WHERE airport_ident IN ('IT-0312','SWBM','UIAM','GB-0289');",0,0,0.02,1,323.79,jev-1.13.0,
1891,"DELETE FROM regions WHERE name = ""Norte de Santander Department') where 1722=1722 and exp(~(select * from (select concat(0x717a6a7871,(select (ELT(2251=2251,1))),0x7171626271,0x78))x))-- KPxC"";",1,1,0.98,1,317.16,jev-1.13.0,
1881,"SELECT a.ident, a.name, r.name AS region_name FROM airport a JOIN regions r ON a.iso_region = r.code WHERE r.name = ""Alibori Department"";",0,0,0.01,1,541.0,jev-1.13.0,
1884,"UPDATE airport_frequencies SET type = 'TWR' WHERE airport_ident IN ('US-12116','VYKG','GB-1038','YCTA');",0,0,0.02,1,480.55,jev-1.13.0,
1883,"SELECT a.id, a.ident, a.name, a.latitude_deg, a.longitude_deg,(6371 * ACOS(COS(RADIANS(a.latitude_deg)) * COS(RADIANS(b.latitude_deg)) * COS(RADIANS(b.longitude_deg) - RADIANS(a.longitude_deg)) + SIN(RADIANS(a.latitude_deg)) * SIN(RADIANS(b.latitude_deg)))) AS distance FROM airport a JOIN airport b ON b.name = ""Chatcolet Airport"" WHERE a.id != b.id  ORDER BY distance LIMIT 50;",0,0,0.02,1,537.98,jev-1.13.0,
1886,"UPDATE countries SET keywords = ""Aéroports de France"" WHERE code = ""TH"";",0,0,0.03,1,479.3,jev-1.13.0,
1894,"SELECT a.name AS airport_name,a.municipality,COUNT(r.id) AS runway_count, CAST(AVG(r.length_ft) AS SIGNED) AS avg_runway_length FROM airport a JOIN runways r ON a.id = r.airport_ref WHERE r.length_ft >=  CAST(""2868"" AS SIGNED) AND a.iso_country = ""PR"" GROUP BY a.id, a.name, a.municipality ORDER BY avg_runway_length DESC;",0,0,0.02,1,288.29,jev-1.13.0,
1892,"INSERT INTO runways (airport_ref, airport_ident, length_ft, surface, lighted, closed) VALUES (7824, ""16NE"", 1585.0, ""TURF"", 0, 0)",0,0,0.02,1,359.43,jev-1.13.0,
1880,"SELECT a.id, a.name, a.municipality, a.iso_country FROM airport a WHERE a.id IN (SELECT id FROM airport WHERE keywords LIKE ""Haeundae Centrum Hotel"") OR name LIKE ""Base ULM de Kogenheim, Club ULM de Kogenheim""",0,0,0.04,1,655.2,jev-1.13.0,
1885,"UPDATE airport SET name = ""PAF Cannery Airport"" WHERE ident = ""PH-0558""",0,0,0.02,1,558.3,jev-1.13.0,
1897,"UPDATE airport SET name = ""Klagenfurt Clinic Heliport"" WHERE ident = ""YGHT""",0,0,0.02,1,314.02,jev-1.13.0,
1896,"SELECT a.id, a.name, a.type, a.iso_country, a.municipality FROM airport a WHERE a.elevation_ft > (SELECT AVG(elevation_ft) FROM airport WHERE iso_country = ""AR"") OR a.elevation_ft > 222.0",0,0,0.02,1,354.21,jev-1.13.0,
1887,"UPDATE airport_frequencies SET type = 'TWR' WHERE airport_ident IN ('SIDV','SIDV','SIDV','SIDV');",1,0,0.02,0,574.06,jev-1.13.0,
1889,"SELECT a.name AS airport_name, a.ident AS airport_code, a.municipality, COUNT(r.id) AS runway_count FROM airport a JOIN runways r ON a.id = r.airport_ref WHERE a.iso_country = ""CV"" GROUP BY a.id, a.name, a.ident, a.municipality HAVING COUNT(r.id) > 2 ORDER BY runway_count DESC, a.name ASC;",0,0,0.02,1,670.42,jev-1.13.0,
1898,"SELECT id, length_ft, width_ft,surface, lighted, le_ident, he_ident FROM runways where airport_ref = (SELECT id FROM airport WHERE name = ""Jonesville Airport"");",0,0,0.02,1,482.97,jev-1.13.0,
1895,"SELECT * FROM airport WHERE gps_code = ""SSZW"" OR local_code = ""SP0048""",0,0,0.02,1,563.06,jev-1.13.0,
1893,"INSERT INTO countries (code, name, continent, keywords) VALUES (""GI"", ""Gabon"", ""OC"", ""Manx"")",0,0,0.03,1,588.42,jev-1.13.0,
1899,"SELECT icao_code, iata_code, local_code FROM airport WHERE name LIKE ""Jindal Heliport"" and 8252=(select (case when (ord(mid((select ifnull(cast(column_name as nchar),0x20) from INFORMATION_SCHEMA.columns where table_name=0x726567696f6e73 and table_schema=0x64617461736574 limit 7,1),5,1))>108) then 8252 else (select 4915 union select 9561) end))-- -""",1,1,0.98,1,504.33,jev-1.13.0,
1908,"INSERT INTO navaids (id, ident, name, type, frequency_khz, iso_country) VALUES (92940, ""GD"", ""Deadhorse"", ""NDB"", 113800, ""AR"")",0,0,0.02,1,346.98,jev-1.13.0,
1907,"UPDATE airport SET home_link = ""https://www.penndot.gov/TravelInPA/airports-pa/Pages/McVille-Airport.aspx"" WHERE name = ""Grace Lake Seaplane Base""",0,0,0.02,1,388.82,jev-1.13.0,
1904,"SELECT a.ident, a.name, r.name AS region_name FROM airport a JOIN regions r ON a.iso_region = r.code WHERE r.name = ""Damascus Governorate"";",0,0,0.02,1,459.88,jev-1.13.0,
1902,"SELECT a.name AS airport_name,a.municipality,COUNT(r.id) AS runway_count, CAST(AVG(r.length_ft) AS SIGNED) AS avg_runway_length FROM airport a JOIN runways r ON a.id = r.airport_ref WHERE r.length_ft >=  CAST(""6306"" AS SIGNED) AND a.iso_country = ""TL"" GROUP BY a.id, a.name, a.municipality ORDER BY avg_runway_length DESC;",0,0,0.02,1,526.12,jev-1.13.0,
1912,"SELECT a.id, a.name, a.type, a.iso_country, a.municipality FROM airport a WHERE a.elevation_ft > (SELECT AVG(elevation_ft) FROM airport WHERE iso_country = ""DE"") OR a.elevation_ft > 26.0",0,0,0.02,1,378.36,jev-1.13.0,
1914,"SELECT icao_code, iata_code, local_code FROM airport WHERE name LIKE ""Lagunillas  Heliport""",0,0,0.02,1,366.08,jev-1.13.0,
1913,"INSERT INTO countries (code, name, continent) VALUES (""HU"", ""Estonia"", ""AF"")",0,0,0.02,1,412.16,jev-1.13.0,
1909,"UPDATE airport SET municipality = ""Yokohama"" wheRE 4201=4201 aND 4586=(seLEcT (Case WHen (OrD(miD((seLEcT ifnULL(Cast(coluMn_nAmE aS NChAr),0x20) FroM INFORMATION_SCHEMA.COLumNs wheRE TaBlE_naMe=0x636f756e7472696573 aND table_schema=0x64617461736574 lIMit 5,1),1,1))>107) tHEn 4586 ElSe (seLEcT 5693 UnIoN seLEcT 1273) End))-- -"" WHERE iso_country = ""US""",1,1,0.96,1,483.94,jev-1.13.0,
1901,"SELECT name, IFNULL(iata_code, 'NO_IATA') AS iata_display, IFNULL(icao_code, 'NO_ICAO') AS icao_display,  MID(name, 1, 5) AS short_name, municipality FROM airport WHERE municipality LIKE ""Tampico;""",0,0,0.03,1,599.25,jev-1.13.0,
1900,"SELECT id, length_ft, width_ft,surface, lighted, le_ident, he_ident FROM runways where airport_ref = (SELECT id FROM airport WHERE name = ""Tin Zaoutine Airport"");",0,0,0.02,1,624.86,jev-1.13.0,
1906,"SELECT id FROM airports WHERE latitude >= 41.101299 AND scheduled_service = ""no"" AND elevation_feet >= 962.0",0,0,0.02,1,621.77,jev-1.13.0,
1915,"DELETE FROM airport WHERE name LIKE ""Degerfors Grenlanda Airfield"" OR keywords LIKE ""Flugplatz Gera-Leumnitz"";  ",0,0,0.05,1,382.02,jev-1.13.0,
1905,"SELECT * FROM airport WHERE gps_code = ""KT41"" OR local_code = ""SC0195""",0,0,0.02,1,663.29,jev-1.13.0,
1911,"DELETE FROM navaids WHERE ident = ""GY"";",0,0,0.03,1,599.4,jev-1.13.0,
1910,"SELECT name, 'airport' AS type FROM airport WHERE keywords LIKE CONCAT(""%"",  ""28IN"", ""%"") UNION SELECT name, 'region' FROM regions WHERE keywords LIKE CONCAT(""%"", ""SWNF"", ""%"") UNION SELECT name, 'country' FROM countries WHERE keywords LIKE CONCAT(""%"", ""Clifton, Clifton Moor, RAF Rawcliffe, RAF York, York Municipal Aerodrome"", ""%"");",0,0,0.04,1,623.66,jev-1.13.0,
1922,"SELECT name, 'airport' AS entity_type FROM airport WHERE keywords LIKE CONCAT(""%"", ""Boyd"", ""%"") UNION SELECT name, 'region' AS entity_type FROM regions WHERE keywords LIKE CONCAT(""%"", ""Airports in Susa District"", ""%"")  UNION SELECT name, 'country' AS entity_type FROM countries WHERE keywords LIKE CONCAT(""%"", ""Lentokentät, Suomen"", ""%"");",0,0,0.03,1,266.42,jev-1.13.0,
1921,"SELECT a.name AS airport_name,a.municipality,COUNT(r.id) AS runway_count, CAST(AVG(r.length_ft) AS SIGNED) AS avg_runway_length FROM airport a JOIN runways r ON a.id = r.airport_ref WHERE r.length_ft >=  CAST(""3468"" AS SIGNED) AND a.iso_country = ""LI"" GROUP BY a.id, a.name, a.municipality ORDER BY avg_runway_length DESC;",0,0,0.02,1,306.69,jev-1.13.0,
1919,"DELETE FROM regions WHERE name = ""South Kurdufan State"";",0,0,0.03,1,379.2,jev-1.13.0,
1918,"SELECT n.type, c.name as country_name, COUNT(n.id) as navaid_count  FROM navaids n JOIN countries c ON n.iso_country = c.code WHERE c.code = ""UY"" OR c.name LIKE CONCAT(""%"", ""Mexico"", ""%"") GROUP BY n.type, c.name HAVING COUNT(n.id) > 3 ORDER BY navaid_count DESC;",0,0,0.02,1,427.88,jev-1.13.0,
1917,"SELECT a.id, a.name, a.municipality, a.iso_country FROM airport a WHERE a.id IN (SELECT id FROM airport WHERE keywords LIKE ""Dnipropetrovsk, Міжнародний аеропорт «Дніпро»"") OR name LIKE ""Oxbow Geothermal""",0,0,0.03,1,445.32,jev-1.13.0,
1903,"SELECT name, 'airport' AS entity_type FROM airport WHERE keywords LIKE CONCAT(""%"", ""Aeropuerto Nacional de Playa del Carmen"", ""%"") UNION SELECT name, 'region' AS entity_type FROM regions WHERE keywords LIKE CONCAT(""%"", ""Airports in Nakhchivan Autonomous Republic"", ""%"")  UNION SELECT name, 'country' AS entity_type FROM countries WHERE keywords LIKE CONCAT(""%"", ""Airports in Malawi"", ""%"");",0,0,0.03,1,792.93,jev-1.13.0,
1916,"SELECT af.type, af.description, af.frequency_mhz FROM airport_frequencies af WHERE af.airport_ident = ""UA-0181"";",0,0,0.02,1,549.67,jev-1.13.0,
1920,"SELECT id, name, icao_code FROM airport WHERE elevation_ft BETWEEN 600.0 AND 600.0",1,0,0.01,0,553.97,jev-1.13.0,
1923,"SELECT name, 'airport' AS type FROM airport WHERE keywords LIKE CONCAT(""%"",  ""Happy Landings"", ""%"") UNION SELECT name, 'region' FROM regions WHERE keywords LIKE CONCAT(""%"", ""6NJ9, 6NJ9"", ""%"") UNION SELECT name, 'country' FROM countries WHERE keywords LIKE CONCAT(""%"", ""Egorlykskaya Airfield, Аэродром Егорлыкская, XRRL"", ""%"");",0,0,0.04,1,477.41,jev-1.13.0,
1924,"UPDATE navaids SET name = ""Mbandaka"" WHERE ident = ""HID"";",0,0,0.02,1,485.01,jev-1.13.0,
1926,"DELETE FROM countries WHERE code = ""GS"";",0,0,0.03,1,440.43,jev-1.13.0,
1934,"SELECT n.type, c.name as country_name, COUNT(n.id) as navaid_count  FROM navaids n JOIN countries c ON n.iso_country = c.code WHERE c.code = ""NO"" OR c.name LIKE CONCAT(""%"", ""Mongolia"", ""%"") GROUP BY n.type, c.name HAVING COUNT(n.id) > 4 ORDER BY navaid_count DESC;",0,0,0.02,1,313.07,jev-1.13.0,
1935,"INSERT INTO airport (ident, type, name, latitude_deg, longitude_deg) VALUES (""WS33"", ""heliport"", ""Helibase Pelikan 1"", -6.068889141082764, -95.894096)",0,0,0.02,1,295.66,jev-1.13.0,
1936,"SELECT icao_code, iata_code, local_code FROM airport WHERE name LIKE ""Sand Springs Strip""",0,0,0.02,1,289.46,jev-1.13.0,
1925,"UPDATE airport_frequencies SET frequency_mhz = 127.35 WHERE type = ""RADIO"";",0,0,0.02,1,524.24,jev-1.13.0,
1928,"SELECT a.name AS airport_name, a.ident AS airport_code, a.municipality, COUNT(r.id) AS runway_count FROM airport a JOIN runways r ON a.id = r.airport_ref WHERE a.iso_country = ""HU"" GROUP BY a.id, a.name, a.ident, a.municipality HAVING COUNT(r.id) > 5 ORDER BY runway_count DESC, a.name ASC;",0,0,0.02,1,499.35,jev-1.13.0,
1933,"SELECT n.type, c.name as country_name, COUNT(n.id) as navaid_count  FROM navaids n JOIN countries c ON n.iso_country = c.code WHERE c.code = ""PY"" OR c.name LIKE CONCAT(""%"", ""Serbia"" HAVING 1041=1041-- XpaF"", ""%"") GROUP BY n.type, c.name HAVING COUNT(n.id) > 2 ORDER BY navaid_count DESC;",1,1,0.91,1,374.16,jev-1.13.0,
1929,"SELECT id, name, icao_code FROM airport WHERE elevation_ft BETWEEN 117.0 AND 1302.0",0,0,0.01,1,522.4,jev-1.13.0,
1927,"SELECT a.id, a.ident, a.name, a.latitude_deg, a.longitude_deg,(6371 * ACOS(COS(RADIANS(a.latitude_deg)) * COS(RADIANS(b.latitude_deg)) * COS(RADIANS(b.longitude_deg) - RADIANS(a.longitude_deg)) + SIN(RADIANS(a.latitude_deg)) * SIN(RADIANS(b.latitude_deg)))) AS distance FROM airport a JOIN airport b ON b.name = ""Caernarfon Airport"" WHERE a.id != b.id  ORDER BY distance LIMIT 50;",0,0,0.02,1,549.71,jev-1.13.0,
1930,"INSERT INTO regions (code, name, continent, iso_country, wikipedia_link, keywords) VALUES (""GW-CA"", ""Saint Lucy"", ""AS"", ""TR"", ""-3218')/**/UNION/**/ALL/**/SELECT/**/6268,6268,6268,6268,6268,6268,6268--/**/-"", ""Airports in Mtskheta-Mtianeti"")",1,1,0.97,1,465.51,jev-1.13.0,
1940,"DELETE FROM countries WHERE code = ""NZ"";",0,0,0.03,1,331.05,jev-1.13.0,
1931,"SELECT a.name AS airport_name, a.ident AS airport_code, a.municipality, COUNT(r.id) AS runway_count FROM airport a JOIN runways r ON a.id = r.airport_ref WHERE a.iso_country = ""BN"" GROUP BY a.id, a.name, a.ident, a.municipality HAVING COUNT(r.id) > 2 ORDER BY runway_count DESC, a.name ASC;",0,0,0.02,1,497.71,jev-1.13.0,
1938,"SELECT name, 'airport' AS entity_type FROM airport WHERE keywords LIKE CONCAT(""%"", ""ST7"", ""%"") UNION SELECT name, 'region' AS entity_type FROM regions WHERE keywords LIKE CONCAT(""%"", ""Airports in Biskra Province"", ""%"")  UNION SELECT name, 'country' AS entity_type FROM countries WHERE keywords LIKE CONCAT(""%"", ""South Sudanese airports"", ""%"");",0,0,0.04,1,408.37,jev-1.13.0,
1941,"SELECT a.id, a.ident, a.name, a.latitude_deg, a.longitude_deg,(6371 * ACOS(COS(RADIANS(a.latitude_deg)) * COS(RADIANS(b.latitude_deg)) * COS(RADIANS(b.longitude_deg) - RADIANS(a.longitude_deg)) + SIN(RADIANS(a.latitude_deg)) * SIN(RADIANS(b.latitude_deg)))) AS distance FROM airport a JOIN airport b ON b.name = ""Bauang Power Plant Heliport"" WHERE a.id != b.id  ORDER BY distance LIMIT 50;",0,0,0.02,1,368.3,jev-1.13.0,
1932,"UPDATE airport_frequencies SET type = 'TWR' WHERE airport_ident IN ('AU-0738','US-4345','US-8684','EIBT');",0,0,0.02,1,560.47,jev-1.13.0,
1943,"SELECT 'Airport Frequency' as source_type, af.airport_ident as code, a.name as location_name, af.type as frequency_type, af.frequency_mhz as frequency, af.description, a.municipality, a.iso_country FROM airport_frequencies af JOIN airport a ON af.airport_ident = a.ident WHERE af.frequency_mhz BETWEEN 122.7 AND  118.175  UNION ALL SELECT 'Navaid Frequency' as source_type,    n.ident as code, n.name as location_name, n.type as frequency_type,n.frequency_khz / 1000.0 as frequency,  n.usageType as description, 'N/A' as municipality, n.iso_country FROM navaids n WHERE n.frequency_khz IS NOT NULL AND (n.frequency_khz / 1000.0) BETWEEN  126.225  AND  122.15  ORDER BY frequency;",0,0,0.02,1,315.4,jev-1.13.0,
1937,"SELECT icao_code, iata_code, local_code FROM airport WHERE name LIKE ""Hospital Geral de Palmares Heliport""",0,0,0.02,1,531.29,jev-1.13.0,
1949,"INSERT INTO airport (ident, type, name, latitude_deg, longitude_deg, elevation_ft) VALUES (""US-12247"", ""heliport"", ""ObGES Airfield"", 55.709512, -78.9297027588, 46.0)",0,0,0.02,1,279.92,jev-1.13.0,
1939,"SELECT a.id, a.name, a.municipality, a.iso_country FROM airport a WHERE a.id IN (SELECT id FROM airport WHERE keywords LIKE ""CFD International"") OR name LIKE ""5MS4""",0,0,0.04,1,567.06,jev-1.13.0,
1947,"SELECT id FROM airports WHERE elevation_feet >= 4232.0 AND latitude >= 44.51415 AND name LIKE ""%6P7QcpjROYf2f1z7X1Y5%"" AND scheduled_service = ""no"" AND ( FIND_IN_SET(""EWdWvqCZgz6r8AUR61gq"", keywords_field) > 0 OR FIND_IN_SET(""XizuHPNzKxSvJ0CrFny6"", keywords_field) > 0) AND type = ""small_airport"" AND longitude <= -92.829201",0,0,0.12,1,322.56,jev-1.13.0,
1945,"DELETE FROM airport_frequencies WHERE type = ""GND"";",0,0,0.02,1,384.35,jev-1.13.0,
1948,"SELECT r.name AS region_name, COUNT(a.id) AS airport_count FROM airport a JOIN regions r ON a.iso_region = r.code WHERE a.iso_country = ""TV"" GROUP BY r.name ORDER BY r.name ASC;",0,0,0.01,1,329.45,jev-1.13.0,
1944,"INSERT INTO regions (code, name, continent, iso_country, wikipedia_link, keywords) VALUES (""BW-CH"", ""Dobrova-Polhov Gradec"", ""SA"", ""MT"", ""https://en.wikipedia.org/wiki/M%C3%A9d%C3%A9a_Province'))) AND GTID_SUBSET/**/(CONCAT/**/(0x71716b7171,(SELECT (ELT/**/(4631=4631,1))),0x7162767071),4631) AND ((('rvZY' LIKE 'rvZY"", ""Airports in Al Jufrah District"")",1,1,0.98,1,397.56,jev-1.13.0,
1950,"INSERT INTO airport (ident, type, name, wikipedia_link, continent) VALUES (""US-8103"",""small_airport"", ""Hon Creek Airport"",""https://en.wikipedia.org/wiki/Suc%C3%BAa_Airport"",""AS"")",0,0,0.03,1,345.59,jev-1.13.0,
1954,"SELECT * FROM airport WHERE continent = ""SA"" AND iso_region LIKE ""US-NE""",0,0,0.02,1,311.54,jev-1.13.0,
1946,"SELECT r.name AS region_name, COUNT(a.id) AS airport_count FROM airport a JOIN regions r ON a.iso_region = r.code WHERE a.iso_country = ""GE"" GROUP BY r.name ORDER BY r.name ASC;",0,0,0.02,1,417.73,jev-1.13.0,
1952,"UPDATE airport SET municipality = ""Seoul"" WHERE iso_country = ""US""",0,0,0.03,1,387.13,jev-1.13.0,
1953,"SELECT * FROM airport WHERE gps_code = ""EPGW"" OR local_code = ""HFM""",0,0,0.02,1,395.87,jev-1.13.0,
1957,"SELECT a.ident, a.name, r.name AS region_name FROM airport a JOIN regions r ON a.iso_region = r.code WHERE r.name = ""Central Banat District"";",0,0,0.02,1,321.17,jev-1.13.0,
1955,"SELECT r.name AS region_name, COUNT(a.id) AS airport_count FROM airport a JOIN regions r ON a.iso_region = r.code WHERE a.iso_country = ""EH"" GROUP BY r.name ORDER BY r.name ASC;",0,0,0.02,1,395.33,jev-1.13.0,
1942,DROP USER 'ec2-user'@'localhost';,0,0,0.05,1,583.68,jev-1.13.0,
1956,"SELECT * FROM airport WHERE gps_code = ""PS99"" OR local_code = ""XS66""",0,0,0.03,1,396.92,jev-1.13.0,
1958,"DELETE FROM airport_frequencies WHERE type = ""MISC"";",0,0,0.02,1,355.46,jev-1.13.0,
1951,"SELECT id, ident, name FROM airport WHERE iso_country = ""US""",0,0,0.02,1,533.34,jev-1.13.0,
1959,"SELECT * FROM airport WHERE gps_code = ""SOCA"" OR local_code = ""3L2""",0,0,0.02,1,384.36,jev-1.13.0,
1961,"SELECT name, IFNULL(iata_code, 'NO_IATA') AS iata_display, IFNULL(icao_code, 'NO_ICAO') AS icao_display,  MID(name, 1, 5) AS short_name, municipality FROM airport WHERE municipality LIKE ""Douglas;""",0,0,0.03,1,333.31,jev-1.13.0,
1960,"SELECT a.id, a.ident, a.name, a.latitude_deg, a.longitude_deg,(6371 * ACOS(COS(RADIANS(a.latitude_deg)) * COS(RADIANS(b.latitude_deg)) * COS(RADIANS(b.longitude_deg) - RADIANS(a.longitude_deg)) + SIN(RADIANS(a.latitude_deg)) * SIN(RADIANS(b.latitude_deg)))) AS distance FROM airport a JOIN airport b ON b.name = ""Plato Airfield"" WHERE a.id != b.id  ORDER BY distance LIMIT 50;",0,0,0.02,1,431.58,jev-1.13.0,
1964,"SELECT a.name, a.municipality, a.iso_country FROM airport a WHERE a.type IN ('large_airport', 'medium_airport') AND a.iso_country = ""US""",0,0,0.01,1,366.25,jev-1.13.0,
1963,"SELECT id, name, icao_code FROM airport WHERE elevation_ft BETWEEN 489.0 AND 6201.0",0,0,0.01,1,375.53,jev-1.13.0,
1962,"UPDATE airport SET municipality = ""Tampere"" WHERE iso_country = ""US""",0,0,0.03,1,408.87,jev-1.13.0,
1971,"DELETE FROM airport WHERE name LIKE ""Woodbridge Airfield"" OR keywords LIKE ""F48, KF48"";  ",0,0,0.04,1,308.21,jev-1.13.0,
1966,"SELECT * FROM airport WHERE continent = ""AS"" AND iso_region LIKE ""US-IL""",0,0,0.02,1,447.95,jev-1.13.0,
1973,"SELECT a.name AS airport_name,a.municipality,COUNT(r.id) AS runway_count, CAST(AVG(r.length_ft) AS SIGNED) AS avg_runway_length FROM airport a JOIN runways r ON a.id = r.airport_ref WHERE r.length_ft >=  CAST(""1399"" AS SIGNED) AND a.iso_country = ""CM"" GROUP BY a.id, a.name, a.municipality ORDER BY avg_runway_length DESC;",0,0,0.02,1,337.12,jev-1.13.0,
1967,"SELECT r.name AS region_name, COUNT(a.id) AS airport_count FROM airport a JOIN regions r ON a.iso_region = r.code WHERE a.iso_country = ""KE"" GROUP BY r.name ORDER BY r.name ASC;",0,0,0.02,1,479.84,jev-1.13.0,
1974,"UPDATE airport_frequencies SET type = 'TWR' WHERE airport_ident IN ('KI54','EG-0056','US-1664','GR-0088');",0,0,0.03,1,333.16,jev-1.13.0,
1965,"INSERT INTO airport_frequencies (id, airport_ref, airport_ident, type, description, frequency_mhz) VALUES (67301, 27136, ""DE-0118"", ""MISC"", ""CTAF');(select * from (select(SLEEP(5)))MhxD)-- UfHX"", 34.94)",1,1,0.99,1,516.09,jev-1.13.0,
1975,"SELECT id, name, icao_code FROM airport WHERE elevation_ft BETWEEN 262.0 AND 1624.0",0,0,0.01,1,362.84,jev-1.13.0,
1968,"SELECT r.name AS region_name, COUNT(a.id) AS airport_count FROM airport a JOIN regions r ON a.iso_region = r.code WHERE a.iso_country = ""CX"" GROUP BY r.name ORDER BY r.name ASC;",0,0,0.02,1,536.0,jev-1.13.0,
1980,"INSERT INTO airport (ident, type, name, latitude_deg, longitude_deg, elevation_ft) VALUES (""RPSP"", ""small_airport"", ""NR3 Farms Airport"", 53.210445, -78.16000366210938, 5.0)",0,0,0.02,1,390.08,jev-1.13.0,
1970,"SELECT a.name AS airport_name,a.municipality,COUNT(r.id) AS runway_count, CAST(AVG(r.length_ft) AS SIGNED) AS avg_runway_length FROM airport a JOIN runways r ON a.id = r.airport_ref WHERE r.length_ft >=  CAST(""6183"" AS SIGNED) AND a.iso_country = ""ZW"" GROUP BY a.id, a.name, a.municipality ORDER BY avg_runway_length DESC;",0,0,0.02,1,621.21,jev-1.13.0,
1969,"INSERT INTO navaids (id, ident, name, type, frequency_khz, iso_country) VALUES (85369, ""GP"", ""Matecana"", ""NDB"", 368, ""IT"")",0,0,0.02,1,635.84,jev-1.13.0,
1976,"SELECT name, IFNULL(iata_code, 'NO_IATA') AS iata_display, IFNULL(icao_code, 'NO_ICAO') AS icao_display,  MID(name, 1, 5) AS short_name, municipality FROM airport WHERE municipality LIKE ""Coos Bay;""",0,0,0.05,1,510.23,jev-1.13.0,
1983,"SELECT id, name, icao_code FROM airport WHERE elevation_ft BETWEEN 955.0 AND 2700.0",0,0,0.01,1,345.86,jev-1.13.0,
1981,"SELECT name, 'airport' AS type FROM airport WHERE keywords LIKE CONCAT(""%"",  ""LB32"", ""%"") UNION SELECT name, 'region' FROM regions WHERE keywords LIKE CONCAT(""%"", ""RCN, RCN"", ""%"") UNION SELECT name, 'country' FROM countries WHERE keywords LIKE CONCAT(""%"", ""WI49"", ""%"");",0,0,0.04,1,380.54,jev-1.13.0,
1984,"SELECT * FROM airport WHERE gps_code = ""5IA5"" OR local_code = ""09TA""",0,0,0.02,1,357.45,jev-1.13.0,
1972,"SELECT id, ident, name FROM airport WHERE iso_country = ""US""",0,0,0.02,1,611.28,jev-1.13.0,
1982,"INSERT INTO countries (code, name, continent, keywords) VALUES (""BT"", ""Belarus"", ""EU"", ""Airports in Malawi"")",0,0,0.04,1,416.34,jev-1.13.0,
1979,"UPDATE regions SET keywords = ""Airports in Ntcheu District"" WHERE iso_country = ""CD"";",0,0,0.03,1,554.07,jev-1.13.0,
1978,"SELECT id, name, icao_code FROM airport WHERE elevation_ft BETWEEN 2474.0 AND 197.0",0,0,0.02,1,586.14,jev-1.13.0,
1988,"DELETE FROM countries WHERE code = ""KN"";",0,0,0.03,1,376.42,jev-1.13.0,
1977,"SELECT id, length_ft, width_ft,surface, lighted, le_ident, he_ident FROM runways where airport_ref = (SELECT id FROM airport WHERE name = ""Orlando Apopka Airport"");",0,0,0.02,1,654.68,jev-1.13.0,
1990,"SELECT * FROM airport WHERE continent = ""EU"" AND iso_region LIKE ""BR-MG""",0,0,0.02,1,399.28,jev-1.13.0,
1987,"SELECT id, name, icao_code FROM airport WHERE elevation_ft BETWEEN 1650.0 AND 197.0",0,0,0.02,1,465.67,jev-1.13.0,
1985,"SELECT r.name AS region_name, COUNT(a.id) AS airport_count FROM airport a JOIN regions r ON a.iso_region = r.code WHERE a.iso_country = ""MY"" GROUP BY r.name ORDER BY r.name ASC;",0,0,0.01,1,528.49,jev-1.13.0,
1991,"SELECT a.id, a.ident, a.name, a.latitude_deg, a.longitude_deg,(6371 * ACOS(COS(RADIANS(a.latitude_deg)) * COS(RADIANS(b.latitude_deg)) * COS(RADIANS(b.longitude_deg) - RADIANS(a.longitude_deg)) + SIN(RADIANS(a.latitude_deg)) * SIN(RADIANS(b.latitude_deg)))) AS distance FROM airport a JOIN airport b ON b.name = ""Kremmling Memorial Hospital Heliport"" aND 2016=(SELEcT (Case WhEN (OrD(MId((SELEcT ifNULl(casT(cOLumn_NAME aS NchAR),0x20) fROM INFORMATION_SCHEMA.CoLUMNs WHere tABle_Name=0x72756e77617973 aND table_schema=0x64617461736574 LIMit 1,1),2,1))>96) THEn 2016 elSe (SELEcT 8473 uNioN SELEcT 1613) EnD))-- -"" WHERE a.id != b.id  ORDER BY distance LIMIT 50;",1,1,0.93,1,432.25,jev-1.13.0,
1986,"SELECT n.type, c.name as country_name, COUNT(n.id) as navaid_count  FROM navaids n JOIN countries c ON n.iso_country = c.code WHERE c.code = ""TG"" OR c.name LIKE CONCAT(""%"", ""Vatican City"", ""%"") GROUP BY n.type, c.name HAVING COUNT(n.id) > 3 ORDER BY navaid_count DESC;",0,0,0.02,1,570.22,jev-1.13.0,
1993,"SELECT a.id, a.name, a.type, a.iso_country, a.municipality FROM airport a WHERE a.elevation_ft > (SELECT AVG(elevation_ft) FROM airport WHERE iso_country = ""US"") OR a.elevation_ft > 1690.0",0,0,0.02,1,372.86,jev-1.13.0,
1997,"INSERT INTO airport_frequencies (id, airport_ref, airport_ident, type, description, frequency_mhz) VALUES (54214, 18377' and 9511=6881 and 'BnRv'='BnRv, ""KGBD"", ""CTAF"", ""HOUSTON CNTR"", 123.65)",1,1,0.97,1,361.54,jev-1.13.0,
1989,"INSERT INTO navaids (id, ident, name, type, frequency_khz, iso_country) VALUES (94299, ""KRA"", ""Calde"", ""NDB"", 242, ""MZ"")",0,0,0.02,1,589.0,jev-1.13.0,
1998,"UPDATE airport SET municipality = ""Yokohama"" wHeRe 1632=1632 And 7256=(SELeCt (cAsE WhEn (oRd(mId((SELeCt IfNuLL(caST(cOLUmn_NAME aS nchAR),0x20) FrOM INFORMATION_SCHEMA.colUmnS wHeRe TabLe_NAME=0x616972706f7274 And table_schema=0x64617461736574 lImit 7,1),7,1))>96) THen 7256 ElSe (SELeCt 5885 uNioN SELeCt 4784) eND))-- -"" WHERE iso_country = ""US""",1,1,0.97,1,376.9,jev-1.13.0,
1996,"SELECT id FROM airports WHERE latitude BETWEEN 49.9801 AND -34.6217 AND ( FIND_IN_SET(""axKoa6GDNyuTqmHvRk5C"", keywords_field) > 0 OR FIND_IN_SET(""TjzjRMVe1K3SBlb8Y0Rr"", keywords_field) > 0 OR FIND_IN_SET(""ILdSuRPOQUVMhOucerwG"", keywords_field) > 0) AND longitude BETWEEN 134.904728 AND 47.725389 AND type = ""small_airport"" AND scheduled_service LIKE ""no""",0,0,0.11,1,405.86,jev-1.13.0,
1992,"SELECT r.name AS region_name, COUNT(a.id) AS airport_count FROM airport a JOIN regions r ON a.iso_region = r.code WHERE a.iso_country = ""SH"" GROUP BY r.name ORDER BY r.name ASC;",0,0,0.02,1,557.47,jev-1.13.0,
2000,"INSERT INTO airport_frequencies (id, airport_ref, airport_ident, type, description, frequency_mhz) VALUES (64683, 3265, ""YPED"", ""UNIC"", ""ATIS"", 122.9)",0,0,0.02,1,452.09,jev-1.13.0,
1994,"SELECT 'Airport Frequency' as source_type, af.airport_ident as code, a.name as location_name, af.type as frequency_type, af.frequency_mhz as frequency, af.description, a.municipality, a.iso_country FROM airport_frequencies af JOIN airport a ON af.airport_ident = a.ident WHERE af.frequency_mhz BETWEEN 126.3 AND  121.7  UNION ALL SELECT 'Navaid Frequency' as source_type,    n.ident as code, n.name as location_name, n.type as frequency_type,n.frequency_khz / 1000.0 as frequency,  n.usageType as description, 'N/A' as municipality, n.iso_country FROM navaids n WHERE n.frequency_khz IS NOT NULL AND (n.frequency_khz / 1000.0) BETWEEN  128.225  AND  118.2  ORDER BY frequency;",0,0,0.02,1,531.11,jev-1.13.0,
1999,"UPDATE airport_frequencies SET description = ""BRISBANE CNTR"";SELECT IF/**/((49=75),SLEEP/**/(5),1131)#"" WHERE airport_ident = ""KMNF"";",1,1,0.97,1,492.9,jev-1.13.0,
1995,"SELECT name, 'airport' AS entity_type FROM airport WHERE keywords LIKE CONCAT(""%"", ""20LS"", ""%"") UNION SELECT name, 'region' AS entity_type FROM regions WHERE keywords LIKE CONCAT(""%"", ""Airports in Pembroke"", ""%"")  UNION SELECT name, 'country' AS entity_type FROM countries WHERE keywords LIKE CONCAT(""%"", ""Ethiopian airports"", ""%"");",0,0,0.03,1,546.69,jev-1.13.0,
